key,mol_id,en_id
CHEMBL100::en0_A12:S;A19:S,CHEMBL100,0
CHEMBL100::en1_A12:R;A19:S,CHEMBL100,1
CHEMBL100::en2_A12:S;A19:R,CHEMBL100,2
CHEMBL100::en3_A12:R;A19:R,CHEMBL100,3
CHEMBL1002::en0_A6:R,CHEMBL1002,0
CHEMBL1002::en1_A6:S,CHEMBL1002,1
CHEMBL100259::en0_A5:R;A7:R;A10:R;A12:S,CHEMBL100259,0
CHEMBL100259::en1_A5:S;A7:R;A10:R;A12:S,CHEMBL100259,1
CHEMBL100259::en2_A5:R;A7:S;A10:R;A12:S,CHEMBL100259,2
CHEMBL100259::en3_A5:S;A7:S;A10:R;A12:S,CHEMBL100259,3
CHEMBL100259::en4_A5:R;A7:R;A10:S;A12:S,CHEMBL100259,4
CHEMBL1009::en0_A1:R,CHEMBL1009,0
CHEMBL1009::en1_A1:S,CHEMBL1009,1
CHEMBL1013::en0_A1:S;A5:S;A17:R,CHEMBL1013,0
CHEMBL1013::en1_A1:R;A5:S;A17:R,CHEMBL1013,1
CHEMBL1013::en2_A1:S;A5:R;A17:R,CHEMBL1013,2
CHEMBL1013::en3_A1:R;A5:R;A17:R,CHEMBL1013,3
CHEMBL1013::en4_A1:S;A5:S;A17:S,CHEMBL1013,4
CHEMBL10188::en0_A2:S,CHEMBL10188,0
CHEMBL10188::en1_A2:R,CHEMBL10188,1
CHEMBL1027::en0_A14:S,CHEMBL1027,0
CHEMBL1027::en1_A14:R,CHEMBL1027,1
CHEMBL1029::en0_A6:S;A8:S;A10:R;A12:S,CHEMBL1029,0
CHEMBL1029::en1_A6:R;A8:S;A10:R;A12:S,CHEMBL1029,1
CHEMBL1029::en2_A6:S;A8:R;A10:R;A12:S,CHEMBL1029,2
CHEMBL1029::en3_A6:R;A8:R;A10:R;A12:S,CHEMBL1029,3
CHEMBL1029::en4_A6:S;A8:S;A10:S;A12:S,CHEMBL1029,4
CHEMBL103::en0_A3:R;A6:R;A7:S;A16:R;A18:R;A21:S,CHEMBL103,0
CHEMBL103::en1_A3:S;A6:R;A7:S;A16:R;A18:R;A21:S,CHEMBL103,1
CHEMBL103::en2_A3:R;A6:S;A7:S;A16:R;A18:R;A21:S,CHEMBL103,2
CHEMBL103::en3_A3:S;A6:S;A7:S;A16:R;A18:R;A21:S,CHEMBL103,3
CHEMBL103::en4_A3:R;A6:R;A7:R;A16:R;A18:R;A21:S,CHEMBL103,4
CHEMBL105::en0_A2:S;A3:S;A21:R;A23:R,CHEMBL105,0
CHEMBL1050::en0_A9:R;A10:S;A13:S;A23:R;A26:S,CHEMBL1050,0
CHEMBL1050::en1_A9:S;A10:S;A13:S;A23:R;A26:S,CHEMBL1050,1
CHEMBL1050::en2_A9:R;A10:R;A13:S;A23:R;A26:S,CHEMBL1050,2
CHEMBL1050::en3_A9:S;A10:R;A13:S;A23:R;A26:S,CHEMBL1050,3
CHEMBL1050::en4_A9:R;A10:S;A13:R;A23:R;A26:S,CHEMBL1050,4
CHEMBL105060::en0_A18:S;A24:R,CHEMBL105060,0
CHEMBL105060::en1_A18:R;A24:R,CHEMBL105060,1
CHEMBL105060::en2_A18:S;A24:S,CHEMBL105060,2
CHEMBL105060::en3_A18:R;A24:S,CHEMBL105060,3
CHEMBL105060::en4_A18:S;A24:R,CHEMBL105060,4
CHEMBL1051::en0_A12:R;A13:S;A16:S;A26:R;A29:S,CHEMBL1051,0
CHEMBL1051::en1_A12:S;A13:S;A16:S;A26:R;A29:S,CHEMBL1051,1
CHEMBL1051::en2_A12:R;A13:R;A16:S;A26:R;A29:S,CHEMBL1051,2
CHEMBL1051::en3_A12:S;A13:R;A16:S;A26:R;A29:S,CHEMBL1051,3
CHEMBL1051::en4_A12:R;A13:S;A16:R;A26:R;A29:S,CHEMBL1051,4
CHEMBL105318::en0_A4:S;A6:S;A8:S,CHEMBL105318,0
CHEMBL105318::en1_A4:R;A6:S;A8:S,CHEMBL105318,1
CHEMBL105318::en2_A4:S;A6:R;A8:S,CHEMBL105318,2
CHEMBL105318::en3_A4:R;A6:R;A8:S,CHEMBL105318,3
CHEMBL105318::en4_A4:S;A6:S;A8:R,CHEMBL105318,4
CHEMBL1062::en0_A3:S;A7:R;A8:R;A17:R;A19:R;A22:S,CHEMBL1062,0
CHEMBL1062::en1_A3:R;A7:R;A8:R;A17:R;A19:R;A22:S,CHEMBL1062,1
CHEMBL1062::en2_A3:S;A7:S;A8:R;A17:R;A19:R;A22:S,CHEMBL1062,2
CHEMBL1062::en3_A3:R;A7:S;A8:R;A17:R;A19:R;A22:S,CHEMBL1062,3
CHEMBL1062::en4_A3:S;A7:R;A8:S;A17:R;A19:R;A22:S,CHEMBL1062,4
CHEMBL1064::en0_A8:R;A10:S;A16:S;A18:S;A21:R;A23:S;A29:S,CHEMBL1064,0
CHEMBL1064::en1_A8:S;A10:S;A16:S;A18:S;A21:R;A23:S;A29:S,CHEMBL1064,1
CHEMBL1064::en2_A8:R;A10:R;A16:S;A18:S;A21:R;A23:S;A29:S,CHEMBL1064,2
CHEMBL1064::en3_A8:S;A10:R;A16:S;A18:S;A21:R;A23:S;A29:S,CHEMBL1064,3
CHEMBL1064::en4_A8:R;A10:S;A16:R;A18:S;A21:R;A23:S;A29:S,CHEMBL1064,4
CHEMBL1069::en0_A25:S,CHEMBL1069,0
CHEMBL1069::en1_A25:R,CHEMBL1069,1
CHEMBL107367::en0_A20:S,CHEMBL107367,0
CHEMBL107367::en1_A20:R,CHEMBL107367,1
CHEMBL1075790::en0_A2:S;A3:S;A5:R;A7:S;A10:S;A13:R;A16:S;A17:S;A20:S;A22:R;A31:S;A35:R;A37:S,CHEMBL1075790,0
CHEMBL1075790::en1_A2:S;A3:R;A5:S;A7:S;A10:R;A13:S;A16:S;A17:S;A20:R;A22:R;A31:R;A35:R;A37:R,CHEMBL1075790,1
CHEMBL1075790::en2_A2:R;A3:R;A5:S;A7:S;A10:R;A13:S;A16:R;A17:S;A20:S;A22:R;A31:S;A35:S;A37:R,CHEMBL1075790,2
CHEMBL1075790::en3_A2:S;A3:R;A5:S;A7:S;A10:S;A13:S;A16:S;A17:R;A20:S;A22:R;A31:R;A35:S;A37:S,CHEMBL1075790,3
CHEMBL1075790::en4_A2:R;A3:R;A5:R;A7:R;A10:R;A13:S;A16:R;A17:S;A20:R;A22:S;A31:R;A35:S;A37:R,CHEMBL1075790,4
CHEMBL1076263::en0_A19:R;A20:S;A23:R;A25:S,CHEMBL1076263,0
CHEMBL1076263::en1_A19:S;A20:S;A23:R;A25:S,CHEMBL1076263,1
CHEMBL1076263::en2_A19:R;A20:R;A23:S;A25:S,CHEMBL1076263,2
CHEMBL1076903::en0_A10:S;A14:R,CHEMBL1076903,0
CHEMBL107747::en0_A6:S;A10:R,CHEMBL107747,0
CHEMBL107747::en1_A6:R;A10:R,CHEMBL107747,1
CHEMBL107747::en2_A6:S;A10:S,CHEMBL107747,2
CHEMBL107747::en3_A6:R;A10:S,CHEMBL107747,3
CHEMBL1079446::en0_A1:R;A4:S;A10:R;A11:S;A14:R;A16:R;A19:S,CHEMBL1079446,0
CHEMBL1079446::en1_A1:S;A4:S;A10:R;A11:S;A14:R;A16:R;A19:S,CHEMBL1079446,1
CHEMBL1079446::en2_A1:R;A4:R;A10:R;A11:S;A14:R;A16:R;A19:S,CHEMBL1079446,2
CHEMBL1079446::en3_A1:S;A4:R;A10:R;A11:S;A14:R;A16:R;A19:S,CHEMBL1079446,3
CHEMBL1079446::en4_A1:R;A4:S;A10:S;A11:S;A14:R;A16:R;A19:S,CHEMBL1079446,4
CHEMBL1079593::en0_A20:R,CHEMBL1079593,0
CHEMBL1079593::en1_A20:S,CHEMBL1079593,1
CHEMBL1080884::en0_A7:S,CHEMBL1080884,0
CHEMBL1080884::en1_A7:R,CHEMBL1080884,1
CHEMBL1082::en0_A4:R;A5:R;A9:R;A21:R,CHEMBL1082,0
CHEMBL1082::en1_A4:S;A5:R;A9:R;A21:R,CHEMBL1082,1
CHEMBL1082::en2_A4:R;A5:S;A9:R;A21:R,CHEMBL1082,2
CHEMBL1082::en3_A4:S;A5:S;A9:R;A21:R,CHEMBL1082,3
CHEMBL1082::en4_A4:R;A5:R;A9:S;A21:R,CHEMBL1082,4
CHEMBL1082462::en0_A17:R;A20:R,CHEMBL1082462,0
CHEMBL1082462::en1_A17:S;A20:R,CHEMBL1082462,1
CHEMBL1082462::en2_A17:R;A20:S,CHEMBL1082462,2
CHEMBL1082462::en3_A17:S;A20:S,CHEMBL1082462,3
CHEMBL1082508::en0_A5:R,CHEMBL1082508,0
CHEMBL1082508::en1_A5:S,CHEMBL1082508,1
CHEMBL108358::en0_A7:R;A9:R;A12:R;A14:S,CHEMBL108358,0
CHEMBL108358::en1_A7:S;A9:R;A12:R;A14:S,CHEMBL108358,1
CHEMBL108358::en2_A7:R;A9:S;A12:R;A14:S,CHEMBL108358,2
CHEMBL108358::en3_A7:S;A9:S;A12:R;A14:S,CHEMBL108358,3
CHEMBL108358::en4_A7:R;A9:R;A12:S;A14:S,CHEMBL108358,4
CHEMBL1083659::en0_A29:S,CHEMBL1083659,0
CHEMBL1083659::en1_A29:R,CHEMBL1083659,1
CHEMBL1084173::en0_A5:R;A7:R;A8:S;A11:S;A16:R;A22:S;A26:R;A28:S;A31:R,CHEMBL1084173,0
CHEMBL1084173::en1_A14:S;A15:S;A16:S;A22:R;A26:R,CHEMBL1084173,1
CHEMBL1084173::en2_A1:S;A11:R;A12:R;A13:R;A14:R;A22:S;A26:R;A27:S;A28:S;A45:S,CHEMBL1084173,2
CHEMBL1084173::en3_A8:R;A9:R;A12:S;A13:R;A14:S;A21:S;A22:R;A24:R;A45:R,CHEMBL1084173,3
CHEMBL1086863::en0_A2:S;A4:S;A6:R;A8:R;A10:S,CHEMBL1086863,0
CHEMBL1086863::en1_A2:R;A4:S;A6:R;A8:R;A10:S,CHEMBL1086863,1
CHEMBL1086863::en2_A2:S;A4:R;A6:R;A8:R;A10:S,CHEMBL1086863,2
CHEMBL1086863::en3_A2:R;A4:R;A6:R;A8:R;A10:S,CHEMBL1086863,3
CHEMBL1086863::en4_A2:S;A4:S;A6:S;A8:R;A10:S,CHEMBL1086863,4
CHEMBL1086997::en0_A6:S;A8:S;A10:R;A12:S,CHEMBL1086997,0
CHEMBL1086997::en1_A6:R;A8:S;A10:R;A12:S,CHEMBL1086997,1
CHEMBL1086997::en2_A6:S;A8:R;A10:R;A12:S,CHEMBL1086997,2
CHEMBL1086997::en3_A6:R;A8:R;A10:R;A12:S,CHEMBL1086997,3
CHEMBL1086997::en4_A6:S;A8:S;A10:S;A12:S,CHEMBL1086997,4
CHEMBL108821::en0_A1:S;A17:R;A19:S,CHEMBL108821,0
CHEMBL108821::en1_A1:R;A17:R;A19:S,CHEMBL108821,1
CHEMBL108821::en2_A1:S;A17:S;A19:S,CHEMBL108821,2
CHEMBL108821::en3_A1:R;A17:S;A19:S,CHEMBL108821,3
CHEMBL108821::en4_A1:S;A17:R;A19:R,CHEMBL108821,4
CHEMBL1089962::en0_A6:S;A8:R;A16:R;A18:S,CHEMBL1089962,0
CHEMBL1089962::en1_A6:R;A8:R;A16:R;A18:S,CHEMBL1089962,1
CHEMBL1089962::en2_A6:S;A8:S;A16:R;A18:S,CHEMBL1089962,2
CHEMBL1089962::en3_A6:R;A8:S;A16:R;A18:S,CHEMBL1089962,3
CHEMBL1089962::en4_A6:S;A8:R;A16:S;A18:S,CHEMBL1089962,4
CHEMBL1090::en0_A10:R;A12:R;A15:R;A17:S,CHEMBL1090,0
CHEMBL1090::en1_A10:S;A12:R;A15:R;A17:S,CHEMBL1090,1
CHEMBL1090::en2_A10:R;A12:S;A15:R;A17:S,CHEMBL1090,2
CHEMBL1090::en3_A10:S;A12:S;A15:R;A17:S,CHEMBL1090,3
CHEMBL1090::en4_A10:R;A12:R;A15:S;A17:S,CHEMBL1090,4
CHEMBL1090488::en0_A1:R;A6:S;A14:S;A24:S;A26:S,CHEMBL1090488,0
CHEMBL1090488::en1_A1:S;A6:S;A14:S;A24:S,CHEMBL1090488,1
CHEMBL1090488::en2_A1:R;A6:R;A14:S;A24:S;A26:R,CHEMBL1090488,2
CHEMBL1090488::en3_A1:S;A6:R;A14:S;A24:S,CHEMBL1090488,3
CHEMBL1090488::en4_A1:R;A6:S;A14:R;A24:S;A26:S,CHEMBL1090488,4
CHEMBL1090771::en0_A3:S,CHEMBL1090771,0
CHEMBL1090771::en1_A3:R,CHEMBL1090771,1
CHEMBL1091::en0_A7:S;A11:R;A12:S;A21:R;A23:R;A24:R;A27:S,CHEMBL1091,0
CHEMBL1091::en1_A7:R;A11:R;A12:S;A21:R;A23:R;A24:R;A27:S,CHEMBL1091,1
CHEMBL1091::en2_A7:S;A11:S;A12:S;A21:R;A23:R;A24:R;A27:S,CHEMBL1091,2
CHEMBL1091::en3_A7:R;A11:S;A12:S;A21:R;A23:R;A24:R;A27:S,CHEMBL1091,3
CHEMBL1091::en4_A7:S;A11:R;A12:R;A21:R;A23:R;A24:R;A27:S,CHEMBL1091,4
CHEMBL1091024::en0_A5:R;A10:R;A17:R;A22:S;A25:S;A29:R;A31:S;A33:S;A35:R;A37:S;A39:S;A45:S;A51:R;A54:R;A58:R;A60:S,CHEMBL1091024,0
CHEMBL1091024::en1_A5:S;A10:R;A17:R;A22:S;A25:S;A29:S;A31:R;A33:R;A35:S;A37:S;A39:R;A45:R;A51:S;A54:R;A58:S;A60:S,CHEMBL1091024,1
CHEMBL1091024::en2_A5:R;A10:S;A17:R;A22:R;A25:R;A29:R;A31:R;A33:S;A35:R;A37:S;A39:R;A45:R;A51:R;A54:S;A58:R;A60:S,CHEMBL1091024,2
CHEMBL1091024::en3_A5:R;A10:R;A17:S;A22:S;A25:R;A29:R;A31:R;A33:S;A35:S;A37:R;A39:R;A45:S;A51:R;A54:S;A58:S;A60:R,CHEMBL1091024,3
CHEMBL1091024::en4_A5:S;A10:S;A17:S;A22:R;A25:R;A29:S;A31:S;A33:S;A35:S;A37:S;A39:S;A45:R;A51:S;A54:R;A58:R;A60:R,CHEMBL1091024,4
CHEMBL1091644::en0_A1:R;A4:R,CHEMBL1091644,0
CHEMBL1091644::en1_A1:S;A4:S,CHEMBL1091644,1
CHEMBL1092665::en0_A14:R,CHEMBL1092665,0
CHEMBL1092665::en1_A14:S,CHEMBL1092665,1
CHEMBL1093059::en0_A5:S;A11:R;A13:R;A18:R;A29:R;A32:R;A34:S,CHEMBL1093059,0
CHEMBL1093059::en1_A5:R;A11:R;A13:R;A18:R;A29:R;A32:R;A34:S,CHEMBL1093059,1
CHEMBL1093059::en2_A5:S;A11:S;A13:R;A18:R;A29:R;A32:R;A34:S,CHEMBL1093059,2
CHEMBL1093059::en3_A5:R;A11:S;A13:R;A18:R;A29:R;A32:R;A34:S,CHEMBL1093059,3
CHEMBL1093059::en4_A5:S;A11:R;A13:S;A18:R;A29:R;A32:R;A34:S,CHEMBL1093059,4
CHEMBL1094636::en0_A14:S,CHEMBL1094636,0
CHEMBL1094636::en1_A14:R,CHEMBL1094636,1
CHEMBL1094785::en0_A7:S;A11:R,CHEMBL1094785,0
CHEMBL1094785::en1_A7:R;A11:R,CHEMBL1094785,1
CHEMBL1094785::en2_A7:S;A11:S,CHEMBL1094785,2
CHEMBL1094785::en3_A7:R;A11:S,CHEMBL1094785,3
CHEMBL109480::en0_A7:S;A10:S;A13:R;A15:R;A20:S;A25:R,CHEMBL109480,0
CHEMBL109480::en1_A7:R;A10:S;A13:R;A15:R;A20:S;A25:R,CHEMBL109480,1
CHEMBL109480::en2_A7:S;A10:R;A13:R;A15:R;A20:S;A25:R,CHEMBL109480,2
CHEMBL109480::en3_A7:R;A10:R;A13:R;A15:R;A20:S;A25:R,CHEMBL109480,3
CHEMBL109480::en4_A7:S;A10:S;A13:S;A15:R;A20:S;A25:R,CHEMBL109480,4
CHEMBL1095032::en0_A2:S,CHEMBL1095032,0
CHEMBL1095032::en1_A2:R,CHEMBL1095032,1
CHEMBL1095097::en0_A4:R;A12:S;A14:S;A16:R;A18:R;A20:R;A23:S;A29:R,CHEMBL1095097,0
CHEMBL1095097::en1_A4:S;A12:S;A14:S;A16:R;A18:R;A20:R;A23:S;A29:R,CHEMBL1095097,1
CHEMBL1095097::en2_A4:R;A12:R;A14:S;A16:R;A18:R;A20:R;A23:S;A29:R,CHEMBL1095097,2
CHEMBL1095097::en3_A4:S;A12:R;A14:S;A16:R;A18:R;A20:R;A23:S;A29:R,CHEMBL1095097,3
CHEMBL1095097::en4_A4:R;A12:S;A14:R;A16:R;A18:R;A20:R;A23:S;A29:R,CHEMBL1095097,4
CHEMBL1095283::en0_A4:R;A5:R;A9:R;A28:R,CHEMBL1095283,0
CHEMBL1095283::en1_A4:S;A5:R;A9:R;A28:R,CHEMBL1095283,1
CHEMBL1095283::en2_A4:R;A5:S;A9:R;A28:R,CHEMBL1095283,2
CHEMBL1095283::en3_A4:S;A5:S;A9:R;A28:R,CHEMBL1095283,3
CHEMBL1095283::en4_A4:R;A5:R;A9:S;A28:R,CHEMBL1095283,4
CHEMBL1095284::en0_A1:S;A5:R;A23:R,CHEMBL1095284,0
CHEMBL1095284::en1_A1:R;A5:R;A23:R,CHEMBL1095284,1
CHEMBL1095284::en2_A1:S;A5:S;A23:R,CHEMBL1095284,2
CHEMBL1095284::en3_A1:R;A5:S;A23:R,CHEMBL1095284,3
CHEMBL1095284::en4_A1:S;A5:R;A23:S,CHEMBL1095284,4
CHEMBL1095777::en0_A14:R,CHEMBL1095777,0
CHEMBL1095777::en1_A14:S,CHEMBL1095777,1
CHEMBL1095930::en0_A7:R;A15:R;A29:R,CHEMBL1095930,0
CHEMBL1095930::en1_A7:S;A15:R;A29:R,CHEMBL1095930,1
CHEMBL1095930::en2_A7:R;A15:S;A29:R,CHEMBL1095930,2
CHEMBL1095930::en3_A7:S;A15:S;A29:R,CHEMBL1095930,3
CHEMBL1095930::en4_A7:R;A15:R;A29:S,CHEMBL1095930,4
CHEMBL1096146::en0_A14:R,CHEMBL1096146,0
CHEMBL1096146::en1_A14:S,CHEMBL1096146,1
CHEMBL1096146::en2_A14:R,CHEMBL1096146,2
CHEMBL1096146::en3_A14:S,CHEMBL1096146,3
CHEMBL1096146::en4_A14:R,CHEMBL1096146,4
CHEMBL1096237::en0_A5:R;A8:R;A10:R;A12:S;A16:S;A24:S;A28:S;A30:R;A47:S;A49:R;A59:R,CHEMBL1096237,0
CHEMBL1096237::en1_A5:S;A8:S;A10:R;A12:R;A16:S;A24:R;A28:S;A30:R;A47:S;A49:S;A59:R,CHEMBL1096237,1
CHEMBL1096237::en2_A5:R;A8:R;A10:S;A12:R;A16:S;A24:S;A28:S;A30:S;A47:R;A49:R;A59:R,CHEMBL1096237,2
CHEMBL1096237::en3_A5:S;A8:S;A10:S;A12:S;A16:S;A24:R;A28:R;A30:R;A47:R;A49:S;A59:R,CHEMBL1096237,3
CHEMBL1096237::en4_A5:S;A8:S;A10:S;A12:S;A16:S;A24:R;A28:S;A30:S;A47:R;A49:R;A59:S,CHEMBL1096237,4
CHEMBL1096882::en0_A11:R;A13:R;A20:R;A22:S,CHEMBL1096882,0
CHEMBL1096882::en1_A11:S;A13:R;A20:R;A22:S,CHEMBL1096882,1
CHEMBL1096882::en2_A11:R;A13:S;A20:R;A22:S,CHEMBL1096882,2
CHEMBL1096882::en3_A11:S;A13:S;A20:R;A22:S,CHEMBL1096882,3
CHEMBL1096882::en4_A11:R;A13:R;A20:S;A22:S,CHEMBL1096882,4
CHEMBL1096885::en0_A10:S;A21:R;A23:S;A25:S;A33:S;A35:S,CHEMBL1096885,0
CHEMBL1096885::en1_A10:R;A21:R;A23:S;A25:S;A33:S;A35:S,CHEMBL1096885,1
CHEMBL1096885::en2_A10:S;A21:S;A23:S;A25:S;A33:S;A35:S,CHEMBL1096885,2
CHEMBL1096885::en3_A10:R;A21:S;A23:S;A25:S;A33:S;A35:S,CHEMBL1096885,3
CHEMBL1096885::en4_A10:S;A21:R;A23:R;A25:S;A33:S;A35:S,CHEMBL1096885,4
CHEMBL1096896::en0_A5:R;A7:S;A53:R;A55:S,CHEMBL1096896,0
CHEMBL1096896::en1_A5:S;A7:S;A53:R;A55:S,CHEMBL1096896,1
CHEMBL1096896::en2_A5:R;A7:R;A53:R;A55:S,CHEMBL1096896,2
CHEMBL1096896::en3_A5:S;A7:R;A53:R;A55:S,CHEMBL1096896,3
CHEMBL1096896::en4_A5:R;A7:S;A53:S;A55:S,CHEMBL1096896,4
CHEMBL1096927::en0_A6:S;A9:S,CHEMBL1096927,0
CHEMBL1096927::en1_A6:R;A9:S,CHEMBL1096927,1
CHEMBL1096927::en2_A6:S;A9:R,CHEMBL1096927,2
CHEMBL1096927::en3_A6:R;A9:R,CHEMBL1096927,3
CHEMBL1097615::en0_A6:R;A8:R;A11:R;A13:S,CHEMBL1097615,0
CHEMBL1097615::en1_A6:S;A8:R;A11:R;A13:S,CHEMBL1097615,1
CHEMBL1097615::en2_A6:R;A8:S;A11:R;A13:S,CHEMBL1097615,2
CHEMBL1097615::en3_A6:S;A8:S;A11:R;A13:S,CHEMBL1097615,3
CHEMBL1097615::en4_A6:R;A8:R;A11:S;A13:S,CHEMBL1097615,4
CHEMBL1097999::en0_A13:S;A15:S;A21:S;A23:S,CHEMBL1097999,0
CHEMBL1097999::en1_A13:R;A15:S;A21:S;A23:S,CHEMBL1097999,1
CHEMBL1097999::en2_A13:S;A15:R;A21:S;A23:S,CHEMBL1097999,2
CHEMBL1097999::en3_A13:R;A15:R;A21:S;A23:S,CHEMBL1097999,3
CHEMBL1097999::en4_A13:S;A15:S;A21:R;A23:S,CHEMBL1097999,4
CHEMBL109831::en0_A6:S;A9:R,CHEMBL109831,0
CHEMBL109831::en1_A6:R;A9:R,CHEMBL109831,1
CHEMBL109831::en2_A6:S;A9:S,CHEMBL109831,2
CHEMBL109831::en3_A6:R;A9:S,CHEMBL109831,3
CHEMBL110458::en0_A2:S;A5:S;A7:S;A9:R,CHEMBL110458,0
CHEMBL110458::en1_A2:R;A5:S;A7:S;A9:R,CHEMBL110458,1
CHEMBL110458::en2_A2:S;A5:R;A7:S;A9:R,CHEMBL110458,2
CHEMBL110458::en3_A2:R;A5:R;A7:S;A9:R,CHEMBL110458,3
CHEMBL110458::en4_A2:S;A5:S;A7:R;A9:R,CHEMBL110458,4
CHEMBL110691::en0_A4:R;A10:R;A11:R;A21:R;A23:R;A26:S,CHEMBL110691,0
CHEMBL110691::en1_A4:S;A10:R;A11:R;A21:R;A23:R;A26:S,CHEMBL110691,1
CHEMBL110691::en2_A4:R;A10:S;A11:R;A21:R;A23:R;A26:S,CHEMBL110691,2
CHEMBL110691::en3_A4:S;A10:S;A11:R;A21:R;A23:R;A26:S,CHEMBL110691,3
CHEMBL110691::en4_A4:R;A10:R;A11:S;A21:R;A23:R;A26:S,CHEMBL110691,4
CHEMBL110739::en0_A1:S;A3:S;A5:R;A6:R;A15:R;A17:S;A20:S,CHEMBL110739,0
CHEMBL110739::en1_A1:R;A3:S;A5:R;A6:R;A15:R;A17:S;A20:S,CHEMBL110739,1
CHEMBL110739::en2_A1:S;A3:R;A5:R;A6:R;A15:R;A17:S;A20:S,CHEMBL110739,2
CHEMBL110739::en3_A1:R;A3:R;A5:R;A6:R;A15:R;A17:S;A20:S,CHEMBL110739,3
CHEMBL110739::en4_A1:S;A3:S;A5:S;A6:R;A15:R;A17:S;A20:S,CHEMBL110739,4
CHEMBL111659::en0_A7:S,CHEMBL111659,0
CHEMBL111659::en1_A7:R,CHEMBL111659,1
CHEMBL1117::en0_A3:S;A14:R;A16:S;A18:S;A20:S;A22:S,CHEMBL1117,0
CHEMBL1117::en1_A3:R;A14:R;A16:S;A18:S;A20:S;A22:S,CHEMBL1117,1
CHEMBL1117::en2_A3:S;A14:S;A16:S;A18:S;A20:S;A22:S,CHEMBL1117,2
CHEMBL1117::en3_A3:R;A14:S;A16:S;A18:S;A20:S;A22:S,CHEMBL1117,3
CHEMBL1117::en4_A3:S;A14:R;A16:R;A18:S;A20:S;A22:S,CHEMBL1117,4
CHEMBL112570::en0_A6:S;A8:S;A11:R;A12:S;A17:R;A21:R;A23:R;A26:R,CHEMBL112570,0
CHEMBL112570::en1_A6:R;A8:S;A11:R;A12:S;A17:R;A21:R;A23:R;A26:R,CHEMBL112570,1
CHEMBL112570::en2_A6:S;A8:R;A11:R;A12:S;A17:R;A21:R;A23:R;A26:R,CHEMBL112570,2
CHEMBL112570::en3_A6:R;A8:R;A11:R;A12:S;A17:R;A21:R;A23:R;A26:R,CHEMBL112570,3
CHEMBL112570::en4_A6:S;A8:S;A11:S;A12:S;A17:R;A21:R;A23:R;A26:R,CHEMBL112570,4
CHEMBL1129::en0_A6:S;A8:S;A10:S,CHEMBL1129,0
CHEMBL1129::en1_A6:R;A8:S;A10:S,CHEMBL1129,1
CHEMBL1129::en2_A6:S;A8:R;A10:S,CHEMBL1129,2
CHEMBL1129::en3_A6:R;A8:R;A10:S,CHEMBL1129,3
CHEMBL1129::en4_A6:S;A8:S;A10:R,CHEMBL1129,4
CHEMBL1130::en0_A1:S;A3:S;A13:R;A15:S,CHEMBL1130,0
CHEMBL1130::en1_A1:R;A3:S;A13:R;A15:S,CHEMBL1130,1
CHEMBL1130::en2_A1:S;A3:R;A13:R;A15:S,CHEMBL1130,2
CHEMBL1130::en3_A1:R;A3:R;A13:R;A15:S,CHEMBL1130,3
CHEMBL1130::en4_A1:S;A3:S;A13:S;A15:S,CHEMBL1130,4
CHEMBL113313::en0_A9:S;A27:S,CHEMBL113313,0
CHEMBL113313::en1_A9:R;A27:S,CHEMBL113313,1
CHEMBL113313::en2_A9:S;A27:R,CHEMBL113313,2
CHEMBL113313::en3_A9:R;A27:R,CHEMBL113313,3
CHEMBL1136::en0_A2:S;A6:S;A10:S;A12:S;A14:R;A16:R;A19:S;A23:R;A25:S;A30:R;A34:R;A36:S;A56:R,CHEMBL1136,0
CHEMBL1136::en1_A2:S;A6:S;A10:R;A12:R;A14:S;A16:S;A19:R;A23:R;A25:R;A30:S;A34:S;A36:R;A56:R,CHEMBL1136,1
CHEMBL1136::en2_A2:R;A6:S;A10:R;A12:R;A14:R;A16:S;A19:S;A23:S;A25:S;A30:S;A34:S;A36:R;A56:S,CHEMBL1136,2
CHEMBL1136::en3_A2:S;A6:R;A10:R;A12:R;A14:R;A16:R;A19:R;A23:R;A25:S;A30:R;A34:R;A36:R;A56:R,CHEMBL1136,3
CHEMBL1136::en4_A2:S;A6:S;A10:R;A12:S;A14:S;A16:R;A19:R;A23:S;A25:R;A30:R;A34:S;A36:R;A56:R,CHEMBL1136,4
CHEMBL1138::en0_A2:R;A5:S;A14:R,CHEMBL1138,0
CHEMBL1138::en1_A2:S;A5:S;A14:R,CHEMBL1138,1
CHEMBL1138::en2_A2:R;A5:R;A14:R,CHEMBL1138,2
CHEMBL1138::en3_A2:S;A5:R;A14:R,CHEMBL1138,3
CHEMBL1138::en4_A2:R;A5:S;A14:S,CHEMBL1138,4
CHEMBL113841::en0_A4:S;A6:R;A8:S;A19:S;A29:S,CHEMBL113841,0
CHEMBL113841::en1_A4:R;A6:R;A8:S;A19:S;A29:S,CHEMBL113841,1
CHEMBL113841::en2_A4:S;A6:S;A8:S;A19:S;A29:S,CHEMBL113841,2
CHEMBL113841::en3_A4:R;A6:S;A8:S;A19:S;A29:S,CHEMBL113841,3
CHEMBL113841::en4_A4:S;A6:R;A8:R;A19:S;A29:S,CHEMBL113841,4
CHEMBL1139::en0_A5:S;A9:R;A10:S;A21:R;A23:S,CHEMBL1139,0
CHEMBL1139::en1_A5:R;A9:R;A10:S;A21:R;A23:S,CHEMBL1139,1
CHEMBL1139::en2_A5:S;A9:S;A10:S;A21:R;A23:S,CHEMBL1139,2
CHEMBL1139::en3_A5:R;A9:S;A10:S;A21:R;A23:S,CHEMBL1139,3
CHEMBL1139::en4_A5:S;A9:R;A10:R;A21:R;A23:S,CHEMBL1139,4
CHEMBL114::en0_A7:S;A9:S;A14:S;A18:S;A20:S;A31:S,CHEMBL114,0
CHEMBL114::en1_A7:R;A9:S;A14:S;A18:S;A20:S;A31:S,CHEMBL114,1
CHEMBL114::en2_A7:S;A9:R;A14:S;A18:S;A20:S;A31:S,CHEMBL114,2
CHEMBL114::en3_A7:R;A9:R;A14:S;A18:S;A20:S;A31:S,CHEMBL114,3
CHEMBL114::en4_A7:S;A9:S;A14:R;A18:S;A20:S;A31:S,CHEMBL114,4
CHEMBL114325::en0_A13:S,CHEMBL114325,0
CHEMBL114325::en1_A13:R,CHEMBL114325,1
CHEMBL1144::en0_A2:S;A7:R;A9:S;A15:S;A17:S;A20:S;A23:S;A29:S,CHEMBL1144,0
CHEMBL1144::en1_A2:R;A7:R;A9:S;A15:S;A17:S;A20:S;A23:S;A29:S,CHEMBL1144,1
CHEMBL1144::en2_A2:S;A7:S;A9:S;A15:S;A17:S;A20:S;A23:S;A29:S,CHEMBL1144,2
CHEMBL1144::en3_A2:R;A7:S;A9:S;A15:S;A17:S;A20:S;A23:S;A29:S,CHEMBL1144,3
CHEMBL1144::en4_A2:S;A7:R;A9:R;A15:S;A17:S;A20:S;A23:S;A29:S,CHEMBL1144,4
CHEMBL1146::en0_A16:S;A20:R;A28:S,CHEMBL1146,0
CHEMBL1146::en1_A16:R;A20:R;A28:S,CHEMBL1146,1
CHEMBL1146::en2_A16:S;A20:S;A28:S,CHEMBL1146,2
CHEMBL1146::en3_A16:R;A20:S;A28:S,CHEMBL1146,3
CHEMBL1146::en4_A16:S;A20:R;A28:R,CHEMBL1146,4
CHEMBL114715::en0_A10:S;A18:S,CHEMBL114715,0
CHEMBL114715::en1_A10:R;A18:S,CHEMBL114715,1
CHEMBL114715::en2_A10:S;A18:R,CHEMBL114715,2
CHEMBL114715::en3_A10:R;A18:R,CHEMBL114715,3
CHEMBL115::en0_A7:S;A21:R;A24:S;A35:R;A43:S,CHEMBL115,0
CHEMBL115::en1_A7:R;A21:R;A24:S;A35:R;A43:S,CHEMBL115,1
CHEMBL115::en2_A7:S;A21:S;A24:S;A35:R;A43:S,CHEMBL115,2
CHEMBL115::en3_A7:R;A21:S;A24:S;A35:R;A43:S,CHEMBL115,3
CHEMBL115::en4_A7:S;A21:R;A24:R;A35:R;A43:S,CHEMBL115,4
CHEMBL1152::en0_A7:S;A11:R;A12:S;A21:R;A23:R;A24:R;A27:S,CHEMBL1152,0
CHEMBL1152::en1_A7:R;A11:R;A12:S;A21:R;A23:R;A24:R;A27:S,CHEMBL1152,1
CHEMBL1152::en2_A7:S;A11:S;A12:S;A21:R;A23:R;A24:R;A27:S,CHEMBL1152,2
CHEMBL1152::en3_A7:R;A11:S;A12:S;A21:R;A23:R;A24:R;A27:S,CHEMBL1152,3
CHEMBL1152::en4_A7:S;A11:R;A12:R;A21:R;A23:R;A24:R;A27:S,CHEMBL1152,4
CHEMBL115794::en0_A1:R;A4:R;A14:S,CHEMBL115794,0
CHEMBL115794::en1_A1:S;A4:R;A14:S,CHEMBL115794,1
CHEMBL115794::en2_A1:R;A4:S;A14:S,CHEMBL115794,2
CHEMBL115794::en3_A1:S;A4:S;A14:S,CHEMBL115794,3
CHEMBL115794::en4_A1:R;A4:R;A14:R,CHEMBL115794,4
CHEMBL1159650::en0_A5:R;A10:R;A13:R;A14:S;A23:S;A25:S;A27:R;A30:S,CHEMBL1159650,0
CHEMBL1159650::en1_A5:S;A10:R;A13:R;A14:S;A23:S;A25:S;A27:R;A30:S,CHEMBL1159650,1
CHEMBL1159650::en2_A5:R;A10:S;A13:R;A14:S;A23:S;A25:S;A27:R;A30:S,CHEMBL1159650,2
CHEMBL1159650::en3_A5:S;A10:S;A13:R;A14:S;A23:S;A25:S;A27:R;A30:S,CHEMBL1159650,3
CHEMBL1159650::en4_A5:R;A10:R;A13:S;A14:S;A23:S;A25:S;A27:R;A30:S,CHEMBL1159650,4
CHEMBL1159662::en0_A1:R;A2:R;A4:R;A8:S,CHEMBL1159662,0
CHEMBL1159662::en1_A1:S;A2:R;A4:R;A8:S,CHEMBL1159662,1
CHEMBL1159662::en2_A1:R;A2:S;A4:R;A8:S,CHEMBL1159662,2
CHEMBL1159662::en3_A1:S;A2:S;A4:R;A8:S,CHEMBL1159662,3
CHEMBL1159662::en4_A1:R;A2:R;A4:S;A8:S,CHEMBL1159662,4
CHEMBL116::en0_A6:S;A8:S;A20:R,CHEMBL116,0
CHEMBL116::en1_A6:R;A8:S;A20:R,CHEMBL116,1
CHEMBL116::en2_A6:S;A8:R;A20:R,CHEMBL116,2
CHEMBL116::en3_A6:R;A8:R;A20:R,CHEMBL116,3
CHEMBL116::en4_A6:S;A8:S;A20:S,CHEMBL116,4
CHEMBL1160714::en0_A5:S,CHEMBL1160714,0
CHEMBL1160714::en1_A5:R,CHEMBL1160714,1
CHEMBL1160723::en0_A5:R,CHEMBL1160723,0
CHEMBL1160723::en1_A5:S,CHEMBL1160723,1
CHEMBL1161::en0_A1:R;A3:R;A4:S;A13:S;A15:S;A17:R;A20:S;A22:S,CHEMBL1161,0
CHEMBL1161::en1_A1:S;A3:R;A4:S;A13:S;A15:S;A17:R;A20:S;A22:S,CHEMBL1161,1
CHEMBL1161::en2_A1:R;A3:S;A4:S;A13:S;A15:S;A17:R;A20:S;A22:S,CHEMBL1161,2
CHEMBL1161::en3_A1:S;A3:S;A4:S;A13:S;A15:S;A17:R;A20:S;A22:S,CHEMBL1161,3
CHEMBL1161::en4_A1:R;A3:R;A4:R;A13:S;A15:S;A17:R;A20:S;A22:S,CHEMBL1161,4
CHEMBL1162::en0_A2:R;A6:R;A7:R;A16:R;A17:R;A20:S,CHEMBL1162,0
CHEMBL1162::en1_A2:S;A6:R;A7:R;A16:R;A17:R;A20:S,CHEMBL1162,1
CHEMBL1162::en2_A2:R;A6:S;A7:R;A16:R;A17:R;A20:S,CHEMBL1162,2
CHEMBL1162::en3_A2:S;A6:S;A7:R;A16:R;A17:R;A20:S,CHEMBL1162,3
CHEMBL1162::en4_A2:R;A6:R;A7:S;A16:R;A17:R;A20:S,CHEMBL1162,4
CHEMBL1162175::en0_A15:R;A17:R;A24:S;A26:S;A36:S,CHEMBL1162175,0
CHEMBL1162175::en1_A15:S;A17:R;A24:S;A26:S;A36:S,CHEMBL1162175,1
CHEMBL1162175::en2_A15:R;A17:S;A24:S;A26:S;A36:S,CHEMBL1162175,2
CHEMBL1162175::en3_A15:S;A17:S;A24:S;A26:S;A36:S,CHEMBL1162175,3
CHEMBL1162175::en4_A15:R;A17:R;A24:R;A26:S;A36:S,CHEMBL1162175,4
CHEMBL1163::en0_A5:S;A9:R;A17:R;A37:R,CHEMBL1163,0
CHEMBL1163::en1_A5:S;A9:S;A17:R;A37:R,CHEMBL1163,1
CHEMBL1163::en2_A5:S;A9:R;A17:S;A37:R,CHEMBL1163,2
CHEMBL1163488::en0_A2:R;A24:R,CHEMBL1163488,0
CHEMBL1163488::en1_A2:S;A24:R,CHEMBL1163488,1
CHEMBL1163488::en2_A2:R;A24:S,CHEMBL1163488,2
CHEMBL1163488::en3_A2:S;A24:S,CHEMBL1163488,3
CHEMBL1165::en0_A5:S;A15:R;A32:R,CHEMBL1165,0
CHEMBL1165::en1_A5:R;A15:R;A32:R,CHEMBL1165,1
CHEMBL1165::en2_A5:S;A15:S;A32:R,CHEMBL1165,2
CHEMBL1165::en3_A5:R;A15:S;A32:R,CHEMBL1165,3
CHEMBL1165::en4_A5:S;A15:R;A32:S,CHEMBL1165,4
CHEMBL1165342::en0_A2:S;A18:R;A25:S,CHEMBL1165342,0
CHEMBL1165342::en1_A2:R;A18:R;A25:S,CHEMBL1165342,1
CHEMBL1165342::en2_A2:S;A18:S;A25:S,CHEMBL1165342,2
CHEMBL1165342::en3_A2:R;A18:S;A25:S,CHEMBL1165342,3
CHEMBL1165342::en4_A2:S;A18:R;A25:R,CHEMBL1165342,4
CHEMBL1165411::en0_A13:S;A14:S,CHEMBL1165411,0
CHEMBL1165411::en1_A13:R;A14:S,CHEMBL1165411,1
CHEMBL1165411::en2_A13:S;A14:R,CHEMBL1165411,2
CHEMBL1165411::en3_A13:R;A14:R,CHEMBL1165411,3
CHEMBL1166::en0_A1:S;A14:R;A27:S;A30:R,CHEMBL1166,0
CHEMBL1166::en1_A1:R;A14:R;A27:S;A30:R,CHEMBL1166,1
CHEMBL1166::en2_A1:S;A14:S;A27:S;A30:R,CHEMBL1166,2
CHEMBL1166::en3_A1:R;A14:S;A27:S;A30:R,CHEMBL1166,3
CHEMBL1166::en4_A1:S;A14:R;A27:R;A30:R,CHEMBL1166,4
CHEMBL1167::en0_A2:R;A3:S;A5:S;A8:S;A10:S;A15:S;A18:R;A20:R;A21:R,CHEMBL1167,0
CHEMBL1167::en1_A2:S;A3:S;A5:S;A8:S;A10:S;A15:S;A18:R;A20:R;A21:R,CHEMBL1167,1
CHEMBL1167::en2_A2:R;A3:R;A5:S;A8:S;A10:S;A15:S;A18:R;A20:R;A21:R,CHEMBL1167,2
CHEMBL1167::en3_A2:S;A3:R;A5:S;A8:S;A10:S;A15:S;A18:R;A20:R;A21:R,CHEMBL1167,3
CHEMBL1167::en4_A2:R;A3:S;A5:R;A8:S;A10:S;A15:S;A18:R;A20:R;A21:R,CHEMBL1167,4
CHEMBL1168::en0_A5:S;A15:R;A20:S;A25:S;A29:S,CHEMBL1168,0
CHEMBL1168::en1_A5:R;A15:R;A20:S;A25:S;A29:S,CHEMBL1168,1
CHEMBL1168::en2_A5:S;A15:S;A20:S;A25:S;A29:S,CHEMBL1168,2
CHEMBL1168::en3_A5:R;A15:S;A20:S;A25:S;A29:S,CHEMBL1168,3
CHEMBL1168::en4_A5:S;A15:R;A20:R;A25:S;A29:S,CHEMBL1168,4
CHEMBL1169490::en0_A5:S;A7:S;A9:S,CHEMBL1169490,0
CHEMBL1169490::en1_A5:R;A7:S;A9:S,CHEMBL1169490,1
CHEMBL1169490::en2_A5:S;A7:R;A9:S,CHEMBL1169490,2
CHEMBL1169490::en3_A5:R;A7:R;A9:S,CHEMBL1169490,3
CHEMBL1169490::en4_A5:S;A7:S;A9:R,CHEMBL1169490,4
CHEMBL1170::en0_A5:R;A8:R;A9:R;A18:R;A20:R;A23:S,CHEMBL1170,0
CHEMBL1170::en1_A5:S;A8:R;A9:R;A18:R;A20:R;A23:S,CHEMBL1170,1
CHEMBL1170::en2_A5:R;A8:S;A9:R;A18:R;A20:R;A23:S,CHEMBL1170,2
CHEMBL1170::en3_A5:S;A8:S;A9:R;A18:R;A20:R;A23:S,CHEMBL1170,3
CHEMBL1170::en4_A5:R;A8:R;A9:S;A18:R;A20:R;A23:S,CHEMBL1170,4
CHEMBL1171272::en0_A2:S;A4:R,CHEMBL1171272,0
CHEMBL1171272::en1_A2:R;A4:R,CHEMBL1171272,1
CHEMBL1171272::en2_A2:S;A4:S,CHEMBL1171272,2
CHEMBL1171272::en3_A2:R;A4:S,CHEMBL1171272,3
CHEMBL1171829::en0_A1:S,CHEMBL1171829,0
CHEMBL1171829::en1_A1:R,CHEMBL1171829,1
CHEMBL1172928::en0_A1:S;A8:R,CHEMBL1172928,0
CHEMBL1172928::en1_A1:R;A8:R,CHEMBL1172928,1
CHEMBL1172928::en2_A1:S;A8:S,CHEMBL1172928,2
CHEMBL1172928::en3_A1:R;A8:S,CHEMBL1172928,3
CHEMBL117348::en0_A10:R;A20:R,CHEMBL117348,0
CHEMBL117348::en1_A10:S;A20:R,CHEMBL117348,1
CHEMBL117348::en2_A10:R;A20:S,CHEMBL117348,2
CHEMBL117348::en3_A10:S;A20:S,CHEMBL117348,3
CHEMBL1173532::en0_A3:S;A8:S,CHEMBL1173532,0
CHEMBL1173532::en1_A3:R;A8:S,CHEMBL1173532,1
CHEMBL1173532::en2_A3:S;A8:R,CHEMBL1173532,2
CHEMBL1173532::en3_A3:R;A8:R,CHEMBL1173532,3
CHEMBL1173655::en0_A29:R,CHEMBL1173655,0
CHEMBL1173655::en1_A29:S,CHEMBL1173655,1
CHEMBL1173655::en2_A29:R,CHEMBL1173655,2
CHEMBL1173655::en3_A29:S,CHEMBL1173655,3
CHEMBL1175::en0_A4:S,CHEMBL1175,0
CHEMBL1175::en1_A4:R,CHEMBL1175,1
CHEMBL1178861::en0_A1:R;A8:S,CHEMBL1178861,0
CHEMBL1178861::en1_A1:S;A8:S,CHEMBL1178861,1
CHEMBL1178861::en2_A1:R;A8:R,CHEMBL1178861,2
CHEMBL118218::en0_A11:S,CHEMBL118218,0
CHEMBL118218::en1_A11:R,CHEMBL118218,1
CHEMBL1182714::en0_A22:R,CHEMBL1182714,0
CHEMBL1182714::en1_A22:S,CHEMBL1182714,1
CHEMBL1183349::en0_A18:R;A25:R;A35:S,CHEMBL1183349,0
CHEMBL1183349::en1_A18:S;A25:R;A35:S,CHEMBL1183349,1
CHEMBL1183349::en2_A18:R;A25:S;A35:S,CHEMBL1183349,2
CHEMBL1183349::en3_A18:S;A25:S;A35:S,CHEMBL1183349,3
CHEMBL1183349::en4_A18:R;A25:R;A35:R,CHEMBL1183349,4
CHEMBL1184904::en0_A13:S;A16:S;A19:R;A21:R;A26:S;A31:R,CHEMBL1184904,0
CHEMBL1184904::en1_A13:R;A16:S;A19:R;A21:R;A26:S;A31:R,CHEMBL1184904,1
CHEMBL1184904::en2_A13:S;A16:R;A19:R;A21:R;A26:S;A31:R,CHEMBL1184904,2
CHEMBL1184904::en3_A13:R;A16:R;A19:R;A21:R;A26:S;A31:R,CHEMBL1184904,3
CHEMBL1184904::en4_A13:S;A16:S;A19:S;A21:R;A26:S;A31:R,CHEMBL1184904,4
CHEMBL1185::en0_A13:R,CHEMBL1185,0
CHEMBL1185::en1_A13:S,CHEMBL1185,1
CHEMBL1186581::en0_A8:S;A9:S;A12:R;A14:S,CHEMBL1186581,0
CHEMBL1186581::en1_A8:R;A9:S;A12:R;A14:S,CHEMBL1186581,1
CHEMBL1186610::en0_A10:R;A12:S;A15:R,CHEMBL1186610,0
CHEMBL1186610::en1_A10:R;A12:S,CHEMBL1186610,1
CHEMBL1186894::en0_A3:S;A14:R;A16:R;A18:S;A20:R,CHEMBL1186894,0
CHEMBL1186894::en1_A3:R;A14:R;A16:R;A18:S;A20:R,CHEMBL1186894,1
CHEMBL1186894::en2_A3:S;A14:S;A16:R;A18:S;A20:R,CHEMBL1186894,2
CHEMBL1186894::en3_A3:R;A14:S;A16:R;A18:S;A20:R,CHEMBL1186894,3
CHEMBL1186894::en4_A3:S;A14:R;A16:S;A18:S;A20:R,CHEMBL1186894,4
CHEMBL1187572::en0_A2:S;A16:R;A31:S;A32:R;A38:R;A43:S;A52:S;A53:R;A55:S;A57:R,CHEMBL1187572,0
CHEMBL1187572::en1_A2:R;A16:S;A31:R;A32:R;A38:S;A43:S;A52:S;A53:S;A55:S;A57:R,CHEMBL1187572,1
CHEMBL1187572::en2_A2:S;A16:R;A31:S;A32:S;A38:S;A43:R;A52:S;A53:R;A55:S;A57:R,CHEMBL1187572,2
CHEMBL1187572::en3_A2:R;A16:S;A31:R;A32:S;A38:S;A43:S;A52:R;A53:S;A55:S;A57:S,CHEMBL1187572,3
CHEMBL1187572::en4_A2:S;A16:S;A31:S;A32:R;A38:S;A43:R;A52:S;A53:S;A55:S;A57:S,CHEMBL1187572,4
CHEMBL1188395::en0_A8:R,CHEMBL1188395,0
CHEMBL1188395::en1_A8:S,CHEMBL1188395,1
CHEMBL1189257::en0_A1:S;A6:R;A12:S;A13:S;A17:R,CHEMBL1189257,0
CHEMBL1189257::en1_A1:R;A6:R;A12:S;A13:S;A17:R,CHEMBL1189257,1
CHEMBL1189257::en2_A1:S;A6:S;A12:S;A13:S;A17:R,CHEMBL1189257,2
CHEMBL1189257::en3_A1:R;A6:S;A12:S;A13:S;A17:R,CHEMBL1189257,3
CHEMBL1189679::en0_A8:S;A14:R,CHEMBL1189679,0
CHEMBL1190199::en0_A17:S;A22:S,CHEMBL1190199,0
CHEMBL1190199::en1_A17:R;A22:S,CHEMBL1190199,1
CHEMBL1190199::en2_A17:S;A22:R,CHEMBL1190199,2
CHEMBL1190199::en3_A17:R;A22:R,CHEMBL1190199,3
CHEMBL1193886::en0_A11:R,CHEMBL1193886,0
CHEMBL1193886::en1_A11:S,CHEMBL1193886,1
CHEMBL119443::en0_A1:R;A7:R;A20:S,CHEMBL119443,0
CHEMBL119443::en1_A1:S;A7:R;A20:S,CHEMBL119443,1
CHEMBL119443::en2_A1:R;A7:S;A20:S,CHEMBL119443,2
CHEMBL119443::en3_A1:S;A7:S;A20:S,CHEMBL119443,3
CHEMBL119443::en4_A1:R;A7:R;A20:R,CHEMBL119443,4
CHEMBL1198855::en0_A15:S,CHEMBL1198855,0
CHEMBL1198855::en1_A15:R,CHEMBL1198855,1
CHEMBL1198857::en0_A5:S,CHEMBL1198857,0
CHEMBL1198857::en1_A5:R,CHEMBL1198857,1
CHEMBL1199324::en0_A1:S;A3:S;A19:R,CHEMBL1199324,0
CHEMBL1199324::en1_A1:R;A3:S;A19:R,CHEMBL1199324,1
CHEMBL1199324::en2_A1:S;A3:R;A19:R,CHEMBL1199324,2
CHEMBL1199324::en3_A1:R;A3:R;A19:R,CHEMBL1199324,3
CHEMBL1199324::en4_A1:S;A3:S;A19:S,CHEMBL1199324,4
CHEMBL1200335::en0_A9:R;A12:R;A13:R;A22:R;A24:R;A27:S,CHEMBL1200335,0
CHEMBL1200335::en1_A9:S;A12:R;A13:R;A22:R;A24:R;A27:S,CHEMBL1200335,1
CHEMBL1200335::en2_A9:R;A12:S;A13:R;A22:R;A24:R;A27:S,CHEMBL1200335,2
CHEMBL1200335::en3_A9:S;A12:S;A13:R;A22:R;A24:R;A27:S,CHEMBL1200335,3
CHEMBL1200335::en4_A9:R;A12:R;A13:S;A22:R;A24:R;A27:S,CHEMBL1200335,4
CHEMBL1200342::en0_A7:S;A9:R;A12:R;A13:S;A15:S;A23:R;A25:R;A26:R;A29:S,CHEMBL1200342,0
CHEMBL1200342::en1_A7:R;A9:R;A12:R;A13:S;A15:S;A23:R;A25:R;A26:R;A29:S,CHEMBL1200342,1
CHEMBL1200342::en2_A7:S;A9:S;A12:R;A13:S;A15:S;A23:R;A25:R;A26:R;A29:S,CHEMBL1200342,2
CHEMBL1200342::en3_A7:R;A9:S;A12:R;A13:S;A15:S;A23:R;A25:R;A26:R;A29:S,CHEMBL1200342,3
CHEMBL1200342::en4_A7:S;A9:R;A12:S;A13:S;A15:S;A23:R;A25:R;A26:R;A29:S,CHEMBL1200342,4
CHEMBL1200356::en0_A4:R;A5:R;A19:R,CHEMBL1200356,0
CHEMBL1200356::en1_A4:S;A5:R;A19:R,CHEMBL1200356,1
CHEMBL1200356::en2_A4:R;A5:S;A19:R,CHEMBL1200356,2
CHEMBL1200356::en3_A4:S;A5:S;A19:R,CHEMBL1200356,3
CHEMBL1200356::en4_A4:R;A5:R;A19:S,CHEMBL1200356,4
CHEMBL1200368::en0_A10:S,CHEMBL1200368,0
CHEMBL1200368::en1_A10:R,CHEMBL1200368,1
CHEMBL1200374::en0_A3:R;A4:S;A7:S;A13:R;A14:S,CHEMBL1200374,0
CHEMBL1200374::en1_A3:S;A4:S;A7:S;A13:R;A14:S,CHEMBL1200374,1
CHEMBL1200374::en2_A3:R;A4:R;A7:S;A13:R;A14:S,CHEMBL1200374,2
CHEMBL1200374::en3_A3:S;A4:R;A7:S;A13:R;A14:S,CHEMBL1200374,3
CHEMBL1200374::en4_A3:R;A4:S;A7:R;A13:R;A14:S,CHEMBL1200374,4
CHEMBL1200376::en0_A1:R;A3:R;A4:S;A13:S;A15:S;A17:R;A20:S;A22:S,CHEMBL1200376,0
CHEMBL1200376::en1_A1:S;A3:R;A4:S;A13:S;A15:S;A17:R;A20:S;A22:S,CHEMBL1200376,1
CHEMBL1200376::en2_A1:R;A3:S;A4:S;A13:S;A15:S;A17:R;A20:S;A22:S,CHEMBL1200376,2
CHEMBL1200376::en3_A1:S;A3:S;A4:S;A13:S;A15:S;A17:R;A20:S;A22:S,CHEMBL1200376,3
CHEMBL1200376::en4_A1:R;A3:R;A4:R;A13:S;A15:S;A17:R;A20:S;A22:S,CHEMBL1200376,4
CHEMBL1200384::en0_A8:S;A14:R;A17:R;A18:S;A27:S;A29:S;A31:R;A34:S,CHEMBL1200384,0
CHEMBL1200384::en1_A8:R;A14:R;A17:R;A18:S;A27:S;A29:S;A31:R;A34:S,CHEMBL1200384,1
CHEMBL1200384::en2_A8:S;A14:S;A17:R;A18:S;A27:S;A29:S;A31:R;A34:S,CHEMBL1200384,2
CHEMBL1200384::en3_A8:R;A14:S;A17:R;A18:S;A27:S;A29:S;A31:R;A34:S,CHEMBL1200384,3
CHEMBL1200384::en4_A8:S;A14:R;A17:S;A18:S;A27:S;A29:S;A31:R;A34:S,CHEMBL1200384,4
CHEMBL1200386::en0_A6:R;A17:R;A18:S;A27:R;A29:R;A30:R;A33:S,CHEMBL1200386,0
CHEMBL1200386::en1_A6:S;A17:R;A18:S;A27:R;A29:R;A30:R;A33:S,CHEMBL1200386,1
CHEMBL1200386::en2_A6:R;A17:S;A18:S;A27:R;A29:R;A30:R;A33:S,CHEMBL1200386,2
CHEMBL1200386::en3_A6:S;A17:S;A18:S;A27:R;A29:R;A30:R;A33:S,CHEMBL1200386,3
CHEMBL1200386::en4_A6:R;A17:R;A18:R;A27:R;A29:R;A30:R;A33:S,CHEMBL1200386,4
CHEMBL1200412::en0_A1:S;A4:R;A5:S;A14:R;A15:S;A18:S,CHEMBL1200412,0
CHEMBL1200412::en1_A1:R;A4:R;A5:S;A14:R;A15:S;A18:S,CHEMBL1200412,1
CHEMBL1200412::en2_A1:S;A4:S;A5:S;A14:R;A15:S;A18:S,CHEMBL1200412,2
CHEMBL1200412::en3_A1:R;A4:S;A5:S;A14:R;A15:S;A18:S,CHEMBL1200412,3
CHEMBL1200412::en4_A1:S;A4:R;A5:R;A14:R;A15:S;A18:S,CHEMBL1200412,4
CHEMBL1200430::en0_A12:R;A13:S;A16:S;A18:R;A22:R,CHEMBL1200430,0
CHEMBL1200430::en1_A12:S;A13:S;A16:S;A18:R;A22:R,CHEMBL1200430,1
CHEMBL1200430::en2_A12:R;A13:R;A16:S;A18:R;A22:R,CHEMBL1200430,2
CHEMBL1200430::en3_A12:S;A13:R;A16:S;A18:R;A22:R,CHEMBL1200430,3
CHEMBL1200430::en4_A12:R;A13:S;A16:R;A18:R;A22:R,CHEMBL1200430,4
CHEMBL1200436::en0_A1:S;A7:S;A10:R;A11:S;A14:R;A16:R;A19:S,CHEMBL1200436,0
CHEMBL1200436::en1_A1:R;A7:S;A10:R;A11:S;A14:R;A16:R;A19:S,CHEMBL1200436,1
CHEMBL1200436::en2_A1:S;A7:R;A10:R;A11:S;A14:R;A16:R;A19:S,CHEMBL1200436,2
CHEMBL1200436::en3_A1:R;A7:R;A10:R;A11:S;A14:R;A16:R;A19:S,CHEMBL1200436,3
CHEMBL1200436::en4_A1:S;A7:S;A10:S;A11:S;A14:R;A16:R;A19:S,CHEMBL1200436,4
CHEMBL1200449::en0_A7:R;A9:R;A15:R;A16:S;A25:S;A27:S;A29:R;A32:S,CHEMBL1200449,0
CHEMBL1200449::en1_A7:S;A9:R;A15:R;A16:S;A25:S;A27:S;A29:R;A32:S,CHEMBL1200449,1
CHEMBL1200449::en2_A7:R;A9:S;A15:R;A16:S;A25:S;A27:S;A29:R;A32:S,CHEMBL1200449,2
CHEMBL1200449::en3_A7:S;A9:S;A15:R;A16:S;A25:S;A27:S;A29:R;A32:S,CHEMBL1200449,3
CHEMBL1200449::en4_A7:R;A9:R;A15:S;A16:S;A25:S;A27:S;A29:R;A32:S,CHEMBL1200449,4
CHEMBL1200500::en0_A8:S;A14:R;A17:R;A18:S;A27:S;A29:S;A31:R;A34:S,CHEMBL1200500,0
CHEMBL1200500::en1_A8:R;A14:R;A17:R;A18:S;A27:S;A29:S;A31:R;A34:S,CHEMBL1200500,1
CHEMBL1200500::en2_A8:S;A14:S;A17:R;A18:S;A27:S;A29:S;A31:R;A34:S,CHEMBL1200500,2
CHEMBL1200500::en3_A8:R;A14:S;A17:R;A18:S;A27:S;A29:S;A31:R;A34:S,CHEMBL1200500,3
CHEMBL1200500::en4_A8:S;A14:R;A17:S;A18:S;A27:S;A29:S;A31:R;A34:S,CHEMBL1200500,4
CHEMBL1200515::en0_A4:R;A5:R;A7:R;A21:R;A23:S;A39:R,CHEMBL1200515,0
CHEMBL1200515::en1_A4:S;A5:R;A7:R;A21:R;A23:S;A39:R,CHEMBL1200515,1
CHEMBL1200515::en2_A4:R;A5:S;A7:R;A21:R;A23:S;A39:R,CHEMBL1200515,2
CHEMBL1200515::en3_A4:S;A5:S;A7:R;A21:R;A23:S;A39:R,CHEMBL1200515,3
CHEMBL1200515::en4_A4:R;A5:R;A7:S;A21:R;A23:S;A39:R,CHEMBL1200515,4
CHEMBL1200538::en0_A7:S;A9:R;A12:R;A13:S;A22:S;A24:S;A26:R;A29:S,CHEMBL1200538,0
CHEMBL1200538::en1_A7:R;A9:R;A12:R;A13:S;A22:S;A24:S;A26:R;A29:S,CHEMBL1200538,1
CHEMBL1200538::en2_A7:S;A9:S;A12:R;A13:S;A22:S;A24:S;A26:R;A29:S,CHEMBL1200538,2
CHEMBL1200538::en3_A7:R;A9:S;A12:R;A13:S;A22:S;A24:S;A26:R;A29:S,CHEMBL1200538,3
CHEMBL1200538::en4_A7:S;A9:R;A12:S;A13:S;A22:S;A24:S;A26:R;A29:S,CHEMBL1200538,4
CHEMBL1200542::en0_A7:R;A10:R;A11:S;A20:R;A22:R;A25:S,CHEMBL1200542,0
CHEMBL1200542::en1_A7:S;A10:R;A11:S;A20:R;A22:R;A25:S,CHEMBL1200542,1
CHEMBL1200542::en2_A7:R;A10:S;A11:S;A20:R;A22:R;A25:S,CHEMBL1200542,2
CHEMBL1200542::en3_A7:S;A10:S;A11:S;A20:R;A22:R;A25:S,CHEMBL1200542,3
CHEMBL1200542::en4_A7:R;A10:R;A11:R;A20:R;A22:R;A25:S,CHEMBL1200542,4
CHEMBL1200545::en0_A7:S;A12:R;A15:R;A16:S;A18:S;A26:S;A28:S;A30:R;A33:S,CHEMBL1200545,0
CHEMBL1200545::en1_A7:R;A12:R;A15:R;A16:S;A18:S;A26:S;A28:S;A30:R;A33:S,CHEMBL1200545,1
CHEMBL1200545::en2_A7:S;A12:S;A15:R;A16:S;A18:S;A26:S;A28:S;A30:R;A33:S,CHEMBL1200545,2
CHEMBL1200545::en3_A7:R;A12:S;A15:R;A16:S;A18:S;A26:S;A28:S;A30:R;A33:S,CHEMBL1200545,3
CHEMBL1200545::en4_A7:S;A12:R;A15:S;A16:S;A18:S;A26:S;A28:S;A30:R;A33:S,CHEMBL1200545,4
CHEMBL1200562::en0_A7:R;A14:R;A15:S;A24:R;A26:R;A27:R;A30:S,CHEMBL1200562,0
CHEMBL1200562::en1_A7:S;A14:R;A15:S;A24:R;A26:R;A27:R;A30:S,CHEMBL1200562,1
CHEMBL1200562::en2_A7:R;A14:S;A15:S;A24:R;A26:R;A27:R;A30:S,CHEMBL1200562,2
CHEMBL1200562::en3_A7:S;A14:S;A15:S;A24:R;A26:R;A27:R;A30:S,CHEMBL1200562,3
CHEMBL1200562::en4_A7:R;A14:R;A15:R;A24:R;A26:R;A27:R;A30:S,CHEMBL1200562,4
CHEMBL1200585::en0_A1:S;A9:S;A12:R;A13:S;A16:R;A18:R;A21:S,CHEMBL1200585,0
CHEMBL1200585::en1_A1:R;A9:S;A12:R;A13:S;A16:R;A18:R;A21:S,CHEMBL1200585,1
CHEMBL1200585::en2_A1:S;A9:R;A12:R;A13:S;A16:R;A18:R;A21:S,CHEMBL1200585,2
CHEMBL1200585::en3_A1:R;A9:R;A12:R;A13:S;A16:R;A18:R;A21:S,CHEMBL1200585,3
CHEMBL1200585::en4_A1:S;A9:S;A12:S;A13:S;A16:R;A18:R;A21:S,CHEMBL1200585,4
CHEMBL1200592::en0_A10:R;A13:R;A14:S;A23:R;A25:R;A28:S,CHEMBL1200592,0
CHEMBL1200592::en1_A10:S;A13:R;A14:S;A23:R;A25:R;A28:S,CHEMBL1200592,1
CHEMBL1200592::en2_A10:R;A13:S;A14:S;A23:R;A25:R;A28:S,CHEMBL1200592,2
CHEMBL1200592::en3_A10:S;A13:S;A14:S;A23:R;A25:R;A28:S,CHEMBL1200592,3
CHEMBL1200592::en4_A10:R;A13:R;A14:R;A23:R;A25:R;A28:S,CHEMBL1200592,4
CHEMBL1200600::en0_A3:S;A7:R;A8:S;A10:S;A18:S;A20:S;A22:R;A25:S,CHEMBL1200600,0
CHEMBL1200600::en1_A3:R;A7:R;A8:S;A10:S;A18:S;A20:S;A22:R;A25:S,CHEMBL1200600,1
CHEMBL1200600::en2_A3:S;A7:S;A8:S;A10:S;A18:S;A20:S;A22:R;A25:S,CHEMBL1200600,2
CHEMBL1200600::en3_A3:R;A7:S;A8:S;A10:S;A18:S;A20:S;A22:R;A25:S,CHEMBL1200600,3
CHEMBL1200600::en4_A3:S;A7:R;A8:R;A10:S;A18:S;A20:S;A22:R;A25:S,CHEMBL1200600,4
CHEMBL1200617::en0_A4:R;A6:R;A9:R;A10:S;A19:R;A21:R;A22:R;A25:S,CHEMBL1200617,0
CHEMBL1200617::en1_A4:S;A6:R;A9:R;A10:S;A19:R;A21:R;A22:R;A25:S,CHEMBL1200617,1
CHEMBL1200617::en2_A4:R;A6:S;A9:R;A10:S;A19:R;A21:R;A22:R;A25:S,CHEMBL1200617,2
CHEMBL1200617::en3_A4:S;A6:S;A9:R;A10:S;A19:R;A21:R;A22:R;A25:S,CHEMBL1200617,3
CHEMBL1200617::en4_A4:R;A6:R;A9:S;A10:S;A19:R;A21:R;A22:R;A25:S,CHEMBL1200617,4
CHEMBL1200622::en0_A1:R;A4:S;A10:S;A13:R;A19:S;A22:R;A28:R,CHEMBL1200622,0
CHEMBL1200622::en1_A1:S;A4:S;A10:S;A13:R;A19:S;A22:R;A28:R,CHEMBL1200622,1
CHEMBL1200622::en2_A1:R;A4:R;A10:S;A13:R;A19:S;A22:R;A28:R,CHEMBL1200622,2
CHEMBL1200622::en3_A1:S;A4:R;A10:S;A13:R;A19:S;A22:R;A28:R,CHEMBL1200622,3
CHEMBL1200622::en4_A1:R;A4:S;A10:R;A13:R;A19:S;A22:R;A28:R,CHEMBL1200622,4
CHEMBL1200623::en0_A2:S;A6:R;A7:R;A15:R;A16:R;A19:S,CHEMBL1200623,0
CHEMBL1200623::en1_A2:R;A6:R;A7:R;A15:R;A16:R;A19:S,CHEMBL1200623,1
CHEMBL1200623::en2_A2:S;A6:S;A7:R;A15:R;A16:R;A19:S,CHEMBL1200623,2
CHEMBL1200623::en3_A2:R;A6:S;A7:R;A15:R;A16:R;A19:S,CHEMBL1200623,3
CHEMBL1200623::en4_A2:S;A6:R;A7:S;A15:R;A16:R;A19:S,CHEMBL1200623,4
CHEMBL1200624::en0_A2:R;A9:R;A10:R;A15:R;A22:R;A23:R;A26:S,CHEMBL1200624,0
CHEMBL1200624::en1_A2:S;A9:R;A10:R;A15:R;A22:R;A23:R;A26:S,CHEMBL1200624,1
CHEMBL1200624::en2_A2:R;A9:S;A10:R;A15:R;A22:R;A23:R;A26:S,CHEMBL1200624,2
CHEMBL1200624::en3_A2:S;A9:S;A10:R;A15:R;A22:R;A23:R;A26:S,CHEMBL1200624,3
CHEMBL1200624::en4_A2:R;A9:R;A10:S;A15:R;A22:R;A23:R;A26:S,CHEMBL1200624,4
CHEMBL1200645::en0_A5:R;A12:R;A14:R;A16:R;A19:S;A22:R;A23:R;A25:S;A27:S;A32:R,CHEMBL1200645,0
CHEMBL1200645::en1_A5:S;A12:R;A14:R;A16:R;A19:S;A22:R;A23:R;A25:S;A27:S;A32:R,CHEMBL1200645,1
CHEMBL1200645::en2_A5:R;A12:S;A14:R;A16:R;A19:S;A22:R;A23:R;A25:S;A27:S;A32:R,CHEMBL1200645,2
CHEMBL1200645::en3_A5:S;A12:S;A14:R;A16:R;A19:S;A22:R;A23:R;A25:S;A27:S;A32:R,CHEMBL1200645,3
CHEMBL1200645::en4_A5:R;A12:R;A14:S;A16:R;A19:S;A22:R;A23:R;A25:S;A27:S;A32:R,CHEMBL1200645,4
CHEMBL1200647::en0_A1:S;A16:R;A18:S;A20:S;A22:S;A24:S;A26:R;A29:S;A31:R;A35:S;A41:R;A44:S;A47:R;A61:S;A62:R;A65:S;A67:R,CHEMBL1200647,0
CHEMBL1200647::en1_A1:S;A16:R;A18:R;A20:S;A22:S;A24:S;A26:S;A29:S;A31:S;A35:S;A41:R;A44:R;A47:R;A61:S;A62:S;A65:S;A67:R,CHEMBL1200647,1
CHEMBL1200647::en2_A1:R;A16:S;A18:S;A20:S;A22:S;A24:R;A26:S;A29:S;A31:S;A35:R;A41:S;A44:S;A47:S;A61:R;A62:R;A65:R;A67:S,CHEMBL1200647,2
CHEMBL1200647::en3_A1:S;A16:R;A18:S;A20:S;A22:R;A24:R;A26:R;A29:R;A31:S;A35:S;A41:R;A44:R;A47:S;A61:S;A62:S;A65:R;A67:S,CHEMBL1200647,3
CHEMBL1200647::en4_A1:R;A16:S;A18:S;A20:R;A22:S;A24:S;A26:S;A29:R;A31:S;A35:R;A41:R;A44:R;A47:R;A61:S;A62:R;A65:R;A67:R,CHEMBL1200647,4
CHEMBL1200656::en0_A1:R;A11:S;A13:R;A15:S;A17:S;A19:R;A21:S;A24:S;A26:R;A29:S;A32:R;A34:R;A41:S;A43:S,CHEMBL1200656,0
CHEMBL1200656::en1_A1:S;A11:R;A13:R;A15:S;A17:S;A19:S;A21:S;A24:R;A26:S;A29:S;A32:S;A34:S;A41:S;A43:R,CHEMBL1200656,1
CHEMBL1200656::en2_A1:R;A11:S;A13:S;A15:R;A17:R;A19:R;A21:S;A24:S;A26:S;A29:S;A32:S;A34:S;A41:R;A43:R,CHEMBL1200656,2
CHEMBL1200656::en3_A1:R;A11:S;A13:S;A15:R;A17:S;A19:S;A21:R;A24:S;A26:S;A29:R;A32:S;A34:S;A41:S;A43:S,CHEMBL1200656,3
CHEMBL1200656::en4_A1:R;A11:R;A13:R;A15:S;A17:S;A19:R;A21:R;A24:S;A26:S;A29:S;A32:R;A34:S;A41:R;A43:S,CHEMBL1200656,4
CHEMBL1200660::en0_A1:R;A4:S;A5:R;A8:S,CHEMBL1200660,0
CHEMBL1200660::en1_A1:S;A4:S;A5:R;A8:S,CHEMBL1200660,1
CHEMBL1200660::en2_A1:R;A4:R;A5:R;A8:S,CHEMBL1200660,2
CHEMBL1200660::en3_A1:S;A4:R;A5:R;A8:S,CHEMBL1200660,3
CHEMBL1200660::en4_A1:R;A4:S;A5:S;A8:S,CHEMBL1200660,4
CHEMBL1200661::en0_A11:R;A12:S;A25:R;A28:S,CHEMBL1200661,0
CHEMBL1200661::en1_A11:S;A12:S;A25:R;A28:S,CHEMBL1200661,1
CHEMBL1200661::en2_A11:R;A12:R;A25:R;A28:S,CHEMBL1200661,2
CHEMBL1200661::en3_A11:S;A12:R;A25:R;A28:S,CHEMBL1200661,3
CHEMBL1200661::en4_A11:R;A12:S;A25:S;A28:S,CHEMBL1200661,4
CHEMBL1200666::en0_A9:R;A11:S;A12:R;A16:R;A23:R;A25:S;A28:S,CHEMBL1200666,0
CHEMBL1200666::en1_A9:S;A11:S;A12:R;A16:R;A23:R;A25:S;A28:S,CHEMBL1200666,1
CHEMBL1200666::en2_A9:R;A11:R;A12:R;A16:R;A23:R;A25:S;A28:S,CHEMBL1200666,2
CHEMBL1200666::en3_A9:S;A11:R;A12:R;A16:R;A23:R;A25:S;A28:S,CHEMBL1200666,3
CHEMBL1200666::en4_A9:R;A11:S;A12:S;A16:R;A23:R;A25:S;A28:S,CHEMBL1200666,4
CHEMBL1200686::en0_A2:R;A7:S;A10:S;A13:R;A15:R;A26:R;A30:S;A34:S;A37:S;A39:S;A43:R;A45:S;A50:S;A53:S,CHEMBL1200686,0
CHEMBL1200686::en1_A2:R;A7:S;A10:R;A13:R;A15:S;A26:S;A30:R;A34:R;A37:R;A39:R;A43:R;A45:S;A50:S;A53:S,CHEMBL1200686,1
CHEMBL1200686::en2_A2:R;A7:R;A10:R;A13:S;A15:R;A26:R;A30:R;A34:R;A37:S;A39:S;A43:S;A45:R;A50:R;A53:S,CHEMBL1200686,2
CHEMBL1200686::en3_A2:R;A7:S;A10:S;A13:R;A15:S;A26:R;A30:S;A34:R;A37:R;A39:R;A43:R;A45:R;A50:R;A53:R,CHEMBL1200686,3
CHEMBL1200686::en4_A2:S;A7:R;A10:S;A13:S;A15:S;A26:S;A30:R;A34:R;A37:S;A39:R;A43:R;A45:S;A50:R;A53:S,CHEMBL1200686,4
CHEMBL1200688::en0_A10:S;A11:R;A13:S;A14:R;A16:S;A18:S;A20:R;A24:R;A26:S;A29:R;A34:S;A37:R;A40:R;A42:R;A46:S;A49:R;A53:R;A56:S,CHEMBL1200688,0
CHEMBL1200688::en1_A10:S;A11:S;A13:R;A14:R;A16:S;A18:R;A20:S;A24:S;A26:R;A29:S;A34:R;A37:S;A40:R;A42:S;A46:S;A49:S;A53:R;A56:R,CHEMBL1200688,1
CHEMBL1200688::en2_A10:S;A11:S;A13:S;A14:R;A16:R;A18:S;A20:S;A24:R;A26:S;A29:R;A34:R;A37:S;A40:S;A42:R;A46:R;A49:S;A53:S;A56:S,CHEMBL1200688,2
CHEMBL1200688::en3_A10:R;A11:S;A13:S;A14:R;A16:S;A18:R;A20:R;A24:S;A26:R;A29:S;A34:R;A37:S;A40:S;A42:S;A46:S;A49:S;A53:S;A56:S,CHEMBL1200688,3
CHEMBL1200688::en4_A10:S;A11:R;A13:R;A14:S;A16:R;A18:R;A20:S;A24:S;A26:R;A29:S;A34:R;A37:R;A40:R;A42:R;A46:S;A49:S;A53:S;A56:S,CHEMBL1200688,4
CHEMBL1200732::en0_A7:R;A15:R;A17:R;A18:S;A27:S;A29:S;A31:R;A34:R,CHEMBL1200732,0
CHEMBL1200732::en1_A7:S;A15:R;A17:R;A18:S;A27:S;A29:S;A31:R;A34:R,CHEMBL1200732,1
CHEMBL1200732::en2_A7:R;A15:S;A17:R;A18:S;A27:S;A29:S;A31:R;A34:R,CHEMBL1200732,2
CHEMBL1200732::en3_A7:S;A15:S;A17:R;A18:S;A27:S;A29:S;A31:R;A34:R,CHEMBL1200732,3
CHEMBL1200732::en4_A7:R;A15:R;A17:S;A18:S;A27:S;A29:S;A31:R;A34:R,CHEMBL1200732,4
CHEMBL1200774::en0_A1:R;A8:R;A11:S;A12:S;A13:R;A16:R;A18:R;A21:R,CHEMBL1200774,0
CHEMBL1200774::en1_A1:S;A8:R;A11:S;A12:S;A13:R;A16:R;A18:R;A21:R,CHEMBL1200774,1
CHEMBL1200774::en2_A1:R;A8:S;A11:S;A12:S;A13:R;A16:R;A18:R;A21:R,CHEMBL1200774,2
CHEMBL1200774::en3_A1:S;A8:S;A11:S;A12:S;A13:R;A16:R;A18:R;A21:R,CHEMBL1200774,3
CHEMBL1200774::en4_A1:R;A8:R;A11:R;A12:S;A13:R;A16:R;A18:R;A21:R,CHEMBL1200774,4
CHEMBL1200799::en0_A12:R;A13:S;A16:S;A30:R;A33:S,CHEMBL1200799,0
CHEMBL1200799::en1_A12:S;A13:S;A16:S;A30:R;A33:S,CHEMBL1200799,1
CHEMBL1200799::en2_A12:R;A13:R;A16:S;A30:R;A33:S,CHEMBL1200799,2
CHEMBL1200799::en3_A12:S;A13:R;A16:S;A30:R;A33:S,CHEMBL1200799,3
CHEMBL1200799::en4_A12:R;A13:S;A16:R;A30:R;A33:S,CHEMBL1200799,4
CHEMBL1200807::en0_A2:R;A6:R;A7:R;A17:R;A18:R;A21:S,CHEMBL1200807,0
CHEMBL1200807::en1_A2:S;A6:R;A7:R;A17:R;A18:R;A21:S,CHEMBL1200807,1
CHEMBL1200807::en2_A2:R;A6:S;A7:R;A17:R;A18:R;A21:S,CHEMBL1200807,2
CHEMBL1200807::en3_A2:S;A6:S;A7:R;A17:R;A18:R;A21:S,CHEMBL1200807,3
CHEMBL1200807::en4_A2:R;A6:R;A7:S;A17:R;A18:R;A21:S,CHEMBL1200807,4
CHEMBL1200829::en0_A3:R;A6:R;A8:S;A10:S,CHEMBL1200829,0
CHEMBL1200829::en1_A3:S;A6:R;A8:S;A10:S,CHEMBL1200829,1
CHEMBL1200829::en2_A3:R;A6:S;A8:S;A10:S,CHEMBL1200829,2
CHEMBL1200829::en3_A3:S;A6:S;A8:S;A10:S,CHEMBL1200829,3
CHEMBL1200829::en4_A3:R;A6:R;A8:R;A10:S,CHEMBL1200829,4
CHEMBL1200848::en0_A8:R;A14:R;A15:R;A24:R;A26:R;A29:S,CHEMBL1200848,0
CHEMBL1200848::en1_A8:S;A14:R;A15:R;A24:R;A26:R;A29:S,CHEMBL1200848,1
CHEMBL1200848::en2_A8:R;A14:S;A15:R;A24:R;A26:R;A29:S,CHEMBL1200848,2
CHEMBL1200848::en3_A8:S;A14:S;A15:R;A24:R;A26:R;A29:S,CHEMBL1200848,3
CHEMBL1200848::en4_A8:R;A14:R;A15:S;A24:R;A26:R;A29:S,CHEMBL1200848,4
CHEMBL1200853::en0_A3:R;A6:R;A7:S;A16:R;A18:R;A21:S,CHEMBL1200853,0
CHEMBL1200853::en1_A3:S;A6:R;A7:S;A16:R;A18:R;A21:S,CHEMBL1200853,1
CHEMBL1200853::en2_A3:R;A6:S;A7:S;A16:R;A18:R;A21:S,CHEMBL1200853,2
CHEMBL1200853::en3_A3:S;A6:S;A7:S;A16:R;A18:R;A21:S,CHEMBL1200853,3
CHEMBL1200853::en4_A3:R;A6:R;A7:R;A16:R;A18:R;A21:S,CHEMBL1200853,4
CHEMBL1200862::en0_A1:S,CHEMBL1200862,0
CHEMBL1200862::en1_A1:R,CHEMBL1200862,1
CHEMBL1200865::en0_A6:R;A14:R;A15:S;A24:R;A26:R;A27:R;A30:S,CHEMBL1200865,0
CHEMBL1200865::en1_A6:S;A14:R;A15:S;A24:R;A26:R;A27:R;A30:S,CHEMBL1200865,1
CHEMBL1200865::en2_A6:R;A14:S;A15:S;A24:R;A26:R;A27:R;A30:S,CHEMBL1200865,2
CHEMBL1200865::en3_A6:S;A14:S;A15:S;A24:R;A26:R;A27:R;A30:S,CHEMBL1200865,3
CHEMBL1200865::en4_A6:R;A14:R;A15:R;A24:R;A26:R;A27:R;A30:S,CHEMBL1200865,4
CHEMBL1200877::en0_A1:R;A3:R;A4:S;A6:S;A14:S;A16:S;A18:R;A21:S;A23:S,CHEMBL1200877,0
CHEMBL1200877::en1_A1:S;A3:R;A4:S;A6:S;A14:S;A16:S;A18:R;A21:S;A23:S,CHEMBL1200877,1
CHEMBL1200877::en2_A1:R;A3:S;A4:S;A6:S;A14:S;A16:S;A18:R;A21:S;A23:S,CHEMBL1200877,2
CHEMBL1200877::en3_A1:S;A3:S;A4:S;A6:S;A14:S;A16:S;A18:R;A21:S;A23:S,CHEMBL1200877,3
CHEMBL1200877::en4_A1:R;A3:R;A4:R;A6:S;A14:S;A16:S;A18:R;A21:S;A23:S,CHEMBL1200877,4
CHEMBL1200908::en0_A5:R;A10:R;A13:R;A14:S;A16:S;A24:S;A26:S;A28:R;A31:S,CHEMBL1200908,0
CHEMBL1200908::en1_A5:S;A10:R;A13:R;A14:S;A16:S;A24:S;A26:S;A28:R;A31:S,CHEMBL1200908,1
CHEMBL1200908::en2_A5:R;A10:S;A13:R;A14:S;A16:S;A24:S;A26:S;A28:R;A31:S,CHEMBL1200908,2
CHEMBL1200908::en3_A5:S;A10:S;A13:R;A14:S;A16:S;A24:S;A26:S;A28:R;A31:S,CHEMBL1200908,3
CHEMBL1200908::en4_A5:R;A10:R;A13:S;A14:S;A16:S;A24:S;A26:S;A28:R;A31:S,CHEMBL1200908,4
CHEMBL1200909::en0_A11:S;A15:R;A16:S;A25:R;A27:R;A28:R;A31:S,CHEMBL1200909,0
CHEMBL1200909::en1_A11:R;A15:R;A16:S;A25:R;A27:R;A28:R;A31:S,CHEMBL1200909,1
CHEMBL1200909::en2_A11:S;A15:S;A16:S;A25:R;A27:R;A28:R;A31:S,CHEMBL1200909,2
CHEMBL1200909::en3_A11:R;A15:S;A16:S;A25:R;A27:R;A28:R;A31:S,CHEMBL1200909,3
CHEMBL1200909::en4_A11:S;A15:R;A16:R;A25:R;A27:R;A28:R;A31:S,CHEMBL1200909,4
CHEMBL1200932::en0_A1:S,CHEMBL1200932,0
CHEMBL1200932::en1_A1:R,CHEMBL1200932,1
CHEMBL1200934::en0_A2:R;A9:R;A10:R;A20:R;A21:R;A24:S,CHEMBL1200934,0
CHEMBL1200934::en1_A2:S;A9:R;A10:R;A20:R;A21:R;A24:S,CHEMBL1200934,1
CHEMBL1200934::en2_A2:R;A9:S;A10:R;A20:R;A21:R;A24:S,CHEMBL1200934,2
CHEMBL1200934::en3_A2:S;A9:S;A10:R;A20:R;A21:R;A24:S,CHEMBL1200934,3
CHEMBL1200934::en4_A2:R;A9:R;A10:S;A20:R;A21:R;A24:S,CHEMBL1200934,4
CHEMBL1200937::en0_A10:R;A25:S;A38:S;A40:S;A47:R,CHEMBL1200937,0
CHEMBL1200937::en1_A10:S;A25:S;A38:S;A40:S;A47:R,CHEMBL1200937,1
CHEMBL1200937::en2_A10:R;A25:R;A38:S;A40:S;A47:R,CHEMBL1200937,2
CHEMBL1200937::en3_A10:S;A25:R;A38:S;A40:S;A47:R,CHEMBL1200937,3
CHEMBL1200937::en4_A10:R;A25:S;A38:R;A40:S;A47:R,CHEMBL1200937,4
CHEMBL1200946::en0_A12:R;A15:R;A16:R;A25:R;A26:R;A29:S,CHEMBL1200946,0
CHEMBL1200946::en1_A12:S;A15:R;A16:R;A25:R;A26:R;A29:S,CHEMBL1200946,1
CHEMBL1200946::en2_A12:R;A15:S;A16:R;A25:R;A26:R;A29:S,CHEMBL1200946,2
CHEMBL1200946::en3_A12:S;A15:S;A16:R;A25:R;A26:R;A29:S,CHEMBL1200946,3
CHEMBL1200946::en4_A12:R;A15:R;A16:S;A25:R;A26:R;A29:S,CHEMBL1200946,4
CHEMBL1200953::en0_A6:R;A17:R;A18:S;A27:R;A29:R;A30:R;A33:S,CHEMBL1200953,0
CHEMBL1200953::en1_A6:S;A17:R;A18:S;A27:R;A29:R;A30:R;A33:S,CHEMBL1200953,1
CHEMBL1200953::en2_A6:R;A17:S;A18:S;A27:R;A29:R;A30:R;A33:S,CHEMBL1200953,2
CHEMBL1200953::en3_A6:S;A17:S;A18:S;A27:R;A29:R;A30:R;A33:S,CHEMBL1200953,3
CHEMBL1200953::en4_A6:R;A17:R;A18:R;A27:R;A29:R;A30:R;A33:S,CHEMBL1200953,4
CHEMBL1200963::en0_A11:R;A12:S;A15:R;A25:R;A28:S,CHEMBL1200963,0
CHEMBL1200963::en1_A11:S;A12:S;A15:R;A25:R;A28:S,CHEMBL1200963,1
CHEMBL1200963::en2_A11:R;A12:R;A15:R;A25:R;A28:S,CHEMBL1200963,2
CHEMBL1200963::en3_A11:S;A12:R;A15:R;A25:R;A28:S,CHEMBL1200963,3
CHEMBL1200963::en4_A11:R;A12:S;A15:S;A25:R;A28:S,CHEMBL1200963,4
CHEMBL1200969::en0_A1:R;A7:R;A10:S;A11:S;A14:S;A16:R;A36:R,CHEMBL1200969,0
CHEMBL1200969::en1_A1:S;A7:R;A10:S;A11:S;A14:S;A16:R;A36:R,CHEMBL1200969,1
CHEMBL1200969::en2_A1:R;A7:S;A10:S;A11:S;A14:S;A16:R;A36:R,CHEMBL1200969,2
CHEMBL1200969::en3_A1:S;A7:S;A10:S;A11:S;A14:S;A16:R;A36:R,CHEMBL1200969,3
CHEMBL1200969::en4_A1:R;A7:R;A10:R;A11:S;A14:S;A16:R;A36:R,CHEMBL1200969,4
CHEMBL1200971::en0_A13:S;A17:R;A25:S,CHEMBL1200971,0
CHEMBL1200971::en1_A13:R;A17:R;A25:S,CHEMBL1200971,1
CHEMBL1200971::en2_A13:S;A17:S;A25:S,CHEMBL1200971,2
CHEMBL1200971::en3_A13:R;A17:S;A25:S,CHEMBL1200971,3
CHEMBL1200971::en4_A13:S;A17:R;A25:R,CHEMBL1200971,4
CHEMBL1200973::en0_A1:S;A4:S;A14:S;A15:S;A18:S,CHEMBL1200973,0
CHEMBL1200973::en1_A1:R;A4:S;A14:S;A15:S;A18:S,CHEMBL1200973,1
CHEMBL1200973::en2_A1:S;A4:R;A14:S;A15:S;A18:S,CHEMBL1200973,2
CHEMBL1200973::en3_A1:R;A4:R;A14:S;A15:S;A18:S,CHEMBL1200973,3
CHEMBL1200973::en4_A1:S;A4:S;A14:R;A15:S;A18:S,CHEMBL1200973,4
CHEMBL1200975::en0_A1:R;A3:R;A4:S;A6:S;A14:S;A16:S;A18:R;A21:S;A23:R,CHEMBL1200975,0
CHEMBL1200975::en1_A1:S;A3:R;A4:S;A6:S;A14:S;A16:S;A18:R;A21:S;A23:R,CHEMBL1200975,1
CHEMBL1200975::en2_A1:R;A3:S;A4:S;A6:S;A14:S;A16:S;A18:R;A21:S;A23:R,CHEMBL1200975,2
CHEMBL1200975::en3_A1:S;A3:S;A4:S;A6:S;A14:S;A16:S;A18:R;A21:S;A23:R,CHEMBL1200975,3
CHEMBL1200975::en4_A1:R;A3:R;A4:R;A6:S;A14:S;A16:S;A18:R;A21:S;A23:R,CHEMBL1200975,4
CHEMBL1200989::en0_A8:S;A14:R;A17:R;A18:R;A19:S;A20:R;A23:S;A25:S;A34:S,CHEMBL1200989,0
CHEMBL1200989::en1_A8:R;A14:R;A17:R;A18:R;A19:S;A20:R;A23:S;A25:S;A34:S,CHEMBL1200989,1
CHEMBL1200989::en2_A8:S;A14:S;A17:R;A18:R;A19:S;A20:R;A23:S;A25:S;A34:S,CHEMBL1200989,2
CHEMBL1200989::en3_A8:R;A14:S;A17:R;A18:R;A19:S;A20:R;A23:S;A25:S;A34:S,CHEMBL1200989,3
CHEMBL1200989::en4_A8:S;A14:R;A17:S;A18:R;A19:S;A20:R;A23:S;A25:S;A34:S,CHEMBL1200989,4
CHEMBL1201010::en0_A7:S;A11:R;A12:S;A21:S;A23:S;A25:R;A28:S,CHEMBL1201010,0
CHEMBL1201010::en1_A7:R;A11:R;A12:S;A21:S;A23:S;A25:R;A28:S,CHEMBL1201010,1
CHEMBL1201010::en2_A7:S;A11:S;A12:S;A21:S;A23:S;A25:R;A28:S,CHEMBL1201010,2
CHEMBL1201010::en3_A7:R;A11:S;A12:S;A21:S;A23:S;A25:R;A28:S,CHEMBL1201010,3
CHEMBL1201010::en4_A7:S;A11:R;A12:R;A21:S;A23:S;A25:R;A28:S,CHEMBL1201010,4
CHEMBL1201016::en0_A8:S;A20:S;A34:S,CHEMBL1201016,0
CHEMBL1201016::en1_A8:R;A20:S;A34:S,CHEMBL1201016,1
CHEMBL1201016::en2_A8:S;A20:R;A34:S,CHEMBL1201016,2
CHEMBL1201016::en3_A8:R;A20:R;A34:S,CHEMBL1201016,3
CHEMBL1201016::en4_A8:S;A20:S;A34:R,CHEMBL1201016,4
CHEMBL1201046::en0_A12:R;A34:R,CHEMBL1201046,0
CHEMBL1201046::en1_A12:S;A34:R,CHEMBL1201046,1
CHEMBL1201046::en2_A12:R;A34:S,CHEMBL1201046,2
CHEMBL1201046::en3_A12:S;A34:S,CHEMBL1201046,3
CHEMBL1201048::en0_A5:R;A8:R;A9:R;A12:R;A16:R;A19:S;A21:R;A24:S,CHEMBL1201048,0
CHEMBL1201048::en1_A5:S;A8:R;A9:R;A12:R;A16:R;A19:S;A21:R;A24:S,CHEMBL1201048,1
CHEMBL1201048::en2_A5:R;A8:S;A9:R;A12:R;A16:R;A19:S;A21:R;A24:S,CHEMBL1201048,2
CHEMBL1201048::en3_A5:S;A8:S;A9:R;A12:R;A16:R;A19:S;A21:R;A24:S,CHEMBL1201048,3
CHEMBL1201048::en4_A5:R;A8:R;A9:S;A12:R;A16:R;A19:S;A21:R;A24:S,CHEMBL1201048,4
CHEMBL1201064::en0_A4:R;A10:R;A11:S;A13:S;A21:S;A23:S;A25:R;A28:S,CHEMBL1201064,0
CHEMBL1201064::en1_A4:S;A10:R;A11:S;A13:S;A21:S;A23:S;A25:R;A28:S,CHEMBL1201064,1
CHEMBL1201064::en2_A4:R;A10:S;A11:S;A13:S;A21:S;A23:S;A25:R;A28:S,CHEMBL1201064,2
CHEMBL1201064::en3_A4:S;A10:S;A11:S;A13:S;A21:S;A23:S;A25:R;A28:S,CHEMBL1201064,3
CHEMBL1201064::en4_A4:R;A10:R;A11:R;A13:S;A21:S;A23:S;A25:R;A28:S,CHEMBL1201064,4
CHEMBL1201087::en0_A5:R;A21:R;A32:S,CHEMBL1201087,0
CHEMBL1201087::en1_A5:S;A21:R;A32:S,CHEMBL1201087,1
CHEMBL1201087::en2_A5:R;A21:S;A32:S,CHEMBL1201087,2
CHEMBL1201087::en3_A5:S;A21:S;A32:S,CHEMBL1201087,3
CHEMBL1201087::en4_A5:R;A21:R;A32:R,CHEMBL1201087,4
CHEMBL1201101::en0_A1:S;A4:R;A5:S;A14:R;A16:S;A19:S,CHEMBL1201101,0
CHEMBL1201101::en1_A1:R;A4:R;A5:S;A14:R;A16:S;A19:S,CHEMBL1201101,1
CHEMBL1201101::en2_A1:S;A4:S;A5:S;A14:R;A16:S;A19:S,CHEMBL1201101,2
CHEMBL1201101::en3_A1:R;A4:S;A5:S;A14:R;A16:S;A19:S,CHEMBL1201101,3
CHEMBL1201101::en4_A1:S;A4:R;A5:R;A14:R;A16:S;A19:S,CHEMBL1201101,4
CHEMBL1201112::en0_A12:R;A14:R;A17:R;A19:S,CHEMBL1201112,0
CHEMBL1201112::en1_A12:S;A14:R;A17:R;A19:S,CHEMBL1201112,1
CHEMBL1201112::en2_A12:R;A14:S;A17:R;A19:S,CHEMBL1201112,2
CHEMBL1201112::en3_A12:S;A14:S;A17:R;A19:S,CHEMBL1201112,3
CHEMBL1201112::en4_A12:R;A14:R;A17:S;A19:S,CHEMBL1201112,4
CHEMBL1201116::en0_A4:R;A5:R;A9:S;A23:R,CHEMBL1201116,0
CHEMBL1201116::en1_A4:S;A5:R;A9:S;A23:R,CHEMBL1201116,1
CHEMBL1201116::en2_A4:R;A5:S;A9:S;A23:R,CHEMBL1201116,2
CHEMBL1201116::en3_A4:S;A5:S;A9:S;A23:R,CHEMBL1201116,3
CHEMBL1201116::en4_A4:R;A5:R;A9:R;A23:R,CHEMBL1201116,4
CHEMBL1201134::en0_A7:S;A11:S;A12:S;A16:R,CHEMBL1201134,0
CHEMBL1201134::en1_A7:R;A11:S;A12:S;A16:R,CHEMBL1201134,1
CHEMBL1201134::en2_A7:S;A11:R;A12:S;A16:R,CHEMBL1201134,2
CHEMBL1201134::en3_A7:R;A11:R;A12:S;A16:R,CHEMBL1201134,3
CHEMBL1201134::en4_A7:S;A11:S;A12:R;A16:R,CHEMBL1201134,4
CHEMBL1201139::en0_A4:R;A10:R;A11:R;A21:R;A23:R;A26:S,CHEMBL1201139,0
CHEMBL1201139::en1_A4:S;A10:R;A11:R;A21:R;A23:R;A26:S,CHEMBL1201139,1
CHEMBL1201139::en2_A4:R;A10:S;A11:R;A21:R;A23:R;A26:S,CHEMBL1201139,2
CHEMBL1201139::en3_A4:S;A10:S;A11:R;A21:R;A23:R;A26:S,CHEMBL1201139,3
CHEMBL1201139::en4_A4:R;A10:R;A11:S;A21:R;A23:R;A26:S,CHEMBL1201139,4
CHEMBL1201146::en0_A2:R;A9:R;A10:R;A19:R;A20:R;A23:S,CHEMBL1201146,0
CHEMBL1201146::en1_A2:S;A9:R;A10:R;A19:R;A20:R;A23:S,CHEMBL1201146,1
CHEMBL1201146::en2_A2:R;A9:S;A10:R;A19:R;A20:R;A23:S,CHEMBL1201146,2
CHEMBL1201146::en3_A2:S;A9:S;A10:R;A19:R;A20:R;A23:S,CHEMBL1201146,3
CHEMBL1201146::en4_A2:R;A9:R;A10:S;A19:R;A20:R;A23:S,CHEMBL1201146,4
CHEMBL1201148::en0_A1:R;A3:R;A4:S;A13:R;A15:R;A19:S;A21:S,CHEMBL1201148,0
CHEMBL1201148::en1_A1:S;A3:R;A4:S;A13:R;A15:R;A19:S;A21:S,CHEMBL1201148,1
CHEMBL1201148::en2_A1:R;A3:S;A4:S;A13:R;A15:R;A19:S;A21:S,CHEMBL1201148,2
CHEMBL1201148::en3_A1:S;A3:S;A4:S;A13:R;A15:R;A19:S;A21:S,CHEMBL1201148,3
CHEMBL1201148::en4_A1:R;A3:R;A4:R;A13:R;A15:R;A19:S;A21:S,CHEMBL1201148,4
CHEMBL1201151::en0_A2:R;A6:R;A7:R;A18:R;A21:S,CHEMBL1201151,0
CHEMBL1201151::en1_A2:S;A6:R;A7:R;A18:R;A21:S,CHEMBL1201151,1
CHEMBL1201151::en2_A2:R;A6:S;A7:R;A18:R;A21:S,CHEMBL1201151,2
CHEMBL1201151::en3_A2:S;A6:S;A7:R;A18:R;A21:S,CHEMBL1201151,3
CHEMBL1201151::en4_A2:R;A6:R;A7:S;A18:R;A21:S,CHEMBL1201151,4
CHEMBL1201165::en0_A2:R;A6:R;A7:R;A22:R;A25:S,CHEMBL1201165,0
CHEMBL1201165::en1_A2:S;A6:R;A7:R;A22:R;A25:S,CHEMBL1201165,1
CHEMBL1201165::en2_A2:R;A6:S;A7:R;A22:R;A25:S,CHEMBL1201165,2
CHEMBL1201165::en3_A2:S;A6:S;A7:R;A22:R;A25:S,CHEMBL1201165,3
CHEMBL1201165::en4_A2:R;A6:R;A7:S;A22:R;A25:S,CHEMBL1201165,4
CHEMBL1201173::en0_A3:R;A6:R;A7:S;A9:S;A17:R;A19:R;A20:R;A23:S,CHEMBL1201173,0
CHEMBL1201173::en1_A3:S;A6:R;A7:S;A9:S;A17:R;A19:R;A20:R;A23:S,CHEMBL1201173,1
CHEMBL1201173::en2_A3:R;A6:S;A7:S;A9:S;A17:R;A19:R;A20:R;A23:S,CHEMBL1201173,2
CHEMBL1201173::en3_A3:S;A6:S;A7:S;A9:S;A17:R;A19:R;A20:R;A23:S,CHEMBL1201173,3
CHEMBL1201173::en4_A3:R;A6:R;A7:R;A9:S;A17:R;A19:R;A20:R;A23:S,CHEMBL1201173,4
CHEMBL1201182::en0_A2:R;A4:S;A7:S;A9:S;A21:S;A25:S;A26:R;A29:S;A32:S;A42:S;A49:S;A54:S;A56:R;A61:R;A64:R,CHEMBL1201182,0
CHEMBL1201182::en1_A2:S;A4:R;A7:S;A9:R;A21:S;A25:S;A26:S;A29:R;A32:R;A42:R;A49:R;A54:S;A56:R;A61:S;A64:R,CHEMBL1201182,1
CHEMBL1201182::en2_A2:R;A4:S;A7:R;A9:R;A21:S;A25:S;A26:R;A29:R;A32:S;A42:R;A49:S;A54:S;A56:R;A61:S;A64:R,CHEMBL1201182,2
CHEMBL1201182::en3_A2:R;A4:S;A7:S;A9:S;A21:R;A25:S;A26:S;A29:R;A32:R;A42:R;A49:S;A54:S;A56:S;A61:R;A64:R,CHEMBL1201182,3
CHEMBL1201182::en4_A2:S;A4:R;A7:S;A9:R;A21:R;A25:S;A26:S;A29:S;A32:R;A42:S;A49:S;A54:R;A56:R;A61:R;A64:S,CHEMBL1201182,4
CHEMBL1201187::en0_A9:S;A11:S;A14:R;A19:S,CHEMBL1201187,0
CHEMBL1201187::en1_A9:R;A11:S;A14:R;A19:S,CHEMBL1201187,1
CHEMBL1201187::en2_A9:R;A11:S;A14:R;A19:R,CHEMBL1201187,2
CHEMBL1201191::en0_A11:R,CHEMBL1201191,0
CHEMBL1201191::en1_A11:S,CHEMBL1201191,1
CHEMBL1201195::en0_A2:R;A29:R,CHEMBL1201195,0
CHEMBL1201195::en1_A2:S;A29:R,CHEMBL1201195,1
CHEMBL1201195::en2_A2:R;A29:S,CHEMBL1201195,2
CHEMBL1201195::en3_A2:S;A29:S,CHEMBL1201195,3
CHEMBL1201197::en0_A1:S;A6:R;A11:R;A12:S;A39:R,CHEMBL1201197,0
CHEMBL1201197::en1_A1:R;A6:R;A11:R;A12:S;A39:R,CHEMBL1201197,1
CHEMBL1201197::en2_A1:S;A6:S;A11:R;A12:S;A39:R,CHEMBL1201197,2
CHEMBL1201197::en3_A1:R;A6:S;A11:R;A12:S;A39:R,CHEMBL1201197,3
CHEMBL1201197::en4_A1:S;A6:R;A11:S;A12:S;A39:R,CHEMBL1201197,4
CHEMBL1201201::en0_A2:R,CHEMBL1201201,0
CHEMBL1201201::en1_A2:S,CHEMBL1201201,1
CHEMBL1201203::en0_A2:S;A5:R;A7:R,CHEMBL1201203,0
CHEMBL1201203::en1_A2:R;A5:S;A7:S,CHEMBL1201203,1
CHEMBL1201204::en0_A9:S;A13:R;A32:R,CHEMBL1201204,0
CHEMBL1201204::en1_A9:R;A13:R;A32:R,CHEMBL1201204,1
CHEMBL1201204::en2_A9:S;A13:S;A32:R,CHEMBL1201204,2
CHEMBL1201204::en3_A9:R;A13:S;A32:R,CHEMBL1201204,3
CHEMBL1201204::en4_A9:S;A13:R;A32:S,CHEMBL1201204,4
CHEMBL1201206::en0_A4:R;A6:S;A9:R;A10:S;A13:R;A15:R;A17:S;A26:R;A31:R;A34:S,CHEMBL1201206,0
CHEMBL1201206::en1_A4:R;A6:R;A9:R;A10:S;A13:R;A15:R;A17:S;A26:R;A31:R;A34:S,CHEMBL1201206,1
CHEMBL1201206::en2_A4:S;A6:R;A9:R;A10:S;A13:R;A15:R;A17:S;A26:R;A31:R;A34:S,CHEMBL1201206,2
CHEMBL1201207::en0_A1:R;A3:R;A4:S;A13:S;A15:S;A17:R;A20:S;A22:S,CHEMBL1201207,0
CHEMBL1201207::en1_A1:S;A3:R;A4:S;A13:S;A15:S;A17:R;A20:S;A22:S,CHEMBL1201207,1
CHEMBL1201207::en2_A1:R;A3:S;A4:S;A13:S;A15:S;A17:R;A20:S;A22:S,CHEMBL1201207,2
CHEMBL1201207::en3_A1:S;A3:S;A4:S;A13:S;A15:S;A17:R;A20:S;A22:S,CHEMBL1201207,3
CHEMBL1201207::en4_A1:R;A3:R;A4:R;A13:S;A15:S;A17:R;A20:S;A22:S,CHEMBL1201207,4
CHEMBL1201218::en0_A16:S;A20:R;A30:S,CHEMBL1201218,0
CHEMBL1201218::en1_A16:R;A20:R;A30:S,CHEMBL1201218,1
CHEMBL1201218::en2_A16:S;A20:S;A30:S,CHEMBL1201218,2
CHEMBL1201218::en3_A16:R;A20:S;A30:S,CHEMBL1201218,3
CHEMBL1201218::en4_A16:S;A20:R;A30:R,CHEMBL1201218,4
CHEMBL1201222::en0_A1:R;A12:R,CHEMBL1201222,0
CHEMBL1201222::en1_A1:S;A12:R,CHEMBL1201222,1
CHEMBL1201222::en2_A1:R;A12:S,CHEMBL1201222,2
CHEMBL1201222::en3_A1:S;A12:S,CHEMBL1201222,3
CHEMBL1201224::en0_A7:R;A26:R,CHEMBL1201224,0
CHEMBL1201224::en1_A7:S;A26:R,CHEMBL1201224,1
CHEMBL1201224::en2_A7:R;A26:S,CHEMBL1201224,2
CHEMBL1201224::en3_A7:S;A26:S,CHEMBL1201224,3
CHEMBL1201224::en4_A7:R;A26:R,CHEMBL1201224,4
CHEMBL1201231::en0_A1:R;A10:S;A11:S;A12:R;A15:R;A17:R;A20:R,CHEMBL1201231,0
CHEMBL1201231::en1_A1:S;A10:S;A11:S;A12:R;A15:R;A17:R;A20:R,CHEMBL1201231,1
CHEMBL1201231::en2_A1:R;A10:R;A11:S;A12:R;A15:R;A17:R;A20:R,CHEMBL1201231,2
CHEMBL1201231::en3_A1:S;A10:R;A11:S;A12:R;A15:R;A17:R;A20:R,CHEMBL1201231,3
CHEMBL1201231::en4_A1:R;A10:S;A11:R;A12:R;A15:R;A17:R;A20:R,CHEMBL1201231,4
CHEMBL1201233::en0_A5:R,CHEMBL1201233,0
CHEMBL1201233::en1_A5:S,CHEMBL1201233,1
CHEMBL1201236::en0_A1:R,CHEMBL1201236,0
CHEMBL1201236::en1_A1:S,CHEMBL1201236,1
CHEMBL1201237::en0_A6:S,CHEMBL1201237,0
CHEMBL1201237::en1_A6:R,CHEMBL1201237,1
CHEMBL1201244::en0_A4:R;A6:R;A7:R;A10:R;A12:S;A14:R;A22:S;A24:R;A27:S;A29:S,CHEMBL1201244,0
CHEMBL1201244::en1_A4:S;A6:R;A7:R;A10:R;A12:S;A14:R;A22:S;A24:R;A27:S;A29:S,CHEMBL1201244,1
CHEMBL1201244::en2_A4:R;A6:S;A7:R;A10:R;A12:S;A14:R;A22:S;A24:R;A27:S;A29:S,CHEMBL1201244,2
CHEMBL1201244::en3_A4:S;A6:S;A7:R;A10:R;A12:S;A14:R;A22:S;A24:R;A27:S;A29:S,CHEMBL1201244,3
CHEMBL1201244::en4_A4:R;A6:R;A7:S;A10:R;A12:S;A14:R;A22:S;A24:R;A27:S;A29:S,CHEMBL1201244,4
CHEMBL1201251::en0_A11:R,CHEMBL1201251,0
CHEMBL1201251::en1_A11:S,CHEMBL1201251,1
CHEMBL1201263::en0_A12:S;A16:R;A17:S;A26:R;A28:R;A29:R;A32:S,CHEMBL1201263,0
CHEMBL1201263::en1_A12:R;A16:R;A17:S;A26:R;A28:R;A29:R;A32:S,CHEMBL1201263,1
CHEMBL1201263::en2_A12:S;A16:S;A17:S;A26:R;A28:R;A29:R;A32:S,CHEMBL1201263,2
CHEMBL1201263::en3_A12:R;A16:S;A17:S;A26:R;A28:R;A29:R;A32:S,CHEMBL1201263,3
CHEMBL1201263::en4_A12:S;A16:R;A17:R;A26:R;A28:R;A29:R;A32:S,CHEMBL1201263,4
CHEMBL1201265::en0_A1:R;A3:S;A4:S;A5:R;A8:R;A10:R;A13:R;A26:S,CHEMBL1201265,0
CHEMBL1201265::en1_A1:S;A3:S;A4:S;A5:R;A8:R;A10:R;A13:R;A26:S,CHEMBL1201265,1
CHEMBL1201265::en2_A1:R;A3:R;A4:S;A5:R;A8:R;A10:R;A13:R;A26:S,CHEMBL1201265,2
CHEMBL1201265::en3_A1:S;A3:R;A4:S;A5:R;A8:R;A10:R;A13:R;A26:S,CHEMBL1201265,3
CHEMBL1201265::en4_A1:R;A3:S;A4:R;A5:R;A8:R;A10:R;A13:R;A26:S,CHEMBL1201265,4
CHEMBL1201281::en0_A9:S;A16:R,CHEMBL1201281,0
CHEMBL1201281::en1_A9:R;A16:R,CHEMBL1201281,1
CHEMBL1201281::en2_A9:S;A16:S,CHEMBL1201281,2
CHEMBL1201281::en3_A9:R;A16:S,CHEMBL1201281,3
CHEMBL1201284::en0_A1:S,CHEMBL1201284,0
CHEMBL1201284::en1_A1:R,CHEMBL1201284,1
CHEMBL1201289::en0_A18:R;A19:R;A21:S;A23:S;A24:S;A28:S;A30:S;A37:S;A41:R,CHEMBL1201289,0
CHEMBL1201289::en1_A18:S;A19:R;A21:S;A23:S;A24:S;A28:S;A30:S;A37:S;A41:R,CHEMBL1201289,1
CHEMBL1201289::en2_A18:R;A19:S;A21:S;A23:S;A24:S;A28:S;A30:S;A37:S;A41:R,CHEMBL1201289,2
CHEMBL1201289::en3_A18:S;A19:S;A21:S;A23:S;A24:S;A28:S;A30:S;A37:S;A41:R,CHEMBL1201289,3
CHEMBL1201289::en4_A18:R;A19:R;A21:R;A23:S;A24:S;A28:S;A30:S;A37:S;A41:R,CHEMBL1201289,4
CHEMBL1201302::en0_A1:R;A3:R;A4:S;A13:S;A15:S;A17:R;A20:S;A22:S,CHEMBL1201302,0
CHEMBL1201302::en1_A1:S;A3:R;A4:S;A13:S;A15:S;A17:R;A20:S;A22:S,CHEMBL1201302,1
CHEMBL1201302::en2_A1:R;A3:S;A4:S;A13:S;A15:S;A17:R;A20:S;A22:S,CHEMBL1201302,2
CHEMBL1201302::en3_A1:S;A3:S;A4:S;A13:S;A15:S;A17:R;A20:S;A22:S,CHEMBL1201302,3
CHEMBL1201302::en4_A1:R;A3:R;A4:R;A13:S;A15:S;A17:R;A20:S;A22:S,CHEMBL1201302,4
CHEMBL1201314::en0_A3:S;A9:S,CHEMBL1201314,0
CHEMBL1201314::en1_A3:R;A9:S,CHEMBL1201314,1
CHEMBL1201314::en2_A3:S;A9:R,CHEMBL1201314,2
CHEMBL1201314::en3_A3:R;A9:R,CHEMBL1201314,3
CHEMBL1201319::en0_A1:S;A3:R,CHEMBL1201319,0
CHEMBL1201319::en1_A1:R;A3:R,CHEMBL1201319,1
CHEMBL1201319::en2_A1:S;A3:S,CHEMBL1201319,2
CHEMBL1201319::en3_A1:R;A3:S,CHEMBL1201319,3
CHEMBL1201352::en0_A4:R;A6:R;A7:R;A10:R;A12:S;A17:R;A25:S;A27:R;A30:S;A32:S,CHEMBL1201352,0
CHEMBL1201352::en1_A4:S;A6:R;A7:R;A10:R;A12:S;A17:R;A25:S;A27:R;A30:S;A32:S,CHEMBL1201352,1
CHEMBL1201352::en2_A4:R;A6:S;A7:R;A10:R;A12:S;A17:R;A25:S;A27:R;A30:S;A32:S,CHEMBL1201352,2
CHEMBL1201352::en3_A4:S;A6:S;A7:R;A10:R;A12:S;A17:R;A25:S;A27:R;A30:S;A32:S,CHEMBL1201352,3
CHEMBL1201352::en4_A4:R;A6:R;A7:S;A10:R;A12:S;A17:R;A25:S;A27:R;A30:S;A32:S,CHEMBL1201352,4
CHEMBL1201356::en0_A2:R;A8:R;A21:S,CHEMBL1201356,0
CHEMBL1201356::en1_A2:S;A8:R;A21:S,CHEMBL1201356,1
CHEMBL1201356::en2_A2:R;A8:S;A21:S,CHEMBL1201356,2
CHEMBL1201356::en3_A2:S;A8:S;A21:S,CHEMBL1201356,3
CHEMBL1201356::en4_A2:R;A8:R;A21:R,CHEMBL1201356,4
CHEMBL1201362::en0_A1:R;A3:R;A4:S;A13:S;A15:S;A17:R;A20:S;A22:S,CHEMBL1201362,0
CHEMBL1201362::en1_A1:S;A3:R;A4:S;A13:S;A15:S;A17:R;A20:S;A22:S,CHEMBL1201362,1
CHEMBL1201362::en2_A1:R;A3:S;A4:S;A13:S;A15:S;A17:R;A20:S;A22:S,CHEMBL1201362,2
CHEMBL1201362::en3_A1:S;A3:S;A4:S;A13:S;A15:S;A17:R;A20:S;A22:S,CHEMBL1201362,3
CHEMBL1201362::en4_A1:R;A3:R;A4:R;A13:S;A15:S;A17:R;A20:S;A22:S,CHEMBL1201362,4
CHEMBL1201365::en0_A1:S;A3:R;A18:S;A23:S;A27:S,CHEMBL1201365,0
CHEMBL1201365::en1_A1:R;A3:R;A18:S;A23:S;A27:S,CHEMBL1201365,1
CHEMBL1201365::en2_A1:S;A3:S;A18:S;A23:S;A27:S,CHEMBL1201365,2
CHEMBL1201365::en3_A1:R;A3:S;A18:S;A23:S;A27:S,CHEMBL1201365,3
CHEMBL1201365::en4_A1:S;A3:R;A18:R;A23:S;A27:S,CHEMBL1201365,4
CHEMBL1201369::en0_A9:R;A11:R;A14:S;A18:R;A26:R;A28:S,CHEMBL1201369,0
CHEMBL1201369::en1_A9:S;A11:R;A14:S;A18:R;A26:R;A28:S,CHEMBL1201369,1
CHEMBL1201369::en2_A9:R;A11:S;A14:S;A18:R;A26:R;A28:S,CHEMBL1201369,2
CHEMBL1201369::en3_A9:S;A11:S;A14:S;A18:R;A26:R;A28:S,CHEMBL1201369,3
CHEMBL1201369::en4_A9:R;A11:R;A14:R;A18:R;A26:R;A28:S,CHEMBL1201369,4
CHEMBL1201370::en0_A11:R;A13:R;A16:S;A20:R;A28:S;A30:S,CHEMBL1201370,0
CHEMBL1201370::en1_A11:S;A13:R;A16:S;A20:R;A28:S;A30:S,CHEMBL1201370,1
CHEMBL1201370::en2_A11:R;A13:S;A16:S;A20:R;A28:S;A30:S,CHEMBL1201370,2
CHEMBL1201370::en3_A11:S;A13:S;A16:S;A20:R;A28:S;A30:S,CHEMBL1201370,3
CHEMBL1201370::en4_A11:R;A13:R;A16:R;A20:R;A28:S;A30:S,CHEMBL1201370,4
CHEMBL1201373::en0_A2:S;A7:R;A9:S;A15:S;A17:S;A20:S;A23:S;A29:S,CHEMBL1201373,0
CHEMBL1201373::en1_A2:R;A7:R;A9:S;A15:S;A17:S;A20:S;A23:S;A29:S,CHEMBL1201373,1
CHEMBL1201373::en2_A2:S;A7:S;A9:S;A15:S;A17:S;A20:S;A23:S;A29:S,CHEMBL1201373,2
CHEMBL1201373::en3_A2:R;A7:S;A9:S;A15:S;A17:S;A20:S;A23:S;A29:S,CHEMBL1201373,3
CHEMBL1201373::en4_A2:S;A7:R;A9:R;A15:S;A17:S;A20:S;A23:S;A29:S,CHEMBL1201373,4
CHEMBL1201379::en0_A9:R;A10:S;A13:S;A27:R;A30:S,CHEMBL1201379,0
CHEMBL1201379::en1_A9:S;A10:S;A13:S;A27:R;A30:S,CHEMBL1201379,1
CHEMBL1201379::en2_A9:R;A10:R;A13:S;A27:R;A30:S,CHEMBL1201379,2
CHEMBL1201379::en3_A9:S;A10:R;A13:S;A27:R;A30:S,CHEMBL1201379,3
CHEMBL1201379::en4_A9:R;A10:S;A13:R;A27:R;A30:S,CHEMBL1201379,4
CHEMBL1201383::en0_A5:R;A7:R;A10:S;A14:R;A22:S,CHEMBL1201383,0
CHEMBL1201383::en1_A5:S;A7:R;A10:S;A14:R;A22:S,CHEMBL1201383,1
CHEMBL1201383::en2_A5:R;A7:S;A10:S;A14:R;A22:S,CHEMBL1201383,2
CHEMBL1201383::en3_A5:S;A7:S;A10:S;A14:R;A22:S,CHEMBL1201383,3
CHEMBL1201383::en4_A5:R;A7:R;A10:R;A14:R;A22:S,CHEMBL1201383,4
CHEMBL1201384::en0_A5:S;A8:R;A11:S;A15:R,CHEMBL1201384,0
CHEMBL1201384::en1_A5:R;A8:R;A11:S;A15:R,CHEMBL1201384,1
CHEMBL1201384::en2_A5:S;A8:S;A11:S;A15:R,CHEMBL1201384,2
CHEMBL1201384::en3_A5:R;A8:S;A11:S;A15:R,CHEMBL1201384,3
CHEMBL1201384::en4_A5:S;A8:R;A11:R;A15:R,CHEMBL1201384,4
CHEMBL1201387::en0_A1:S;A3:R;A18:S;A23:S;A28:S,CHEMBL1201387,0
CHEMBL1201387::en1_A1:R;A3:R;A18:S;A23:S;A28:S,CHEMBL1201387,1
CHEMBL1201387::en2_A1:S;A3:S;A18:S;A23:S;A28:S,CHEMBL1201387,2
CHEMBL1201387::en3_A1:R;A3:S;A18:S;A23:S;A28:S,CHEMBL1201387,3
CHEMBL1201387::en4_A1:S;A3:R;A18:R;A23:S;A28:S,CHEMBL1201387,4
CHEMBL1201388::en0_A1:S;A10:R;A11:S;A14:R;A20:R;A23:S;A25:S,CHEMBL1201388,0
CHEMBL1201388::en1_A1:R;A10:R;A11:S;A14:R;A20:R;A23:S;A25:S,CHEMBL1201388,1
CHEMBL1201388::en2_A1:S;A10:S;A11:S;A14:R;A20:R;A23:S;A25:S,CHEMBL1201388,2
CHEMBL1201388::en3_A1:R;A10:S;A11:S;A14:R;A20:R;A23:S;A25:S,CHEMBL1201388,3
CHEMBL1201388::en4_A1:S;A10:R;A11:R;A14:R;A20:R;A23:S;A25:S,CHEMBL1201388,4
CHEMBL1201389::en0_A1:R;A10:S;A11:S;A12:R;A15:R;A17:R;A20:R,CHEMBL1201389,0
CHEMBL1201389::en1_A1:S;A10:S;A11:S;A12:R;A15:R;A17:R;A20:R,CHEMBL1201389,1
CHEMBL1201389::en2_A1:R;A10:R;A11:S;A12:R;A15:R;A17:R;A20:R,CHEMBL1201389,2
CHEMBL1201389::en3_A1:S;A10:R;A11:S;A12:R;A15:R;A17:R;A20:R,CHEMBL1201389,3
CHEMBL1201389::en4_A1:R;A10:S;A11:R;A12:R;A15:R;A17:R;A20:R,CHEMBL1201389,4
CHEMBL1201390::en0_A1:S;A8:R;A11:R;A12:S;A14:S;A16:S;A22:R;A25:S;A27:S,CHEMBL1201390,0
CHEMBL1201390::en1_A1:R;A8:R;A11:R;A12:S;A14:S;A16:S;A22:R;A25:S;A27:S,CHEMBL1201390,1
CHEMBL1201390::en2_A1:S;A8:S;A11:R;A12:S;A14:S;A16:S;A22:R;A25:S;A27:S,CHEMBL1201390,2
CHEMBL1201390::en3_A1:R;A8:S;A11:R;A12:S;A14:S;A16:S;A22:R;A25:S;A27:S,CHEMBL1201390,3
CHEMBL1201390::en4_A1:S;A8:R;A11:S;A12:S;A14:S;A16:S;A22:R;A25:S;A27:S,CHEMBL1201390,4
CHEMBL1201391::en0_A8:R;A10:S;A16:S;A18:S;A21:S;A24:S;A30:S,CHEMBL1201391,0
CHEMBL1201391::en1_A8:S;A10:S;A16:S;A18:S;A21:S;A24:S;A30:S,CHEMBL1201391,1
CHEMBL1201391::en2_A8:R;A10:R;A16:S;A18:S;A21:S;A24:S;A30:S,CHEMBL1201391,2
CHEMBL1201391::en3_A8:S;A10:R;A16:S;A18:S;A21:S;A24:S;A30:S,CHEMBL1201391,3
CHEMBL1201391::en4_A8:R;A10:S;A16:R;A18:S;A21:S;A24:S;A30:S,CHEMBL1201391,4
CHEMBL1201392::en0_A1:R;A3:R;A4:S;A6:S;A14:S;A16:S;A18:R;A21:S;A23:S,CHEMBL1201392,0
CHEMBL1201392::en1_A1:S;A3:R;A4:S;A6:S;A14:S;A16:S;A18:R;A21:S;A23:S,CHEMBL1201392,1
CHEMBL1201392::en2_A1:R;A3:S;A4:S;A6:S;A14:S;A16:S;A18:R;A21:S;A23:S,CHEMBL1201392,2
CHEMBL1201392::en3_A1:S;A3:S;A4:S;A6:S;A14:S;A16:S;A18:R;A21:S;A23:S,CHEMBL1201392,3
CHEMBL1201392::en4_A1:R;A3:R;A4:R;A6:S;A14:S;A16:S;A18:R;A21:S;A23:S,CHEMBL1201392,4
CHEMBL1201395::en0_A9:S;A12:R;A15:S;A19:R,CHEMBL1201395,0
CHEMBL1201395::en1_A9:R;A12:R;A15:S;A19:R,CHEMBL1201395,1
CHEMBL1201395::en2_A9:S;A12:S;A15:S;A19:R,CHEMBL1201395,2
CHEMBL1201395::en3_A9:R;A12:S;A15:S;A19:R,CHEMBL1201395,3
CHEMBL1201395::en4_A9:S;A12:R;A15:R;A19:R,CHEMBL1201395,4
CHEMBL1201397::en0_A2:S;A6:R;A8:S;A10:S;A12:S;A16:R;A18:S;A21:S;A23:R;A25:R;A27:R;A30:S;A34:R;A36:S;A40:R;A42:S;A44:S;A46:R;A48:R,CHEMBL1201397,0
CHEMBL1201397::en1_A2:S;A6:S;A8:S;A10:R;A12:S;A16:S;A18:S;A21:R;A23:S;A25:S;A27:R;A30:S;A34:S;A36:S;A40:R;A42:S;A44:R;A46:S;A48:R,CHEMBL1201397,1
CHEMBL1201397::en2_A2:R;A6:R;A8:R;A10:S;A12:S;A16:S;A18:S;A21:S;A23:S;A25:S;A27:R;A30:R;A34:R;A36:S;A40:S;A42:R;A44:R;A46:R;A48:R,CHEMBL1201397,2
CHEMBL1201397::en3_A2:R;A6:S;A8:S;A10:R;A12:S;A16:S;A18:R;A21:R;A23:S;A25:R;A27:S;A30:R;A34:R;A36:S;A40:R;A42:S;A44:R;A46:R;A48:S,CHEMBL1201397,3
CHEMBL1201397::en4_A2:R;A6:R;A8:R;A10:S;A12:R;A16:R;A18:R;A21:R;A23:R;A25:R;A27:R;A30:S;A34:R;A36:R;A40:S;A42:S;A44:S;A46:R;A48:S,CHEMBL1201397,4
CHEMBL1201398::en0_A7:S;A20:S,CHEMBL1201398,0
CHEMBL1201398::en1_A7:R;A20:S,CHEMBL1201398,1
CHEMBL1201398::en2_A7:S;A20:R,CHEMBL1201398,2
CHEMBL1201398::en3_A7:R;A20:R,CHEMBL1201398,3
CHEMBL1201398::en4_A7:S;A20:S,CHEMBL1201398,4
CHEMBL1201404::en0_A1:R;A3:R;A4:S;A13:S;A15:S;A17:R;A20:S;A22:S,CHEMBL1201404,0
CHEMBL1201404::en1_A1:S;A3:R;A4:S;A13:S;A15:S;A17:R;A20:S;A22:S,CHEMBL1201404,1
CHEMBL1201404::en2_A1:R;A3:S;A4:S;A13:S;A15:S;A17:R;A20:S;A22:S,CHEMBL1201404,2
CHEMBL1201404::en3_A1:S;A3:S;A4:S;A13:S;A15:S;A17:R;A20:S;A22:S,CHEMBL1201404,3
CHEMBL1201404::en4_A1:R;A3:R;A4:R;A13:S;A15:S;A17:R;A20:S;A22:S,CHEMBL1201404,4
CHEMBL1201405::en0_A14:S;A17:R;A29:S,CHEMBL1201405,0
CHEMBL1201405::en1_A14:R;A17:R;A29:S,CHEMBL1201405,1
CHEMBL1201405::en2_A14:S;A17:S;A29:S,CHEMBL1201405,2
CHEMBL1201405::en3_A14:R;A17:S;A29:S,CHEMBL1201405,3
CHEMBL1201405::en4_A14:S;A17:R;A29:R,CHEMBL1201405,4
CHEMBL1201406::en0_A2:R;A6:R;A7:R;A12:R;A16:R;A17:R;A20:S,CHEMBL1201406,0
CHEMBL1201406::en1_A2:S;A6:R;A7:R;A12:R;A16:R;A17:R;A20:S,CHEMBL1201406,1
CHEMBL1201406::en2_A2:R;A6:S;A7:R;A12:R;A16:R;A17:R;A20:S,CHEMBL1201406,2
CHEMBL1201406::en3_A2:S;A6:S;A7:R;A12:R;A16:R;A17:R;A20:S,CHEMBL1201406,3
CHEMBL1201406::en4_A2:R;A6:R;A7:S;A12:R;A16:R;A17:R;A20:S,CHEMBL1201406,4
CHEMBL1201407::en0_A11:R;A12:S;A22:R;A25:S,CHEMBL1201407,0
CHEMBL1201407::en1_A11:S;A12:S;A22:R;A25:S,CHEMBL1201407,1
CHEMBL1201407::en2_A11:R;A12:R;A22:R;A25:S,CHEMBL1201407,2
CHEMBL1201407::en3_A11:S;A12:R;A22:R;A25:S,CHEMBL1201407,3
CHEMBL1201407::en4_A11:R;A12:S;A22:S;A25:S,CHEMBL1201407,4
CHEMBL1201746::en0_A3:R;A24:R,CHEMBL1201746,0
CHEMBL1201746::en1_A3:S;A24:R,CHEMBL1201746,1
CHEMBL1201746::en2_A3:R;A24:S,CHEMBL1201746,2
CHEMBL1201746::en3_A3:S;A24:S,CHEMBL1201746,3
CHEMBL1201748::en0_A2:S;A5:S;A7:S;A11:R;A14:S;A19:S;A20:S;A30:S;A33:S;A37:R;A39:R,CHEMBL1201748,0
CHEMBL1201748::en1_A2:R;A5:S;A7:R;A11:R;A14:S;A19:R;A20:S;A30:S;A33:R;A37:R;A39:R,CHEMBL1201748,1
CHEMBL1201748::en2_A2:S;A5:R;A7:R;A11:S;A14:R;A19:S;A20:R;A30:S;A33:R;A37:R;A39:R,CHEMBL1201748,2
CHEMBL1201748::en3_A2:R;A5:R;A7:R;A11:S;A14:S;A19:R;A20:S;A30:S;A33:S;A37:R;A39:R,CHEMBL1201748,3
CHEMBL1201748::en4_A2:S;A5:S;A7:S;A11:S;A14:R;A19:R;A20:S;A30:R;A33:S;A37:R;A39:R,CHEMBL1201748,4
CHEMBL1201749::en0_A6:R;A16:R;A17:S;A19:S;A27:S;A29:S;A31:R;A34:S,CHEMBL1201749,0
CHEMBL1201749::en1_A6:S;A16:R;A17:S;A19:S;A27:S;A29:S;A31:R;A34:S,CHEMBL1201749,1
CHEMBL1201749::en2_A6:R;A16:S;A17:S;A19:S;A27:S;A29:S;A31:R;A34:S,CHEMBL1201749,2
CHEMBL1201749::en3_A6:S;A16:S;A17:S;A19:S;A27:S;A29:S;A31:R;A34:S,CHEMBL1201749,3
CHEMBL1201749::en4_A6:R;A16:R;A17:R;A19:S;A27:S;A29:S;A31:R;A34:S,CHEMBL1201749,4
CHEMBL1201752::en0_A9:S;A11:S;A13:R;A18:S;A20:S;A22:S;A29:R,CHEMBL1201752,0
CHEMBL1201752::en1_A9:R;A11:S;A13:R;A18:S;A20:S;A22:S;A29:R,CHEMBL1201752,1
CHEMBL1201752::en2_A9:S;A11:R;A13:R;A18:S;A20:S;A22:S;A29:R,CHEMBL1201752,2
CHEMBL1201752::en3_A9:R;A11:R;A13:R;A18:S;A20:S;A22:S;A29:R,CHEMBL1201752,3
CHEMBL1201752::en4_A9:S;A11:S;A13:S;A18:S;A20:S;A22:S;A29:R,CHEMBL1201752,4
CHEMBL1201753::en0_A4:R;A7:S,CHEMBL1201753,0
CHEMBL1201753::en1_A4:S;A7:S,CHEMBL1201753,1
CHEMBL1201753::en2_A4:R;A7:R,CHEMBL1201753,2
CHEMBL1201753::en3_A4:S;A7:R,CHEMBL1201753,3
CHEMBL1201753::en4_A4:R;A7:S,CHEMBL1201753,4
CHEMBL1201760::en0_A1:R,CHEMBL1201760,0
CHEMBL1201760::en1_A1:S,CHEMBL1201760,1
CHEMBL1201774::en0_A1:S;A3:R;A5:S,CHEMBL1201774,0
CHEMBL1201774::en1_A1:R;A3:R;A5:S,CHEMBL1201774,1
CHEMBL1201774::en2_A1:S;A3:S;A5:S,CHEMBL1201774,2
CHEMBL1201774::en3_A1:R;A3:S;A5:S,CHEMBL1201774,3
CHEMBL1201774::en4_A1:S;A3:R;A5:R,CHEMBL1201774,4
CHEMBL1201776::en0_A2:S;A10:S,CHEMBL1201776,0
CHEMBL1201776::en1_A2:R;A10:S,CHEMBL1201776,1
CHEMBL1201776::en2_A2:S;A10:R,CHEMBL1201776,2
CHEMBL1201776::en3_A2:R;A10:R,CHEMBL1201776,3
CHEMBL1201794::en0_A15:S;A17:S;A19:R,CHEMBL1201794,0
CHEMBL1201794::en1_A15:R;A17:S;A19:R,CHEMBL1201794,1
CHEMBL1201794::en2_A15:S;A17:R;A19:R,CHEMBL1201794,2
CHEMBL1201794::en3_A15:R;A17:R;A19:R,CHEMBL1201794,3
CHEMBL1201794::en4_A15:S;A17:S;A19:S,CHEMBL1201794,4
CHEMBL1201864::en0_A1:S;A14:R;A15:S;A18:S,CHEMBL1201864,0
CHEMBL1201864::en1_A1:R;A14:R;A15:S;A18:S,CHEMBL1201864,1
CHEMBL1201864::en2_A1:S;A14:S;A15:S;A18:S,CHEMBL1201864,2
CHEMBL1201864::en3_A1:R;A14:S;A15:S;A18:S,CHEMBL1201864,3
CHEMBL1201864::en4_A1:S;A14:R;A15:R;A18:S,CHEMBL1201864,4
CHEMBL1206833::en0_A14:S;A30:R,CHEMBL1206833,0
CHEMBL1206833::en1_A14:R;A30:R,CHEMBL1206833,1
CHEMBL1206833::en2_A14:S;A30:S,CHEMBL1206833,2
CHEMBL1206833::en3_A14:R;A30:S,CHEMBL1206833,3
CHEMBL1206833::en4_A14:S;A30:R,CHEMBL1206833,4
CHEMBL1207444::en0_A2:R;A3:R;A5:R;A7:R;A14:S;A15:S;A17:S;A19:R;A22:S;A24:S;A27:R;A29:S;A31:S;A32:S;A34:R;A37:R;A40:R;A43:R;A45:S;A48:R;A51:R;A57:R;A59:S,CHEMBL1207444,0
CHEMBL1207444::en1_A2:S;A3:R;A5:S;A7:S;A14:R;A15:S;A17:S;A19:S;A22:S;A24:S;A27:R;A29:S;A31:R;A32:R;A34:R;A37:R;A40:S;A43:S;A45:R;A48:R;A51:S;A57:R;A59:S,CHEMBL1207444,1
CHEMBL1207444::en2_A2:S;A3:S;A5:S;A7:S;A14:R;A15:R;A17:R;A19:R;A22:R;A24:R;A27:R;A29:S;A31:R;A32:S;A34:S;A37:R;A40:S;A43:R;A45:S;A48:R;A51:R;A57:S;A59:S,CHEMBL1207444,2
CHEMBL1207444::en3_A2:S;A3:R;A5:S;A7:R;A14:S;A15:R;A17:S;A19:S;A22:R;A24:S;A27:S;A29:R;A31:S;A32:R;A34:R;A37:S;A40:S;A43:R;A45:R;A48:S;A51:R;A57:S;A59:R,CHEMBL1207444,3
CHEMBL1207444::en4_A2:S;A3:R;A5:R;A7:S;A14:S;A15:S;A17:S;A19:R;A22:S;A24:R;A27:S;A29:S;A31:S;A32:S;A34:R;A37:S;A40:R;A43:R;A45:R;A48:S;A51:R;A57:S;A59:R,CHEMBL1207444,4
CHEMBL1208017::en0_A1:R;A7:S;A10:S;A11:R;A13:R;A16:R;A17:S;A21:R;A24:R;A26:S;A28:S,CHEMBL1208017,0
CHEMBL1208017::en1_A1:R;A7:S;A10:S;A11:S;A13:S;A16:R;A17:R;A21:R;A24:S;A26:S;A28:S,CHEMBL1208017,1
CHEMBL1208017::en2_A1:S;A7:R;A10:S;A11:S;A13:S;A16:S;A17:S;A21:R;A24:R;A26:R;A28:S,CHEMBL1208017,2
CHEMBL1208017::en3_A1:R;A7:R;A10:R;A11:R;A13:S;A16:R;A17:R;A21:R;A24:S;A26:S;A28:R,CHEMBL1208017,3
CHEMBL1208017::en4_A1:S;A7:R;A10:S;A11:S;A13:S;A16:S;A17:R;A21:S;A24:R;A26:S;A28:S,CHEMBL1208017,4
CHEMBL1208155::en0_A27:R,CHEMBL1208155,0
CHEMBL1208155::en1_A27:S,CHEMBL1208155,1
CHEMBL1208257::en0_A1:R;A7:S;A10:R;A11:R;A15:R;A17:R;A21:S;A23:S;A25:S;A27:R,CHEMBL1208257,0
CHEMBL1208257::en1_A1:S;A7:S;A10:R;A11:R;A15:R;A17:R;A21:S;A23:S;A25:S;A27:R,CHEMBL1208257,1
CHEMBL1208257::en2_A1:R;A7:R;A10:R;A11:R;A15:R;A17:R;A21:S;A23:S;A25:S;A27:R,CHEMBL1208257,2
CHEMBL1208257::en3_A1:S;A7:R;A10:R;A11:R;A15:R;A17:R;A21:S;A23:S;A25:S;A27:R,CHEMBL1208257,3
CHEMBL1208257::en4_A1:R;A7:S;A10:S;A11:R;A15:R;A17:R;A21:S;A23:S;A25:S;A27:R,CHEMBL1208257,4
CHEMBL1208572::en0_A2:R;A5:R;A7:S;A9:R;A11:S;A13:R;A14:R;A22:S;A24:S;A26:S;A29:S;A31:S;A34:S;A36:S;A39:R;A43:S;A48:R;A51:S,CHEMBL1208572,0
CHEMBL1208572::en1_A2:S;A5:R;A7:R;A9:S;A11:R;A13:R;A14:R;A22:S;A24:S;A26:S;A29:S;A31:S;A34:R;A36:S;A39:S;A43:S;A48:S;A51:S,CHEMBL1208572,1
CHEMBL1208572::en2_A2:S;A5:R;A7:S;A9:R;A11:R;A13:R;A14:R;A22:R;A24:S;A26:S;A29:S;A31:S;A34:R;A36:S;A39:S;A43:R;A48:S;A51:S,CHEMBL1208572,2
CHEMBL1208572::en3_A2:S;A5:R;A7:R;A9:S;A11:S;A13:R;A14:R;A22:S;A24:R;A26:R;A29:S;A31:S;A34:R;A36:S;A39:S;A43:S;A48:R;A51:R,CHEMBL1208572,3
CHEMBL1208572::en4_A2:R;A5:R;A7:R;A9:S;A11:R;A13:R;A14:R;A22:R;A24:S;A26:S;A29:R;A31:S;A34:R;A36:R;A39:R;A43:R;A48:S;A51:R,CHEMBL1208572,4
CHEMBL1209734::en0_A12:R;A14:R;A17:R;A20:R;A41:S;A43:S,CHEMBL1209734,0
CHEMBL1209734::en1_A12:S;A14:R;A17:R;A20:R;A41:S;A43:S,CHEMBL1209734,1
CHEMBL1209734::en2_A12:R;A14:S;A17:R;A20:R;A41:S;A43:S,CHEMBL1209734,2
CHEMBL1209734::en3_A12:S;A14:S;A17:R;A20:R;A41:S;A43:S,CHEMBL1209734,3
CHEMBL1209734::en4_A12:R;A14:R;A17:S;A20:R;A41:S;A43:S,CHEMBL1209734,4
CHEMBL1213327::en0_A5:S;A9:R;A14:S;A16:S;A27:R;A29:S;A35:S,CHEMBL1213327,0
CHEMBL1213327::en1_A5:R;A9:R;A14:S;A16:S;A27:R;A29:S;A35:S,CHEMBL1213327,1
CHEMBL1213327::en2_A5:S;A9:S;A14:S;A16:S;A27:R;A29:S;A35:S,CHEMBL1213327,2
CHEMBL1213327::en3_A5:R;A9:S;A14:S;A16:S;A27:R;A29:S;A35:S,CHEMBL1213327,3
CHEMBL1213327::en4_A5:S;A9:R;A14:R;A16:S;A27:R;A29:S;A35:S,CHEMBL1213327,4
CHEMBL1213351::en0_A5:S;A19:R,CHEMBL1213351,0
CHEMBL1213351::en1_A5:R;A19:R,CHEMBL1213351,1
CHEMBL1213351::en2_A5:S;A19:S,CHEMBL1213351,2
CHEMBL1213351::en3_A5:R;A19:S,CHEMBL1213351,3
CHEMBL1213456::en0_A6:R;A9:S,CHEMBL1213456,0
CHEMBL1213456::en1_A6:S;A9:S,CHEMBL1213456,1
CHEMBL1213456::en2_A6:R;A9:R,CHEMBL1213456,2
CHEMBL1213456::en3_A6:S;A9:R,CHEMBL1213456,3
CHEMBL1213583::en0_A2:R;A6:R;A7:R;A16:R;A17:R;A20:S,CHEMBL1213583,0
CHEMBL1213583::en1_A2:S;A6:R;A7:R;A16:R;A17:R;A20:S,CHEMBL1213583,1
CHEMBL1213583::en2_A2:R;A6:S;A7:R;A16:R;A17:R;A20:S,CHEMBL1213583,2
CHEMBL1213583::en3_A2:S;A6:S;A7:R;A16:R;A17:R;A20:S,CHEMBL1213583,3
CHEMBL1213583::en4_A2:R;A6:R;A7:S;A16:R;A17:R;A20:S,CHEMBL1213583,4
CHEMBL1214::en0_A4:R;A5:R;A9:R;A22:R,CHEMBL1214,0
CHEMBL1214::en1_A4:S;A5:R;A9:R;A22:R,CHEMBL1214,1
CHEMBL1214::en2_A4:R;A5:S;A9:R;A22:R,CHEMBL1214,2
CHEMBL1214::en3_A4:S;A5:S;A9:R;A22:R,CHEMBL1214,3
CHEMBL1214::en4_A4:R;A5:R;A9:S;A22:R,CHEMBL1214,4
CHEMBL1214185::en0_A2:S;A6:S;A8:R;A10:S;A12:S;A16:R;A18:R;A21:R;A23:S;A25:S;A27:S;A30:S;A34:S;A36:S;A40:R;A51:S;A53:R;A55:R,CHEMBL1214185,0
CHEMBL1214185::en1_A2:R;A6:S;A8:R;A10:R;A12:S;A16:S;A18:S;A21:S;A23:R;A25:R;A27:R;A30:S;A34:S;A36:S;A40:S;A51:R;A53:S;A55:S,CHEMBL1214185,1
CHEMBL1214185::en2_A2:R;A6:R;A8:R;A10:S;A12:R;A16:R;A18:R;A21:S;A23:S;A25:R;A27:S;A30:S;A34:S;A36:R;A40:S;A51:R;A53:S;A55:S,CHEMBL1214185,2
CHEMBL1214185::en3_A2:R;A6:R;A8:S;A10:R;A12:R;A16:R;A18:S;A21:S;A23:S;A25:R;A27:S;A30:R;A34:R;A36:S;A40:S;A51:S;A53:S;A55:S,CHEMBL1214185,3
CHEMBL1214185::en4_A2:R;A6:S;A8:R;A10:R;A12:S;A16:R;A18:S;A21:R;A23:S;A25:S;A27:R;A30:R;A34:R;A36:R;A40:S;A51:R;A53:S;A55:R,CHEMBL1214185,4
CHEMBL1214186::en0_A10:R;A12:R;A14:R;A18:S;A23:R;A25:S,CHEMBL1214186,0
CHEMBL1214186::en1_A10:S;A12:R;A14:R;A18:S;A23:R;A25:S,CHEMBL1214186,1
CHEMBL1214186::en2_A10:R;A12:S;A14:R;A18:S;A23:R;A25:S,CHEMBL1214186,2
CHEMBL1214186::en3_A10:S;A12:S;A14:R;A18:S;A23:R;A25:S,CHEMBL1214186,3
CHEMBL1214186::en4_A10:R;A12:R;A14:S;A18:S;A23:R;A25:S,CHEMBL1214186,4
CHEMBL1215::en0_A3:R,CHEMBL1215,0
CHEMBL1215::en1_A3:S,CHEMBL1215,1
CHEMBL1215331::en0_A20:S;A21:S,CHEMBL1215331,0
CHEMBL1215331::en1_A20:R;A21:S,CHEMBL1215331,1
CHEMBL1215331::en2_A20:R;A21:R,CHEMBL1215331,2
CHEMBL1215331::en3_A20:R;A21:R,CHEMBL1215331,3
CHEMBL1215923::en0_A23:S;A25:R;A28:R;A30:S;A32:S;A50:S;A52:R;A55:R;A57:S;A59:S,CHEMBL1215923,0
CHEMBL1215923::en1_A23:R;A25:R;A28:R;A30:S;A32:S;A50:S;A52:R;A55:R;A57:S;A59:S,CHEMBL1215923,1
CHEMBL1215923::en2_A23:S;A25:S;A28:R;A30:S;A32:S;A50:S;A52:R;A55:R;A57:S;A59:S,CHEMBL1215923,2
CHEMBL1215923::en3_A23:R;A25:S;A28:R;A30:S;A32:S;A50:S;A52:R;A55:R;A57:S;A59:S,CHEMBL1215923,3
CHEMBL1215923::en4_A23:S;A25:R;A28:S;A30:S;A32:S;A50:S;A52:R;A55:R;A57:S;A59:S,CHEMBL1215923,4
CHEMBL1218::en0_A7:S,CHEMBL1218,0
CHEMBL1218::en1_A7:R,CHEMBL1218,1
CHEMBL121810::en0_A18:S;A25:S,CHEMBL121810,0
CHEMBL121810::en1_A18:R;A25:S,CHEMBL121810,1
CHEMBL121810::en2_A18:S;A25:R,CHEMBL121810,2
CHEMBL121810::en3_A18:R;A25:R,CHEMBL121810,3
CHEMBL12213::en0_A12:S;A23:R,CHEMBL12213,0
CHEMBL12213::en1_A12:R;A23:R,CHEMBL12213,1
CHEMBL12213::en2_A12:S;A23:S,CHEMBL12213,2
CHEMBL12213::en3_A12:R;A23:S,CHEMBL12213,3
CHEMBL1221986::en0_A8:R;A9:S;A11:R;A14:R;A15:R;A17:R;A19:R;A20:S;A26:S;A28:R;A31:R,CHEMBL1221986,0
CHEMBL1221986::en1_A8:S;A9:R;A11:S;A14:S;A15:S;A17:S;A19:S;A20:R;A26:R;A28:R;A31:R,CHEMBL1221986,1
CHEMBL1221986::en2_A8:S;A9:R;A11:R;A14:S;A15:S;A17:S;A19:R;A20:S;A26:R;A28:R;A31:S,CHEMBL1221986,2
CHEMBL1221986::en3_A8:R;A9:S;A11:R;A14:S;A15:S;A17:S;A19:S;A20:R;A26:R;A28:S;A31:R,CHEMBL1221986,3
CHEMBL1222250::en0_A2:S;A4:S;A6:R;A8:R;A10:S,CHEMBL1222250,0
CHEMBL1222250::en1_A2:R;A4:S;A6:R;A8:R;A10:S,CHEMBL1222250,1
CHEMBL1222250::en2_A2:S;A4:R;A6:R;A8:R;A10:S,CHEMBL1222250,2
CHEMBL1222250::en3_A2:R;A4:R;A6:R;A8:R;A10:S,CHEMBL1222250,3
CHEMBL1222250::en4_A2:S;A4:S;A6:S;A8:R;A10:S,CHEMBL1222250,4
CHEMBL1222251::en0_A1:S;A2:S;A4:S;A6:S;A8:S;A10:S,CHEMBL1222251,0
CHEMBL1222251::en1_A1:R;A2:S;A4:S;A6:S;A8:R;A10:R,CHEMBL1222251,1
CHEMBL1222251::en2_A1:S;A2:R;A4:S;A6:S;A8:R;A10:R,CHEMBL1222251,2
CHEMBL1222251::en3_A1:S;A2:R;A4:R;A6:S;A8:S;A10:R,CHEMBL1222251,3
CHEMBL1222251::en4_A1:S;A2:S;A4:R;A6:R;A8:S;A10:S,CHEMBL1222251,4
CHEMBL122270::en0_A2:S;A15:R;A17:S,CHEMBL122270,0
CHEMBL122270::en1_A2:R;A15:R;A17:S,CHEMBL122270,1
CHEMBL122270::en2_A2:S;A15:S;A17:S,CHEMBL122270,2
CHEMBL122270::en3_A2:R;A15:S;A17:S,CHEMBL122270,3
CHEMBL122270::en4_A2:S;A15:R;A17:R,CHEMBL122270,4
CHEMBL1222883::en0_A6:R,CHEMBL1222883,0
CHEMBL1222883::en1_A6:S,CHEMBL1222883,1
CHEMBL1227::en0_A8:S;A9:R;A13:S;A14:S;A19:R,CHEMBL1227,0
CHEMBL1227::en1_A8:R;A9:R;A13:S;A14:S;A19:R,CHEMBL1227,1
CHEMBL1227::en2_A8:S;A9:S;A13:S;A14:S;A19:R,CHEMBL1227,2
CHEMBL1227::en3_A8:R;A9:S;A13:S;A14:S;A19:R,CHEMBL1227,3
CHEMBL1227::en4_A8:S;A9:R;A13:R;A14:S;A19:R,CHEMBL1227,4
CHEMBL1229::en0_A7:S;A14:R;A19:R,CHEMBL1229,0
CHEMBL1229::en1_A7:R;A14:R;A19:R,CHEMBL1229,1
CHEMBL1229::en2_A7:S;A14:S;A19:R,CHEMBL1229,2
CHEMBL1229::en3_A7:R;A14:S;A19:R,CHEMBL1229,3
CHEMBL1229::en4_A7:S;A14:R;A19:S,CHEMBL1229,4
CHEMBL1229211::en0_A1:R;A5:R,CHEMBL1229211,0
CHEMBL1229211::en1_A1:S;A5:R,CHEMBL1229211,1
CHEMBL1229211::en2_A1:R;A5:S,CHEMBL1229211,2
CHEMBL1229211::en3_A1:S;A5:S,CHEMBL1229211,3
CHEMBL1229569::en0_A16:R;A18:S;A21:R,CHEMBL1229569,0
CHEMBL1229569::en1_A16:S;A18:S;A21:R,CHEMBL1229569,1
CHEMBL1229569::en2_A16:R;A18:R;A21:S,CHEMBL1229569,2
CHEMBL1230::en0_A5:S;A8:R;A11:S;A15:R,CHEMBL1230,0
CHEMBL1230::en1_A5:R;A8:R;A11:S;A15:R,CHEMBL1230,1
CHEMBL1230::en2_A5:S;A8:S;A11:S;A15:R,CHEMBL1230,2
CHEMBL1230::en3_A5:R;A8:S;A11:S;A15:R,CHEMBL1230,3
CHEMBL1230::en4_A5:S;A8:R;A11:R;A15:R,CHEMBL1230,4
CHEMBL1230227::en0_A1:S;A3:R;A5:S;A6:S;A9:S;A11:R;A13:S;A39:S;A42:S;A44:S,CHEMBL1230227,0
CHEMBL1230227::en1_A1:R;A3:R;A5:S;A6:S;A9:S;A11:R;A13:S;A39:S;A42:S;A44:S,CHEMBL1230227,1
CHEMBL1230227::en2_A1:S;A3:S;A5:S;A6:S;A9:S;A11:R;A13:S;A39:S;A42:S;A44:S,CHEMBL1230227,2
CHEMBL1230227::en3_A1:R;A3:S;A5:S;A6:S;A9:S;A11:R;A13:S;A39:S;A42:S;A44:S,CHEMBL1230227,3
CHEMBL1230227::en4_A1:S;A3:R;A5:R;A6:S;A9:S;A11:R;A13:S;A39:S;A42:S;A44:S,CHEMBL1230227,4
CHEMBL1230245::en0_A1:S;A3:R;A5:S,CHEMBL1230245,0
CHEMBL1230245::en1_A1:R;A3:R;A5:S,CHEMBL1230245,1
CHEMBL1230245::en2_A1:S;A3:S;A5:S,CHEMBL1230245,2
CHEMBL1230245::en3_A1:R;A3:S;A5:S,CHEMBL1230245,3
CHEMBL1230245::en4_A1:S;A3:R;A5:R,CHEMBL1230245,4
CHEMBL1230314::en0_A1:S;A4:S;A14:S;A15:S;A16:S;A18:S;A20:R,CHEMBL1230314,0
CHEMBL1230314::en1_A1:R;A4:S;A14:S;A15:S;A16:S;A18:S;A20:R,CHEMBL1230314,1
CHEMBL1230314::en2_A1:S;A4:R;A14:S;A15:S;A16:S;A18:S;A20:R,CHEMBL1230314,2
CHEMBL1230314::en3_A1:R;A4:R;A14:S;A15:S;A16:S;A18:S;A20:R,CHEMBL1230314,3
CHEMBL1230314::en4_A1:S;A4:S;A14:R;A15:S;A16:S;A18:S;A20:R,CHEMBL1230314,4
CHEMBL1230732::en0_A10:R;A12:R;A19:R;A21:S,CHEMBL1230732,0
CHEMBL1230732::en1_A10:S;A12:R;A19:R;A21:S,CHEMBL1230732,1
CHEMBL1230732::en2_A10:R;A12:S;A19:R;A21:S,CHEMBL1230732,2
CHEMBL1230732::en3_A10:S;A12:S;A19:R;A21:S,CHEMBL1230732,3
CHEMBL1230732::en4_A10:R;A12:R;A19:S;A21:S,CHEMBL1230732,4
CHEMBL1231101::en0_A1:S;A5:S,CHEMBL1231101,0
CHEMBL1231101::en1_A1:R;A5:S,CHEMBL1231101,1
CHEMBL1231101::en2_A1:S;A5:R,CHEMBL1231101,2
CHEMBL1231101::en3_A1:R;A5:R,CHEMBL1231101,3
CHEMBL1231124::en0_A9:R,CHEMBL1231124,0
CHEMBL1231124::en1_A9:S,CHEMBL1231124,1
CHEMBL1231250::en0_A5:R;A6:R;A8:R;A16:S,CHEMBL1231250,0
CHEMBL1231250::en1_A5:R;A6:S;A8:R;A16:S,CHEMBL1231250,1
CHEMBL1231391::en0_A4:R;A5:S;A7:S;A9:S;A13:S,CHEMBL1231391,0
CHEMBL1231391::en1_A4:S;A5:S;A7:S;A9:S;A13:S,CHEMBL1231391,1
CHEMBL1231391::en2_A4:R;A5:R;A7:S;A9:S;A13:S,CHEMBL1231391,2
CHEMBL1231391::en3_A4:S;A5:R;A7:S;A9:S;A13:S,CHEMBL1231391,3
CHEMBL1231391::en4_A4:R;A5:S;A7:R;A9:S;A13:S,CHEMBL1231391,4
CHEMBL12314::en0_A3:R;A12:R;A24:S,CHEMBL12314,0
CHEMBL12314::en1_A3:S;A12:R;A24:S,CHEMBL12314,1
CHEMBL12314::en2_A3:R;A12:S;A24:S,CHEMBL12314,2
CHEMBL12314::en3_A3:S;A12:S;A24:S,CHEMBL12314,3
CHEMBL12314::en4_A3:R;A12:R;A24:R,CHEMBL12314,4
CHEMBL1232077::en0_A1:S,CHEMBL1232077,0
CHEMBL1232077::en1_A1:R,CHEMBL1232077,1
CHEMBL1232132::en0_A1:R,CHEMBL1232132,0
CHEMBL1232132::en1_A1:S,CHEMBL1232132,1
CHEMBL1232461::en0_A6:S,CHEMBL1232461,0
CHEMBL1232461::en1_A6:R,CHEMBL1232461,1
CHEMBL1232510::en0_A2:R;A6:R;A11:S;A13:R;A15:S;A17:S;A20:R;A24:R;A26:S;A31:R;A35:R;A37:R;A58:R,CHEMBL1232510,0
CHEMBL1232510::en1_A2:S;A6:R;A11:R;A13:R;A15:S;A17:R;A20:S;A24:S;A26:S;A31:R;A35:R;A37:R;A58:S,CHEMBL1232510,1
CHEMBL1232510::en2_A2:S;A6:S;A11:S;A13:R;A15:R;A17:S;A20:S;A24:S;A26:R;A31:S;A35:R;A37:R;A58:R,CHEMBL1232510,2
CHEMBL1232510::en3_A2:S;A6:S;A11:R;A13:S;A15:R;A17:S;A20:R;A24:R;A26:R;A31:R;A35:S;A37:S;A58:R,CHEMBL1232510,3
CHEMBL1232510::en4_A2:R;A6:S;A11:S;A13:R;A15:R;A17:R;A20:S;A24:R;A26:S;A31:R;A35:S;A37:S;A58:S,CHEMBL1232510,4
CHEMBL1232653::en0_A15:S;A17:S;A19:R;A23:S;A27:R;A32:S;A34:S;A45:R;A47:S,CHEMBL1232653,0
CHEMBL1232653::en1_A15:R;A17:S;A19:R;A23:S;A27:R;A32:S;A34:S;A45:R;A47:S,CHEMBL1232653,1
CHEMBL1232653::en2_A15:S;A17:R;A19:R;A23:S;A27:R;A32:S;A34:S;A45:R;A47:S,CHEMBL1232653,2
CHEMBL1232653::en3_A15:R;A17:R;A19:R;A23:S;A27:R;A32:S;A34:S;A45:R;A47:S,CHEMBL1232653,3
CHEMBL1232653::en4_A15:S;A17:S;A19:S;A23:S;A27:R;A32:S;A34:S;A45:R;A47:S,CHEMBL1232653,4
CHEMBL1232667::en0_A5:S;A10:S,CHEMBL1232667,0
CHEMBL1232667::en1_A5:R;A10:S,CHEMBL1232667,1
CHEMBL1232667::en2_A5:S;A10:R,CHEMBL1232667,2
CHEMBL1232667::en3_A5:R;A10:R,CHEMBL1232667,3
CHEMBL123292::en0_A1:S;A3:R;A4:R;A17:R,CHEMBL123292,0
CHEMBL123292::en1_A1:R;A3:R;A4:R;A17:R,CHEMBL123292,1
CHEMBL123292::en2_A1:S;A3:S;A4:R;A17:R,CHEMBL123292,2
CHEMBL123292::en3_A1:R;A3:S;A4:R;A17:R,CHEMBL123292,3
CHEMBL123292::en4_A1:S;A3:R;A4:S;A17:R,CHEMBL123292,4
CHEMBL1233058::en0_A2:S;A4:S;A6:R;A8:R;A10:S,CHEMBL1233058,0
CHEMBL1233058::en1_A2:R;A4:S;A6:R;A8:R;A10:S,CHEMBL1233058,1
CHEMBL1233058::en2_A2:S;A4:R;A6:R;A8:R;A10:S,CHEMBL1233058,2
CHEMBL1233058::en3_A2:R;A4:R;A6:R;A8:R;A10:S,CHEMBL1233058,3
CHEMBL1233058::en4_A2:S;A4:S;A6:S;A8:R;A10:S,CHEMBL1233058,4
CHEMBL1233511::en0_A5:S;A6:S;A12:S;A18:S;A24:S;A30:S,CHEMBL1233511,0
CHEMBL1233511::en1_A5:R;A6:S;A12:S;A18:S;A24:R;A30:R,CHEMBL1233511,1
CHEMBL1233511::en2_A5:S;A6:R;A12:S;A18:S;A24:R;A30:R,CHEMBL1233511,2
CHEMBL1233511::en3_A5:S;A6:R;A12:R;A18:S;A24:S;A30:R,CHEMBL1233511,3
CHEMBL1233511::en4_A5:S;A6:S;A12:R;A18:R;A24:S;A30:S,CHEMBL1233511,4
CHEMBL1233524::en0_A7:S,CHEMBL1233524,0
CHEMBL1233524::en1_A7:R,CHEMBL1233524,1
CHEMBL1233528::en0_A2:R;A19:S;A22:S,CHEMBL1233528,0
CHEMBL1233528::en1_A2:S;A19:S;A22:R,CHEMBL1233528,1
CHEMBL1233528::en2_A2:R;A19:R;A22:R,CHEMBL1233528,2
CHEMBL1233528::en3_A2:S;A19:R;A22:S,CHEMBL1233528,3
CHEMBL1233598::en0_A3:R;A4:R;A7:R,CHEMBL1233598,0
CHEMBL1233598::en1_A3:S;A4:R;A7:R,CHEMBL1233598,1
CHEMBL1233598::en2_A3:R;A4:S;A7:R,CHEMBL1233598,2
CHEMBL1233598::en3_A3:S;A4:S;A7:R,CHEMBL1233598,3
CHEMBL1233598::en4_A3:R;A4:R;A7:S,CHEMBL1233598,4
CHEMBL1233800::en0_A21:S,CHEMBL1233800,0
CHEMBL1233800::en1_A21:R,CHEMBL1233800,1
CHEMBL1234270::en0_A18:R;A30:S,CHEMBL1234270,0
CHEMBL1234270::en1_A18:S;A30:S,CHEMBL1234270,1
CHEMBL1234270::en2_A18:R;A30:R,CHEMBL1234270,2
CHEMBL1234270::en3_A18:S;A30:R,CHEMBL1234270,3
CHEMBL1234391::en0_A2:R;A4:R;A27:R;A29:S;A31:R;A33:S;A37:S,CHEMBL1234391,0
CHEMBL1234391::en1_A2:S;A4:R;A27:R;A29:S;A31:R;A33:S;A37:S,CHEMBL1234391,1
CHEMBL1234391::en2_A2:R;A4:S;A27:R;A29:S;A31:R;A33:S;A37:S,CHEMBL1234391,2
CHEMBL1234391::en3_A2:S;A4:S;A27:R;A29:S;A31:R;A33:S;A37:S,CHEMBL1234391,3
CHEMBL1234391::en4_A2:R;A4:R;A27:S;A29:S;A31:R;A33:S;A37:S,CHEMBL1234391,4
CHEMBL1235551::en0_A21:R,CHEMBL1235551,0
CHEMBL1235551::en1_A21:S,CHEMBL1235551,1
CHEMBL1236282::en0_A8:S;A10:S,CHEMBL1236282,0
CHEMBL1236282::en1_A8:R;A10:S,CHEMBL1236282,1
CHEMBL1236282::en2_A8:S;A10:R,CHEMBL1236282,2
CHEMBL1236282::en3_A8:R;A10:R,CHEMBL1236282,3
CHEMBL1236469::en0_A1:R,CHEMBL1236469,0
CHEMBL1236469::en1_A1:S,CHEMBL1236469,1
CHEMBL1236475::en0_A3:R;A8:R;A10:R;A13:R;A15:S,CHEMBL1236475,0
CHEMBL1236475::en1_A3:S;A8:R;A10:R;A13:R;A15:S,CHEMBL1236475,1
CHEMBL1236475::en2_A3:R;A8:S;A10:R;A13:R;A15:S,CHEMBL1236475,2
CHEMBL1236475::en3_A3:S;A8:S;A10:R;A13:R;A15:S,CHEMBL1236475,3
CHEMBL1236475::en4_A3:R;A8:R;A10:S;A13:R;A15:S,CHEMBL1236475,4
CHEMBL1236524::en0_A7:S;A9:R;A12:S;A14:R,CHEMBL1236524,0
CHEMBL1236524::en1_A7:R;A9:R;A12:S;A14:R,CHEMBL1236524,1
CHEMBL1236524::en2_A7:S;A9:S;A12:S;A14:R,CHEMBL1236524,2
CHEMBL1236524::en3_A7:R;A9:S;A12:S;A14:R,CHEMBL1236524,3
CHEMBL1236524::en4_A7:S;A9:R;A12:R;A14:R,CHEMBL1236524,4
CHEMBL1236670::en0_A3:R;A24:R;A28:R,CHEMBL1236670,0
CHEMBL1236670::en1_A3:S;A24:R;A28:R,CHEMBL1236670,1
CHEMBL1236670::en2_A3:R;A24:S;A28:R,CHEMBL1236670,2
CHEMBL1236670::en3_A3:S;A24:S;A28:R,CHEMBL1236670,3
CHEMBL1236670::en4_A3:R;A24:R;A28:S,CHEMBL1236670,4
CHEMBL1236682::en0_A25:S,CHEMBL1236682,0
CHEMBL1236682::en1_A25:R,CHEMBL1236682,1
CHEMBL1237::en0_A5:S;A7:R;A25:R,CHEMBL1237,0
CHEMBL1237::en1_A5:R;A7:R;A25:R,CHEMBL1237,1
CHEMBL1237::en2_A5:S;A7:S;A25:R,CHEMBL1237,2
CHEMBL1237::en3_A5:R;A7:S;A25:R,CHEMBL1237,3
CHEMBL1237::en4_A5:S;A7:R;A25:S,CHEMBL1237,4
CHEMBL1237021::en0_A2:R;A3:S;A6:R;A8:S;A13:R;A18:S,CHEMBL1237021,0
CHEMBL1237021::en1_A2:S;A3:S;A6:R;A8:S;A13:R;A18:S,CHEMBL1237021,1
CHEMBL1237021::en2_A2:R;A3:R;A6:S;A8:S;A13:R;A18:S,CHEMBL1237021,2
CHEMBL1237049::en0_A8:S;A12:R;A16:R;A21:S,CHEMBL1237049,0
CHEMBL1237049::en1_A8:R;A12:R;A16:R;A21:S,CHEMBL1237049,1
CHEMBL1237049::en2_A8:S;A12:S;A16:R;A21:S,CHEMBL1237049,2
CHEMBL1237049::en3_A8:R;A12:S;A16:R;A21:S,CHEMBL1237049,3
CHEMBL1237049::en4_A8:S;A12:R;A16:S;A21:S,CHEMBL1237049,4
CHEMBL1237054::en0_A2:S;A5:S;A7:S;A10:S;A18:S;A20:S;A22:S;A24:S;A26:S;A28:S;A31:R;A33:R;A46:S;A48:S;A50:S;A52:S;A54:S;A56:S;A58:R;A60:R;A63:S;A65:S;A68:R;A71:R;A73:R,CHEMBL1237054,0
CHEMBL1237054::en1_A2:R;A5:S;A7:R;A10:R;A18:R;A20:S;A22:S;A24:S;A26:S;A28:S;A31:S;A33:R;A46:S;A48:S;A50:S;A52:R;A54:R;A56:R;A58:R;A60:R;A63:S;A65:S;A68:S;A71:S;A73:R,CHEMBL1237054,1
CHEMBL1237054::en2_A2:R;A5:R;A7:S;A10:S;A18:R;A20:S;A22:R;A24:R;A26:R;A28:R;A31:R;A33:R;A46:R;A48:S;A50:R;A52:R;A54:R;A56:S;A58:R;A60:S;A63:R;A65:S;A68:S;A71:R;A73:R,CHEMBL1237054,2
CHEMBL1237054::en3_A2:S;A5:S;A7:S;A10:R;A18:S;A20:S;A22:S;A24:R;A26:S;A28:S;A31:S;A33:S;A46:S;A48:S;A50:R;A52:R;A54:S;A56:S;A58:R;A60:S;A63:S;A65:S;A68:R;A71:R;A73:R,CHEMBL1237054,3
CHEMBL1237054::en4_A2:R;A5:S;A7:S;A10:S;A18:R;A20:R;A22:S;A24:S;A26:R;A28:R;A31:R;A33:S;A46:S;A48:S;A50:R;A52:S;A54:S;A56:R;A58:S;A60:S;A63:R;A65:S;A68:S;A71:R;A73:R,CHEMBL1237054,4
CHEMBL1237072::en0_A2:S;A6:R;A8:S;A10:R;A12:S;A16:S;A18:R;A21:S;A23:S;A25:S;A27:S;A30:R;A34:R;A36:S;A40:S;A42:R;A44:R;A52:S;A53:R;A55:S,CHEMBL1237072,0
CHEMBL1237072::en1_A2:S;A6:R;A8:S;A10:R;A12:R;A16:S;A18:S;A21:R;A23:S;A25:S;A27:S;A30:S;A34:S;A36:R;A40:S;A42:R;A44:R;A52:R;A53:S;A55:S,CHEMBL1237072,1
CHEMBL1237072::en2_A2:S;A6:S;A8:R;A10:R;A12:R;A16:R;A18:S;A21:S;A23:R;A25:S;A27:R;A30:R;A34:R;A36:S;A40:S;A42:R;A44:R;A52:S;A53:R;A55:S,CHEMBL1237072,2
CHEMBL1237072::en3_A2:S;A6:R;A8:S;A10:R;A12:R;A16:R;A18:R;A21:S;A23:S;A25:S;A27:S;A30:S;A34:R;A36:R;A40:S;A42:S;A44:S;A52:R;A53:R;A55:S,CHEMBL1237072,3
CHEMBL1237072::en4_A2:S;A6:S;A8:R;A10:R;A12:S;A16:R;A18:R;A21:S;A23:S;A25:S;A27:R;A30:R;A34:S;A36:S;A40:R;A42:R;A44:S;A52:R;A53:S;A55:S,CHEMBL1237072,4
CHEMBL1237119::en0_A5:S;A9:R;A10:R;A24:R;A26:S,CHEMBL1237119,0
CHEMBL1237119::en1_A5:R;A9:R;A10:R;A24:R;A26:S,CHEMBL1237119,1
CHEMBL1237119::en2_A5:S;A9:S;A10:R;A24:R;A26:S,CHEMBL1237119,2
CHEMBL1237119::en3_A5:R;A9:S;A10:R;A24:R;A26:S,CHEMBL1237119,3
CHEMBL1237119::en4_A5:S;A9:R;A10:S;A24:R;A26:S,CHEMBL1237119,4
CHEMBL1237122::en0_A5:S;A10:R;A11:S;A21:R;A24:S,CHEMBL1237122,0
CHEMBL1237122::en1_A5:R;A10:R;A11:S;A21:R;A24:S,CHEMBL1237122,1
CHEMBL1237122::en2_A5:S;A10:S;A11:S;A21:R;A24:S,CHEMBL1237122,2
CHEMBL1237122::en3_A5:R;A10:S;A11:S;A21:R;A24:S,CHEMBL1237122,3
CHEMBL1237122::en4_A5:S;A10:R;A11:R;A21:R;A24:S,CHEMBL1237122,4
CHEMBL1237124::en0_A15:S;A25:R;A29:R;A30:R;A32:R,CHEMBL1237124,0
CHEMBL1237124::en1_A15:R;A25:R;A29:R;A30:R;A32:R,CHEMBL1237124,1
CHEMBL1237124::en2_A15:S;A25:S;A29:R;A30:R;A32:R,CHEMBL1237124,2
CHEMBL1237124::en3_A15:R;A25:S;A29:R;A30:R;A32:R,CHEMBL1237124,3
CHEMBL1237124::en4_A15:S;A25:R;A29:S;A30:R;A32:R,CHEMBL1237124,4
CHEMBL1237125::en0_A6:S;A8:S;A19:R;A21:S,CHEMBL1237125,0
CHEMBL1237125::en1_A6:R;A8:S;A19:R;A21:S,CHEMBL1237125,1
CHEMBL1237125::en2_A6:S;A8:R;A19:R;A21:S,CHEMBL1237125,2
CHEMBL1237125::en3_A6:R;A8:R;A19:R;A21:S,CHEMBL1237125,3
CHEMBL1237125::en4_A6:S;A8:S;A19:S;A21:S,CHEMBL1237125,4
CHEMBL1237212::en0_A5:R;A6:R;A7:R;A10:S,CHEMBL1237212,0
CHEMBL1237212::en1_A5:S;A6:R;A7:R;A10:S,CHEMBL1237212,1
CHEMBL1240705::en0_A6:R,CHEMBL1240705,0
CHEMBL1240705::en1_A6:S,CHEMBL1240705,1
CHEMBL1240967::en0_A30:R,CHEMBL1240967,0
CHEMBL1240967::en1_A30:S,CHEMBL1240967,1
CHEMBL1241348::en0_A2:S;A4:R;A8:S;A10:S;A40:R,CHEMBL1241348,0
CHEMBL1241348::en1_A2:R;A4:R;A8:S;A10:S;A40:R,CHEMBL1241348,1
CHEMBL1241348::en2_A2:S;A4:S;A8:S;A10:S;A40:R,CHEMBL1241348,2
CHEMBL1241348::en3_A2:R;A4:S;A8:S;A10:S;A40:R,CHEMBL1241348,3
CHEMBL1241348::en4_A2:S;A4:R;A8:R;A10:S;A40:R,CHEMBL1241348,4
CHEMBL1241590::en0_A8:S;A10:R,CHEMBL1241590,0
CHEMBL1241590::en1_A8:R;A10:R,CHEMBL1241590,1
CHEMBL1241590::en2_A8:S;A10:S,CHEMBL1241590,2
CHEMBL1241590::en3_A8:R;A10:S,CHEMBL1241590,3
CHEMBL1243298::en0_A4:R;A27:S,CHEMBL1243298,0
CHEMBL1243298::en1_A4:S;A27:S,CHEMBL1243298,1
CHEMBL1243298::en2_A4:R;A27:R,CHEMBL1243298,2
CHEMBL1243298::en3_A4:S;A27:R,CHEMBL1243298,3
CHEMBL124363::en0_A2:S;A7:R,CHEMBL124363,0
CHEMBL124363::en1_A2:R;A7:R,CHEMBL124363,1
CHEMBL124363::en2_A2:S;A7:S,CHEMBL124363,2
CHEMBL124363::en3_A2:R;A7:S,CHEMBL124363,3
CHEMBL1254025::en0_A5:R,CHEMBL1254025,0
CHEMBL1254025::en1_A5:S,CHEMBL1254025,1
CHEMBL1254025::en2_A5:R,CHEMBL1254025,2
CHEMBL1254025::en3_A5:S,CHEMBL1254025,3
CHEMBL1254990::en0_A1:R;A6:S;A9:R;A10:R;A11:R;A14:S;A16:R;A20:S;A22:R;A25:R,CHEMBL1254990,0
CHEMBL1254990::en1_A1:S;A6:S;A9:R;A10:R;A11:R;A14:S;A16:R;A20:S;A22:R;A25:R,CHEMBL1254990,1
CHEMBL1254990::en2_A1:R;A6:R;A9:R;A10:R;A11:R;A14:S;A16:R;A20:S;A22:R;A25:R,CHEMBL1254990,2
CHEMBL1254990::en3_A1:S;A6:R;A9:R;A10:R;A11:R;A14:S;A16:R;A20:S;A22:R;A25:R,CHEMBL1254990,3
CHEMBL1254990::en4_A1:R;A6:S;A9:S;A10:R;A11:R;A14:S;A16:R;A20:S;A22:R;A25:R,CHEMBL1254990,4
CHEMBL1255653::en0_A1:S,CHEMBL1255653,0
CHEMBL1255653::en1_A1:R,CHEMBL1255653,1
CHEMBL1255794::en0_A7:S;A8:R,CHEMBL1255794,0
CHEMBL1255794::en1_A7:R;A8:R,CHEMBL1255794,1
CHEMBL1255794::en2_A7:S;A8:S,CHEMBL1255794,2
CHEMBL1255794::en3_A7:R;A8:S,CHEMBL1255794,3
CHEMBL1255800::en0_A15:R;A16:R;A18:R;A21:R;A29:S;A34:S;A37:S;A39:S;A44:R;A51:R;A53:S;A62:S;A63:S;A70:R,CHEMBL1255800,0
CHEMBL1255800::en1_A15:R;A16:R;A18:R;A21:R;A29:S;A34:S;A37:S;A39:S;A44:S;A51:R;A53:R;A62:R;A63:S;A70:R,CHEMBL1255800,1
CHEMBL1255800::en2_A15:R;A16:S;A18:R;A21:S;A29:S;A34:S;A37:R;A39:R;A44:R;A51:R;A53:S;A62:R;A63:R;A70:S,CHEMBL1255800,2
CHEMBL1255800::en3_A15:R;A16:S;A18:R;A21:S;A29:R;A34:R;A37:R;A39:S;A44:S;A51:R;A53:S;A62:S;A63:R;A70:R,CHEMBL1255800,3
CHEMBL1255800::en4_A15:R;A16:R;A18:R;A21:R;A29:R;A34:S;A37:R;A39:S;A44:R;A51:S;A53:R;A62:R;A63:S;A70:R,CHEMBL1255800,4
CHEMBL1255840::en0_A9:R,CHEMBL1255840,0
CHEMBL1255840::en1_A9:S,CHEMBL1255840,1
CHEMBL1255871::en0_A30:R;A40:S,CHEMBL1255871,0
CHEMBL1255871::en1_A30:R;A40:S,CHEMBL1255871,1
CHEMBL1255871::en2_A30:R;A40:S,CHEMBL1255871,2
CHEMBL1255871::en3_A30:R;A40:R,CHEMBL1255871,3
CHEMBL1255871::en4_A30:R;A40:S,CHEMBL1255871,4
CHEMBL1255891::en0_A4:S;A8:S;A9:R;A10:S;A15:R,CHEMBL1255891,0
CHEMBL1255891::en1_A4:R;A8:S;A9:R;A10:S;A15:R,CHEMBL1255891,1
CHEMBL1255891::en2_A4:S;A8:R;A9:R;A10:S;A15:R,CHEMBL1255891,2
CHEMBL1255891::en3_A4:R;A8:R;A9:R;A10:S;A15:R,CHEMBL1255891,3
CHEMBL1255901::en0_A3:R;A8:R,CHEMBL1255901,0
CHEMBL1255901::en1_A3:S;A8:S,CHEMBL1255901,1
CHEMBL1256183::en0_A8:R;A37:R,CHEMBL1256183,0
CHEMBL1256183::en1_A8:S;A37:R,CHEMBL1256183,1
CHEMBL1256183::en2_A8:R;A37:S,CHEMBL1256183,2
CHEMBL1256183::en3_A8:S;A37:S,CHEMBL1256183,3
CHEMBL1256686::en0_A9:S;A11:R;A14:S;A17:S;A18:S;A27:R;A30:S,CHEMBL1256686,0
CHEMBL1256686::en1_A9:R;A11:R;A14:S;A17:S;A18:S;A27:R;A30:S,CHEMBL1256686,1
CHEMBL1256686::en2_A9:S;A11:S;A14:S;A17:S;A18:S;A27:R;A30:S,CHEMBL1256686,2
CHEMBL1256686::en3_A9:R;A11:S;A14:S;A17:S;A18:S;A27:R;A30:S,CHEMBL1256686,3
CHEMBL1256686::en4_A9:S;A11:R;A14:R;A17:S;A18:S;A27:R;A30:S,CHEMBL1256686,4
CHEMBL1256717::en0_A10:R,CHEMBL1256717,0
CHEMBL1256717::en1_A10:S,CHEMBL1256717,1
CHEMBL1256722::en0_A1:R;A17:S;A18:S;A21:R;A22:S,CHEMBL1256722,0
CHEMBL1256722::en1_A1:S;A17:S;A18:S;A21:R;A22:S,CHEMBL1256722,1
CHEMBL1256722::en2_A1:R;A17:R;A18:S;A21:R;A22:S,CHEMBL1256722,2
CHEMBL1256722::en3_A1:S;A17:R;A18:S;A21:R;A22:S,CHEMBL1256722,3
CHEMBL1256722::en4_A1:R;A17:S;A18:R;A21:R;A22:S,CHEMBL1256722,4
CHEMBL1256734::en0_A4:R;A5:R;A9:S;A23:R,CHEMBL1256734,0
CHEMBL1256734::en1_A4:S;A5:R;A9:S;A23:R,CHEMBL1256734,1
CHEMBL1256734::en2_A4:R;A5:S;A9:S;A23:R,CHEMBL1256734,2
CHEMBL1256734::en3_A4:S;A5:S;A9:S;A23:R,CHEMBL1256734,3
CHEMBL1256734::en4_A4:R;A5:R;A9:R;A23:R,CHEMBL1256734,4
CHEMBL1256815::en0_A6:S;A11:S,CHEMBL1256815,0
CHEMBL1256815::en1_A6:R;A11:S,CHEMBL1256815,1
CHEMBL1256815::en2_A6:S;A11:R,CHEMBL1256815,2
CHEMBL1256815::en3_A6:R;A11:R,CHEMBL1256815,3
CHEMBL1256919::en0_A13:S;A14:S,CHEMBL1256919,0
CHEMBL1256919::en1_A13:R;A14:S,CHEMBL1256919,1
CHEMBL1256919::en2_A13:S;A14:R,CHEMBL1256919,2
CHEMBL1256919::en3_A13:R;A14:R,CHEMBL1256919,3
CHEMBL1257051::en0_A15:R,CHEMBL1257051,0
CHEMBL1257051::en1_A15:S,CHEMBL1257051,1
CHEMBL1257073::en0_A6:R;A7:S;A10:R;A11:R;A13:S;A14:S,CHEMBL1257073,0
CHEMBL1257073::en1_A6:S;A7:S;A10:R;A11:R;A13:S;A14:S,CHEMBL1257073,1
CHEMBL1257073::en2_A6:R;A7:R;A10:S;A11:R;A13:S;A14:S,CHEMBL1257073,2
CHEMBL1258006::en0_A3:S;A10:S,CHEMBL1258006,0
CHEMBL1258006::en1_A3:R;A10:S,CHEMBL1258006,1
CHEMBL1259::en3_achiral,CHEMBL1259,3
CHEMBL1259059::en0_A6:S;A9:S;A13:S;A15:S;A24:R;A27:R,CHEMBL1259059,0
CHEMBL1259059::en1_A6:R;A9:S;A13:S;A15:S;A24:R;A27:R,CHEMBL1259059,1
CHEMBL1259059::en2_A6:S;A9:R;A13:S;A15:S;A24:R;A27:R,CHEMBL1259059,2
CHEMBL1259059::en3_A6:R;A9:R;A13:S;A15:S;A24:R;A27:R,CHEMBL1259059,3
CHEMBL1259059::en4_A6:S;A9:S;A13:R;A15:S;A24:R;A27:R,CHEMBL1259059,4
CHEMBL126::en0_A5:R,CHEMBL126,0
CHEMBL126::en1_A5:S,CHEMBL126,1
CHEMBL126648::en0_A25:R,CHEMBL126648,0
CHEMBL126648::en1_A25:S,CHEMBL126648,1
CHEMBL1269025::en0_A10:R;A12:R;A20:S,CHEMBL1269025,0
CHEMBL1269025::en1_A10:S;A12:R;A20:S,CHEMBL1269025,1
CHEMBL1269025::en2_A10:R;A12:S;A20:S,CHEMBL1269025,2
CHEMBL1269025::en3_A10:S;A12:S;A20:S,CHEMBL1269025,3
CHEMBL1269025::en4_A10:R;A12:R;A20:R,CHEMBL1269025,4
CHEMBL1269258::en0_A17:R,CHEMBL1269258,0
CHEMBL1269258::en1_A17:S,CHEMBL1269258,1
CHEMBL127::en0_A1:S;A3:R;A13:S;A16:S;A23:R;A25:S,CHEMBL127,0
CHEMBL127::en1_A1:R;A3:R;A13:S;A16:S;A23:R;A25:S,CHEMBL127,1
CHEMBL127::en2_A1:S;A3:S;A13:S;A16:S;A23:R;A25:S,CHEMBL127,2
CHEMBL127::en3_A1:R;A3:S;A13:S;A16:S;A23:R;A25:S,CHEMBL127,3
CHEMBL127::en4_A1:S;A3:R;A13:R;A16:S;A23:R;A25:S,CHEMBL127,4
CHEMBL1270156::en0_A18:S,CHEMBL1270156,0
CHEMBL1270156::en1_A18:R,CHEMBL1270156,1
CHEMBL127071::en0_A9:S,CHEMBL127071,0
CHEMBL127071::en1_A9:R,CHEMBL127071,1
CHEMBL1272::en0_A10:R,CHEMBL1272,0
CHEMBL1272::en1_A10:S,CHEMBL1272,1
CHEMBL1272307::en0_A11:R,CHEMBL1272307,0
CHEMBL1272307::en1_A11:S,CHEMBL1272307,1
CHEMBL1276342::en0_A2:R;A9:R;A32:R,CHEMBL1276342,0
CHEMBL1276342::en1_A2:S;A9:R;A32:R,CHEMBL1276342,1
CHEMBL1276342::en2_A2:R;A9:S;A32:R,CHEMBL1276342,2
CHEMBL1276342::en3_A2:S;A9:S;A32:R,CHEMBL1276342,3
CHEMBL1276342::en4_A2:R;A9:R;A32:S,CHEMBL1276342,4
CHEMBL1276663::en0_A7:R;A28:R,CHEMBL1276663,0
CHEMBL1276663::en1_A7:S;A28:R,CHEMBL1276663,1
CHEMBL1276663::en2_A7:R;A28:S,CHEMBL1276663,2
CHEMBL1276663::en3_A7:S;A28:S,CHEMBL1276663,3
CHEMBL1276663::en4_A7:R;A28:R,CHEMBL1276663,4
CHEMBL1276678::en0_A2:S;A11:S;A12:S;A30:S,CHEMBL1276678,0
CHEMBL1276678::en1_A2:R;A11:S;A12:S;A30:S,CHEMBL1276678,1
CHEMBL1276678::en2_A2:S;A11:R;A12:S;A30:S,CHEMBL1276678,2
CHEMBL1276678::en3_A2:R;A11:R;A12:S;A30:S,CHEMBL1276678,3
CHEMBL1276678::en4_A2:S;A11:S;A12:R;A30:S,CHEMBL1276678,4
CHEMBL1277001::en0_A8:R,CHEMBL1277001,0
CHEMBL1277001::en1_A8:S,CHEMBL1277001,1
CHEMBL1277072::en0_A22:R,CHEMBL1277072,0
CHEMBL1277072::en1_A22:S,CHEMBL1277072,1
CHEMBL1277072::en2_A22:R,CHEMBL1277072,2
CHEMBL1277072::en3_A22:S,CHEMBL1277072,3
CHEMBL1287935::en0_A2:S,CHEMBL1287935,0
CHEMBL1287935::en1_A2:R,CHEMBL1287935,1
CHEMBL1288810::en0_A2:R,CHEMBL1288810,0
CHEMBL1288810::en1_A2:S,CHEMBL1288810,1
CHEMBL1290::en0_A6:S,CHEMBL1290,0
CHEMBL1290::en1_A6:R,CHEMBL1290,1
CHEMBL1294::en0_A2:S;A7:R;A9:R;A10:R,CHEMBL1294,0
CHEMBL1294::en1_A2:R;A7:R;A9:R;A10:R,CHEMBL1294,1
CHEMBL1294::en2_A2:S;A7:S;A9:R;A10:R,CHEMBL1294,2
CHEMBL129482::en0_A9:R;A18:R,CHEMBL129482,0
CHEMBL129482::en1_A9:S;A18:R,CHEMBL129482,1
CHEMBL129482::en2_A9:R;A18:S,CHEMBL129482,2
CHEMBL129482::en3_A9:S;A18:S,CHEMBL129482,3
CHEMBL130::en0_A3:R;A6:R,CHEMBL130,0
CHEMBL130::en1_A3:S;A6:R,CHEMBL130,1
CHEMBL130::en2_A3:R;A6:S,CHEMBL130,2
CHEMBL130::en3_A3:S;A6:S,CHEMBL130,3
CHEMBL1303::en0_A11:R,CHEMBL1303,0
CHEMBL1303::en1_A11:S,CHEMBL1303,1
CHEMBL131::en0_A1:R;A10:S;A11:S;A12:R;A15:R;A17:R;A20:R,CHEMBL131,0
CHEMBL131::en1_A1:S;A10:S;A11:S;A12:R;A15:R;A17:R;A20:R,CHEMBL131,1
CHEMBL131::en2_A1:R;A10:R;A11:S;A12:R;A15:R;A17:R;A20:R,CHEMBL131,2
CHEMBL131::en3_A1:S;A10:R;A11:S;A12:R;A15:R;A17:R;A20:R,CHEMBL131,3
CHEMBL131::en4_A1:R;A10:S;A11:R;A12:R;A15:R;A17:R;A20:R,CHEMBL131,4
CHEMBL1311::en0_A4:R;A7:S;A8:S;A11:S,CHEMBL1311,0
CHEMBL1311::en1_A4:S;A7:S;A8:S;A11:S,CHEMBL1311,1
CHEMBL1311::en2_A4:R;A7:R;A8:S;A11:S,CHEMBL1311,2
CHEMBL1311::en3_A4:S;A7:R;A8:S;A11:S,CHEMBL1311,3
CHEMBL1311::en4_A4:R;A7:S;A8:R;A11:S,CHEMBL1311,4
CHEMBL13134::en0_A3:S;A20:R;A28:R;A34:S;A44:R,CHEMBL13134,0
CHEMBL13134::en1_A3:R;A20:R;A28:R;A34:S;A44:R,CHEMBL13134,1
CHEMBL13134::en2_A3:S;A20:S;A28:R;A34:S;A44:R,CHEMBL13134,2
CHEMBL13134::en3_A3:R;A20:S;A28:R;A34:S;A44:R,CHEMBL13134,3
CHEMBL13134::en4_A3:S;A20:R;A28:S;A34:S;A44:R,CHEMBL13134,4
CHEMBL1315492::en0_A3:R;A7:R;A8:S;A21:S,CHEMBL1315492,0
CHEMBL1315492::en1_A3:S;A7:R;A8:S;A21:S,CHEMBL1315492,1
CHEMBL1315492::en2_A3:R;A7:S;A8:S;A21:S,CHEMBL1315492,2
CHEMBL1315492::en3_A3:S;A7:S;A8:S;A21:S,CHEMBL1315492,3
CHEMBL1315492::en4_A3:R;A7:R;A8:R;A21:S,CHEMBL1315492,4
CHEMBL1316321::en0_A7:S;A8:S;A14:S;A16:R;A17:R,CHEMBL1316321,0
CHEMBL1316321::en1_A7:R;A8:S;A14:S;A16:R;A17:R,CHEMBL1316321,1
CHEMBL1316321::en2_A7:S;A8:R;A14:S;A16:R;A17:R,CHEMBL1316321,2
CHEMBL1316321::en3_A7:R;A8:R;A14:S;A16:R;A17:R,CHEMBL1316321,3
CHEMBL1316321::en4_A7:S;A8:S;A14:R;A16:R;A17:R,CHEMBL1316321,4
CHEMBL1318150::en0_A5:S;A10:S;A14:R;A18:R;A23:S,CHEMBL1318150,0
CHEMBL1318150::en1_A5:R;A10:S;A14:R;A18:R;A23:S,CHEMBL1318150,1
CHEMBL1318150::en2_A5:S;A10:R;A14:R;A18:R;A23:S,CHEMBL1318150,2
CHEMBL1318150::en3_A5:R;A10:R;A14:R;A18:R;A23:S,CHEMBL1318150,3
CHEMBL1318150::en4_A5:S;A10:S;A14:S;A18:R;A23:S,CHEMBL1318150,4
CHEMBL131854::en0_A2:R;A17:R,CHEMBL131854,0
CHEMBL131854::en1_A2:S;A17:R,CHEMBL131854,1
CHEMBL131854::en2_A2:R;A17:S,CHEMBL131854,2
CHEMBL131854::en3_A2:S;A17:S,CHEMBL131854,3
CHEMBL1323::en0_A6:S;A8:S;A20:S;A23:S;A27:R,CHEMBL1323,0
CHEMBL1323::en1_A6:R;A8:S;A20:S;A23:S;A27:R,CHEMBL1323,1
CHEMBL1323::en2_A6:S;A8:R;A20:S;A23:S;A27:R,CHEMBL1323,2
CHEMBL1323::en3_A6:R;A8:R;A20:S;A23:S;A27:R,CHEMBL1323,3
CHEMBL1323::en4_A6:S;A8:S;A20:R;A23:S;A27:R,CHEMBL1323,4
CHEMBL132468::en0_A1:R;A2:R,CHEMBL132468,0
CHEMBL132468::en1_A1:S;A2:R,CHEMBL132468,1
CHEMBL132468::en2_A1:R;A2:S,CHEMBL132468,2
CHEMBL132468::en3_A1:S;A2:S,CHEMBL132468,3
CHEMBL132530::en0_A1:R;A11:R;A12:S;A15:S;A21:R,CHEMBL132530,0
CHEMBL132530::en1_A1:S;A11:R;A12:S;A15:S;A21:R,CHEMBL132530,1
CHEMBL132530::en2_A1:R;A11:S;A12:S;A15:S;A21:R,CHEMBL132530,2
CHEMBL132530::en3_A1:S;A11:S;A12:S;A15:S;A21:R,CHEMBL132530,3
CHEMBL132530::en4_A1:R;A11:R;A12:R;A15:S;A21:R,CHEMBL132530,4
CHEMBL1328::en0_A4:S;A8:S;A35:R;A43:R,CHEMBL1328,0
CHEMBL1328::en1_A4:R;A8:S;A35:R;A43:R,CHEMBL1328,1
CHEMBL1328::en2_A4:S;A8:R;A35:R;A43:R,CHEMBL1328,2
CHEMBL1328::en3_A4:R;A8:R;A35:R;A43:R,CHEMBL1328,3
CHEMBL1328::en4_A4:S;A8:S;A35:S;A43:R,CHEMBL1328,4
CHEMBL1328898::en0_A4:R,CHEMBL1328898,0
CHEMBL1328898::en1_A4:S,CHEMBL1328898,1
CHEMBL1328968::en0_A3:R;A4:R;A14:R;A16:R;A19:S;A21:S,CHEMBL1328968,0
CHEMBL1328968::en1_A3:S;A4:R;A14:R;A16:R;A19:S;A21:S,CHEMBL1328968,1
CHEMBL1328968::en2_A3:R;A4:S;A14:R;A16:R;A19:S;A21:S,CHEMBL1328968,2
CHEMBL1328968::en3_A3:S;A4:S;A14:R;A16:R;A19:S;A21:S,CHEMBL1328968,3
CHEMBL1328968::en4_A3:R;A4:R;A14:S;A16:R;A19:S;A21:S,CHEMBL1328968,4
CHEMBL1330::en0_A4:R;A13:S;A14:R;A16:R;A18:S;A22:R;A24:S;A26:S;A30:S;A31:S,CHEMBL1330,0
CHEMBL1330::en1_A4:R;A13:R;A14:R;A16:R;A18:S;A22:R;A24:S;A26:S;A30:S;A31:S,CHEMBL1330,1
CHEMBL1331216::en0_A2:S;A5:R;A7:R;A11:S,CHEMBL1331216,0
CHEMBL1331216::en1_A2:R;A5:S;A7:S;A11:S,CHEMBL1331216,1
CHEMBL134641::en0_A6:S,CHEMBL134641,0
CHEMBL134641::en1_A6:R,CHEMBL134641,1
CHEMBL1349::en0_A3:S,CHEMBL1349,0
CHEMBL1349::en1_A3:R,CHEMBL1349,1
CHEMBL135::en0_A1:S;A4:S;A14:S;A15:S;A18:S,CHEMBL135,0
CHEMBL135::en1_A1:R;A4:S;A14:S;A15:S;A18:S,CHEMBL135,1
CHEMBL135::en2_A1:S;A4:R;A14:S;A15:S;A18:S,CHEMBL135,2
CHEMBL135::en3_A1:R;A4:R;A14:S;A15:S;A18:S,CHEMBL135,3
CHEMBL135::en4_A1:S;A4:S;A14:R;A15:S;A18:S,CHEMBL135,4
CHEMBL1357517::en0_A2:R,CHEMBL1357517,0
CHEMBL1357517::en1_A2:S,CHEMBL1357517,1
CHEMBL1358::en0_A1:S;A4:S;A13:S;A23:S;A35:S;A36:S;A39:S,CHEMBL1358,0
CHEMBL1358::en1_A1:R;A4:S;A13:S;A23:S;A35:S;A36:S;A39:S,CHEMBL1358,1
CHEMBL1358::en2_A1:S;A4:R;A13:S;A23:S;A35:S;A36:S;A39:S,CHEMBL1358,2
CHEMBL1358::en3_A1:R;A4:R;A13:S;A23:S;A35:S;A36:S;A39:S,CHEMBL1358,3
CHEMBL1358::en4_A1:S;A4:S;A13:R;A23:S;A35:S;A36:S;A39:S,CHEMBL1358,4
CHEMBL1359::en0_A1:S;A3:R;A13:S;A16:S;A30:R;A32:S,CHEMBL1359,0
CHEMBL1359::en1_A1:R;A3:R;A13:S;A16:S;A30:R;A32:S,CHEMBL1359,1
CHEMBL1359::en2_A1:S;A3:S;A13:S;A16:S;A30:R;A32:S,CHEMBL1359,2
CHEMBL1359::en3_A1:R;A3:S;A13:S;A16:S;A30:R;A32:S,CHEMBL1359,3
CHEMBL1359::en4_A1:S;A3:R;A13:R;A16:S;A30:R;A32:S,CHEMBL1359,4
CHEMBL1363::en0_A7:S;A11:R,CHEMBL1363,0
CHEMBL1363::en1_A7:R;A11:R,CHEMBL1363,1
CHEMBL1363::en2_A7:S;A11:S,CHEMBL1363,2
CHEMBL1363::en3_A7:R;A11:S,CHEMBL1363,3
CHEMBL1364144::en0_A7:S;A11:R;A12:S;A14:S;A22:R;A24:R;A25:R;A28:S,CHEMBL1364144,0
CHEMBL1364144::en1_A7:R;A11:R;A12:S;A14:S;A22:R;A24:R;A25:R;A28:S,CHEMBL1364144,1
CHEMBL1364144::en2_A7:S;A11:S;A12:S;A14:S;A22:R;A24:R;A25:R;A28:S,CHEMBL1364144,2
CHEMBL1364144::en3_A7:R;A11:S;A12:S;A14:S;A22:R;A24:R;A25:R;A28:S,CHEMBL1364144,3
CHEMBL1364144::en4_A7:S;A11:R;A12:R;A14:S;A22:R;A24:R;A25:R;A28:S,CHEMBL1364144,4
CHEMBL1366933::en0_A18:R,CHEMBL1366933,0
CHEMBL1366933::en1_A18:S,CHEMBL1366933,1
CHEMBL1369896::en0_A4:R,CHEMBL1369896,0
CHEMBL1369896::en1_A4:S,CHEMBL1369896,1
CHEMBL1372950::en0_A2:S;A4:S;A19:R,CHEMBL1372950,0
CHEMBL1372950::en1_A2:R;A4:S;A19:R,CHEMBL1372950,1
CHEMBL1372950::en2_A2:S;A4:R;A19:R,CHEMBL1372950,2
CHEMBL1372950::en3_A2:R;A4:R;A19:R,CHEMBL1372950,3
CHEMBL1372950::en4_A2:S;A4:S;A19:S,CHEMBL1372950,4
CHEMBL1380::en0_A12:S;A15:R,CHEMBL1380,0
CHEMBL1380::en1_A12:R;A15:R,CHEMBL1380,1
CHEMBL1380::en2_A12:S;A15:S,CHEMBL1380,2
CHEMBL1380::en3_A12:R;A15:S,CHEMBL1380,3
CHEMBL138029::en0_A5:S;A15:R;A27:R,CHEMBL138029,0
CHEMBL138029::en1_A5:R;A15:R;A27:R,CHEMBL138029,1
CHEMBL138029::en2_A5:S;A15:S;A27:R,CHEMBL138029,2
CHEMBL138029::en3_A5:R;A15:S;A27:R,CHEMBL138029,3
CHEMBL138029::en4_A5:S;A15:R;A27:S,CHEMBL138029,4
CHEMBL138225::en0_A7:R;A10:R;A11:S;A22:R;A24:R;A27:S,CHEMBL138225,0
CHEMBL138225::en1_A7:S;A10:R;A11:S;A22:R;A24:R;A27:S,CHEMBL138225,1
CHEMBL138225::en2_A7:R;A10:S;A11:S;A22:R;A24:R;A27:S,CHEMBL138225,2
CHEMBL138225::en3_A7:S;A10:S;A11:S;A22:R;A24:R;A27:S,CHEMBL138225,3
CHEMBL138225::en4_A7:R;A10:R;A11:R;A22:R;A24:R;A27:S,CHEMBL138225,4
CHEMBL1383::en0_A10:S;A13:R;A16:S;A20:R,CHEMBL1383,0
CHEMBL1383::en1_A10:R;A13:R;A16:S;A20:R,CHEMBL1383,1
CHEMBL1383::en2_A10:S;A13:S;A16:S;A20:R,CHEMBL1383,2
CHEMBL1383::en3_A10:R;A13:S;A16:S;A20:R,CHEMBL1383,3
CHEMBL1383::en4_A10:S;A13:R;A16:R;A20:R,CHEMBL1383,4
CHEMBL1384::en0_A2:R;A4:R;A6:R;A7:S;A9:R;A11:S;A13:S;A16:R;A18:S;A20:S;A22:S;A25:S;A27:S;A29:R;A31:S,CHEMBL1384,0
CHEMBL1384::en1_A2:R;A4:R;A6:R;A7:R;A9:S;A11:S;A13:R;A16:S;A18:S;A20:S;A22:S;A25:S;A27:R;A29:S;A31:R,CHEMBL1384,1
CHEMBL1384::en2_A2:R;A4:R;A6:R;A7:R;A9:R;A11:R;A13:S;A16:R;A18:R;A20:R;A22:S;A25:S;A27:R;A29:R;A31:R,CHEMBL1384,2
CHEMBL1384::en3_A2:S;A4:R;A6:S;A7:R;A9:S;A11:S;A13:R;A16:R;A18:R;A20:S;A22:R;A25:R;A27:S;A29:R;A31:R,CHEMBL1384,3
CHEMBL1384::en4_A2:R;A4:R;A6:S;A7:S;A9:S;A11:R;A13:S;A16:R;A18:R;A20:R;A22:R;A25:R;A27:R;A29:S;A31:S,CHEMBL1384,4
CHEMBL1385514::en0_A7:S;A11:R;A12:S;A21:S;A23:S;A25:R;A28:S,CHEMBL1385514,0
CHEMBL1385514::en1_A7:R;A11:R;A12:S;A21:S;A23:S;A25:R;A28:S,CHEMBL1385514,1
CHEMBL1385514::en2_A7:S;A11:S;A12:S;A21:S;A23:S;A25:R;A28:S,CHEMBL1385514,2
CHEMBL1385514::en3_A7:R;A11:S;A12:S;A21:S;A23:S;A25:R;A28:S,CHEMBL1385514,3
CHEMBL1385514::en4_A7:S;A11:R;A12:R;A21:S;A23:S;A25:R;A28:S,CHEMBL1385514,4
CHEMBL1387::en0_A2:R;A6:R;A7:R;A17:R;A20:S,CHEMBL1387,0
CHEMBL1387::en1_A2:S;A6:R;A7:R;A17:R;A20:S,CHEMBL1387,1
CHEMBL1387::en2_A2:R;A6:S;A7:R;A17:R;A20:S,CHEMBL1387,2
CHEMBL1387::en3_A2:S;A6:S;A7:R;A17:R;A20:S,CHEMBL1387,3
CHEMBL1387::en4_A2:R;A6:R;A7:S;A17:R;A20:S,CHEMBL1387,4
CHEMBL1389::en0_A2:R;A6:R;A7:R;A16:R;A17:R;A20:S,CHEMBL1389,0
CHEMBL1389::en1_A2:S;A6:R;A7:R;A16:R;A17:R;A20:S,CHEMBL1389,1
CHEMBL1389::en2_A2:R;A6:S;A7:R;A16:R;A17:R;A20:S,CHEMBL1389,2
CHEMBL1389::en3_A2:S;A6:S;A7:R;A16:R;A17:R;A20:S,CHEMBL1389,3
CHEMBL1389::en4_A2:R;A6:R;A7:S;A16:R;A17:R;A20:S,CHEMBL1389,4
CHEMBL139367::en0_A5:S;A10:R;A11:S;A13:R;A18:S,CHEMBL139367,0
CHEMBL139367::en1_A5:R;A10:R;A11:S;A13:R;A18:S,CHEMBL139367,1
CHEMBL139367::en2_A5:S;A10:S;A11:S;A13:R;A18:S,CHEMBL139367,2
CHEMBL139367::en3_A5:R;A10:S;A11:S;A13:R;A18:S,CHEMBL139367,3
CHEMBL139367::en4_A5:S;A10:R;A11:R;A13:R;A18:S,CHEMBL139367,4
CHEMBL1395::en0_A1:R;A10:R;A11:S;A14:R;A16:R;A19:S,CHEMBL1395,0
CHEMBL1395::en1_A1:S;A10:R;A11:S;A14:R;A16:R;A19:S,CHEMBL1395,1
CHEMBL1395::en2_A1:R;A10:S;A11:S;A14:R;A16:R;A19:S,CHEMBL1395,2
CHEMBL1395::en3_A1:S;A10:S;A11:S;A14:R;A16:R;A19:S,CHEMBL1395,3
CHEMBL1395::en4_A1:R;A10:R;A11:R;A14:R;A16:R;A19:S,CHEMBL1395,4
CHEMBL139835::en0_A4:R;A10:R;A11:R;A19:R;A21:S;A22:S;A24:R;A27:S,CHEMBL139835,0
CHEMBL139835::en1_A4:S;A10:R;A11:R;A19:R;A21:S;A22:S;A24:R;A27:S,CHEMBL139835,1
CHEMBL139835::en2_A4:R;A10:S;A11:R;A19:R;A21:S;A22:S;A24:R;A27:S,CHEMBL139835,2
CHEMBL139835::en3_A4:S;A10:S;A11:R;A19:R;A21:S;A22:S;A24:R;A27:S,CHEMBL139835,3
CHEMBL139835::en4_A4:R;A10:R;A11:S;A19:R;A21:S;A22:S;A24:R;A27:S,CHEMBL139835,4
CHEMBL1399124::en0_A15:R;A17:S;A33:S;A35:S;A36:S;A41:S,CHEMBL1399124,0
CHEMBL1399124::en1_A15:S;A17:S;A33:S;A35:S;A36:S;A41:S,CHEMBL1399124,1
CHEMBL1399124::en2_A15:R;A17:R;A33:S;A35:S;A36:S;A41:S,CHEMBL1399124,2
CHEMBL1399124::en3_A15:S;A17:R;A33:S;A35:S;A36:S;A41:S,CHEMBL1399124,3
CHEMBL1399124::en4_A15:R;A17:S;A33:R;A35:S;A36:S;A41:S,CHEMBL1399124,4
CHEMBL1405::en0_A1:S;A4:S;A14:S;A15:S,CHEMBL1405,0
CHEMBL1405::en1_A1:R;A4:S;A14:S;A15:S,CHEMBL1405,1
CHEMBL1405::en2_A1:S;A4:R;A14:S;A15:S,CHEMBL1405,2
CHEMBL1405::en3_A1:R;A4:R;A14:S;A15:S,CHEMBL1405,3
CHEMBL1405::en4_A1:S;A4:S;A14:R;A15:S,CHEMBL1405,4
CHEMBL1407356::en0_A5:R;A8:R,CHEMBL1407356,0
CHEMBL1407356::en1_A5:S;A8:R,CHEMBL1407356,1
CHEMBL1407356::en2_A5:R;A8:S,CHEMBL1407356,2
CHEMBL1407356::en3_A5:S;A8:S,CHEMBL1407356,3
CHEMBL141::en0_A5:S;A8:R,CHEMBL141,0
CHEMBL141::en1_A5:R;A8:R,CHEMBL141,1
CHEMBL141::en2_A5:S;A8:S,CHEMBL141,2
CHEMBL141::en3_A5:R;A8:S,CHEMBL141,3
CHEMBL1410877::en0_A5:R,CHEMBL1410877,0
CHEMBL1410877::en1_A5:S,CHEMBL1410877,1
CHEMBL1411::en0_A1:S,CHEMBL1411,0
CHEMBL1411::en1_A1:R,CHEMBL1411,1
CHEMBL1412041::en0_A1:S;A3:R,CHEMBL1412041,0
CHEMBL1412041::en1_A1:R;A3:R,CHEMBL1412041,1
CHEMBL1412041::en2_A1:S;A3:S,CHEMBL1412041,2
CHEMBL1412041::en3_A1:R;A3:S,CHEMBL1412041,3
CHEMBL1412614::en0_A8:R;A9:R;A11:S;A15:R,CHEMBL1412614,0
CHEMBL1412614::en1_A8:S;A9:R;A11:S;A15:R,CHEMBL1412614,1
CHEMBL1412614::en2_A8:R;A9:S;A11:S;A15:R,CHEMBL1412614,2
CHEMBL1412614::en3_A8:S;A9:S;A11:S;A15:R,CHEMBL1412614,3
CHEMBL1412614::en4_A8:R;A9:R;A11:R;A15:R,CHEMBL1412614,4
CHEMBL1418176::en0_A1:R;A10:R;A11:S;A14:R;A16:R;A19:S,CHEMBL1418176,0
CHEMBL1418176::en1_A1:S;A10:R;A11:S;A14:R;A16:R;A19:S,CHEMBL1418176,1
CHEMBL1418176::en2_A1:R;A10:S;A11:S;A14:R;A16:R;A19:S,CHEMBL1418176,2
CHEMBL1418176::en3_A1:S;A10:S;A11:S;A14:R;A16:R;A19:S,CHEMBL1418176,3
CHEMBL1418176::en4_A1:R;A10:R;A11:R;A14:R;A16:R;A19:S,CHEMBL1418176,4
CHEMBL142130::en0_A3:S;A7:R;A8:R;A16:R;A18:S;A19:S;A21:R;A24:S,CHEMBL142130,0
CHEMBL142130::en1_A3:R;A7:R;A8:R;A16:R;A18:S;A19:S;A21:R;A24:S,CHEMBL142130,1
CHEMBL142130::en2_A3:S;A7:S;A8:R;A16:R;A18:S;A19:S;A21:R;A24:S,CHEMBL142130,2
CHEMBL142130::en3_A3:R;A7:S;A8:R;A16:R;A18:S;A19:S;A21:R;A24:S,CHEMBL142130,3
CHEMBL142130::en4_A3:S;A7:R;A8:S;A16:R;A18:S;A19:S;A21:R;A24:S,CHEMBL142130,4
CHEMBL1422::en0_A1:S,CHEMBL1422,0
CHEMBL1422::en1_A1:R,CHEMBL1422,1
CHEMBL14249::en0_A10:R;A12:R;A15:S;A19:R;A27:R;A29:S,CHEMBL14249,0
CHEMBL14249::en1_A10:S;A12:R;A15:S;A19:R;A27:R;A29:S,CHEMBL14249,1
CHEMBL14249::en2_A10:R;A12:S;A15:S;A19:R;A27:R;A29:S,CHEMBL14249,2
CHEMBL14249::en3_A10:S;A12:S;A15:S;A19:R;A27:R;A29:S,CHEMBL14249,3
CHEMBL14249::en4_A10:R;A12:R;A15:R;A19:R;A27:R;A29:S,CHEMBL14249,4
CHEMBL142652::en0_A2:S;A4:R;A22:R;A24:R;A26:S,CHEMBL142652,0
CHEMBL142652::en1_A2:R;A4:R;A22:R;A24:R;A26:S,CHEMBL142652,1
CHEMBL142652::en2_A2:S;A4:S;A22:R;A24:R;A26:S,CHEMBL142652,2
CHEMBL142652::en3_A2:R;A4:S;A22:R;A24:R;A26:S,CHEMBL142652,3
CHEMBL142652::en4_A2:S;A4:R;A22:S;A24:R;A26:S,CHEMBL142652,4
CHEMBL142703::en0_A2:S;A11:R;A13:R;A15:S;A17:R,CHEMBL142703,0
CHEMBL1436::en0_A7:R;A23:R,CHEMBL1436,0
CHEMBL1436::en1_A7:S;A23:R,CHEMBL1436,1
CHEMBL1436::en2_A7:R;A23:S,CHEMBL1436,2
CHEMBL1436::en3_A7:S;A23:S,CHEMBL1436,3
CHEMBL1436::en4_A7:R;A23:R,CHEMBL1436,4
CHEMBL1436376::en0_A12:S,CHEMBL1436376,0
CHEMBL1436376::en1_A12:R,CHEMBL1436376,1
CHEMBL1437::en0_A2:R,CHEMBL1437,0
CHEMBL1437::en1_A2:S,CHEMBL1437,1
CHEMBL14429::en0_A5:R;A17:S,CHEMBL14429,0
CHEMBL14429::en1_A5:S;A17:S,CHEMBL14429,1
CHEMBL14429::en2_A5:R;A17:R,CHEMBL14429,2
CHEMBL14429::en3_A5:S;A17:R,CHEMBL14429,3
CHEMBL1443::en0_A16:R;A20:R;A25:S,CHEMBL1443,0
CHEMBL1443::en1_A16:S;A20:R;A25:S,CHEMBL1443,1
CHEMBL1443::en2_A16:R;A20:S;A25:S,CHEMBL1443,2
CHEMBL1443::en3_A16:S;A20:S;A25:S,CHEMBL1443,3
CHEMBL1443::en4_A16:R;A20:R;A25:R,CHEMBL1443,4
CHEMBL1445::en0_A1:S;A5:R;A6:S;A15:S;A17:S;A19:R;A22:S,CHEMBL1445,0
CHEMBL1445::en1_A1:R;A5:R;A6:S;A15:S;A17:S;A19:R;A22:S,CHEMBL1445,1
CHEMBL1445::en2_A1:S;A5:S;A6:S;A15:S;A17:S;A19:R;A22:S,CHEMBL1445,2
CHEMBL1445::en3_A1:R;A5:S;A6:S;A15:S;A17:S;A19:R;A22:S,CHEMBL1445,3
CHEMBL1445::en4_A1:S;A5:R;A6:R;A15:S;A17:S;A19:R;A22:S,CHEMBL1445,4
CHEMBL1447::en0_A3:R;A5:R;A9:S;A10:S;A12:R;A15:R;A17:R;A19:S;A21:S,CHEMBL1447,0
CHEMBL1447::en1_A3:S;A5:R;A9:S;A10:S;A12:R;A15:R;A17:R;A19:S;A21:S,CHEMBL1447,1
CHEMBL1447::en2_A3:R;A5:S;A9:S;A10:S;A12:R;A15:R;A17:R;A19:S;A21:S,CHEMBL1447,2
CHEMBL1447::en3_A3:S;A5:S;A9:S;A10:S;A12:R;A15:R;A17:R;A19:S;A21:S,CHEMBL1447,3
CHEMBL1447::en4_A3:R;A5:R;A9:R;A10:S;A12:R;A15:R;A17:R;A19:S;A21:S,CHEMBL1447,4
CHEMBL1450::en0_A5:S;A8:S,CHEMBL1450,0
CHEMBL1450::en1_A5:R;A8:R,CHEMBL1450,1
CHEMBL1451::en0_A1:S;A10:R;A11:S;A13:S;A15:S;A21:R;A24:S;A26:S,CHEMBL1451,0
CHEMBL1451::en1_A1:R;A10:R;A11:S;A13:S;A15:S;A21:R;A24:S;A26:S,CHEMBL1451,1
CHEMBL1451::en2_A1:S;A10:S;A11:S;A13:S;A15:S;A21:R;A24:S;A26:S,CHEMBL1451,2
CHEMBL1451::en3_A1:R;A10:S;A11:S;A13:S;A15:S;A21:R;A24:S;A26:S,CHEMBL1451,3
CHEMBL1451::en4_A1:S;A10:R;A11:R;A13:S;A15:S;A21:R;A24:S;A26:S,CHEMBL1451,4
CHEMBL145347::en0_A2:S;A5:R;A7:R;A9:R;A24:R;A26:S;A29:S;A32:R;A36:S;A40:S,CHEMBL145347,0
CHEMBL145347::en1_A2:R;A5:R;A7:R;A9:R;A24:R;A26:S;A29:S;A32:R;A36:S;A40:S,CHEMBL145347,1
CHEMBL145347::en2_A2:S;A5:S;A7:R;A9:R;A24:R;A26:S;A29:S;A32:R;A36:S;A40:S,CHEMBL145347,2
CHEMBL145347::en3_A2:R;A5:S;A7:R;A9:R;A24:R;A26:S;A29:S;A32:R;A36:S;A40:S,CHEMBL145347,3
CHEMBL145347::en4_A2:S;A5:R;A7:S;A9:R;A24:R;A26:S;A29:S;A32:R;A36:S;A40:S,CHEMBL145347,4
CHEMBL1454::en0_A4:R,CHEMBL1454,0
CHEMBL1454::en1_A4:S,CHEMBL1454,1
CHEMBL1460::en0_A10:S;A13:R,CHEMBL1460,0
CHEMBL1460::en1_A10:R;A13:R,CHEMBL1460,1
CHEMBL1460::en2_A10:S;A13:S,CHEMBL1460,2
CHEMBL1460::en3_A10:R;A13:S,CHEMBL1460,3
CHEMBL146673::en0_A4:R;A6:S;A8:R;A12:S,CHEMBL146673,0
CHEMBL146673::en1_A4:S;A6:S;A8:R;A12:S,CHEMBL146673,1
CHEMBL146673::en2_A4:R;A6:R;A8:R;A12:S,CHEMBL146673,2
CHEMBL146673::en3_A4:S;A6:R;A8:R;A12:S,CHEMBL146673,3
CHEMBL1471::en0_A1:S;A3:S;A15:R,CHEMBL1471,0
CHEMBL1471::en1_A1:R;A3:S;A15:R,CHEMBL1471,1
CHEMBL1471::en2_A1:S;A3:R;A15:R,CHEMBL1471,2
CHEMBL1471::en3_A1:R;A3:R;A15:R,CHEMBL1471,3
CHEMBL1471::en4_A1:S;A3:S;A15:S,CHEMBL1471,4
CHEMBL1472975::en0_A2:R;A7:S,CHEMBL1472975,0
CHEMBL1472975::en1_A2:S;A7:S,CHEMBL1472975,1
CHEMBL1472975::en2_A2:R;A7:R,CHEMBL1472975,2
CHEMBL1473::en0_A5:R;A11:R;A14:R;A15:S;A17:S;A25:S;A27:S;A29:R;A32:S,CHEMBL1473,0
CHEMBL1473::en1_A5:S;A11:R;A14:R;A15:S;A17:S;A25:S;A27:S;A29:R;A32:S,CHEMBL1473,1
CHEMBL1473::en2_A5:R;A11:S;A14:R;A15:S;A17:S;A25:S;A27:S;A29:R;A32:S,CHEMBL1473,2
CHEMBL1473::en3_A5:S;A11:S;A14:R;A15:S;A17:S;A25:S;A27:S;A29:R;A32:S,CHEMBL1473,3
CHEMBL1473::en4_A5:R;A11:R;A14:S;A15:S;A17:S;A25:S;A27:S;A29:R;A32:S,CHEMBL1473,4
CHEMBL1476022::en0_A4:R;A10:R;A11:S;A21:R;A22:R;A25:S,CHEMBL1476022,0
CHEMBL1476022::en1_A4:S;A10:R;A11:S;A21:R;A22:R;A25:S,CHEMBL1476022,1
CHEMBL1476022::en2_A4:R;A10:S;A11:S;A21:R;A22:R;A25:S,CHEMBL1476022,2
CHEMBL1476022::en3_A4:S;A10:S;A11:S;A21:R;A22:R;A25:S,CHEMBL1476022,3
CHEMBL1476022::en4_A4:R;A10:R;A11:R;A21:R;A22:R;A25:S,CHEMBL1476022,4
CHEMBL14762::en0_A2:R,CHEMBL14762,0
CHEMBL14762::en1_A2:S,CHEMBL14762,1
CHEMBL1477::en0_A16:R;A19:S,CHEMBL1477,0
CHEMBL1477::en1_A16:S;A19:S,CHEMBL1477,1
CHEMBL1477::en2_A16:R;A19:R,CHEMBL1477,2
CHEMBL1477::en3_A16:S;A19:R,CHEMBL1477,3
CHEMBL1477::en4_A16:R;A19:S,CHEMBL1477,4
CHEMBL1479::en0_A2:R;A6:R;A7:R;A18:R;A20:R;A23:S,CHEMBL1479,0
CHEMBL1479::en1_A2:S;A6:R;A7:R;A18:R;A20:R;A23:S,CHEMBL1479,1
CHEMBL1479::en2_A2:R;A6:S;A7:R;A18:R;A20:R;A23:S,CHEMBL1479,2
CHEMBL1479::en3_A2:S;A6:S;A7:R;A18:R;A20:R;A23:S,CHEMBL1479,3
CHEMBL1479::en4_A2:R;A6:R;A7:S;A18:R;A20:R;A23:S,CHEMBL1479,4
CHEMBL148::en0_A1:S;A3:R;A19:R,CHEMBL148,0
CHEMBL148::en1_A1:R;A3:R;A19:R,CHEMBL148,1
CHEMBL148::en2_A1:S;A3:S;A19:R,CHEMBL148,2
CHEMBL148::en3_A1:R;A3:S;A19:R,CHEMBL148,3
CHEMBL148::en4_A1:S;A3:R;A19:S,CHEMBL148,4
CHEMBL1481::en0_A23:S;A26:S,CHEMBL1481,0
CHEMBL1481::en1_A23:R;A26:R,CHEMBL1481,1
CHEMBL14830::en0_A10:R;A12:R;A15:S;A23:R;A25:S,CHEMBL14830,0
CHEMBL14830::en1_A10:S;A12:R;A15:S;A23:R;A25:S,CHEMBL14830,1
CHEMBL14830::en2_A10:R;A12:S;A15:S;A23:R;A25:S,CHEMBL14830,2
CHEMBL14830::en3_A10:S;A12:S;A15:S;A23:R;A25:S,CHEMBL14830,3
CHEMBL14830::en4_A10:R;A12:R;A15:R;A23:R;A25:S,CHEMBL14830,4
CHEMBL1487::en0_A32:S;A35:S,CHEMBL1487,0
CHEMBL1487::en1_A32:R;A35:S,CHEMBL1487,1
CHEMBL1487::en2_A32:S;A35:R,CHEMBL1487,2
CHEMBL1487::en3_A32:R;A35:R,CHEMBL1487,3
CHEMBL1488165::en0_A4:R;A11:S,CHEMBL1488165,0
CHEMBL1488165::en1_A4:S;A11:S,CHEMBL1488165,1
CHEMBL1488165::en2_A4:R;A11:R,CHEMBL1488165,2
CHEMBL1488165::en3_A4:S;A11:R,CHEMBL1488165,3
CHEMBL148824::en0_A3:R;A4:R;A6:R;A20:R;A23:S,CHEMBL148824,0
CHEMBL148824::en1_A3:S;A4:R;A6:R;A20:R;A23:S,CHEMBL148824,1
CHEMBL148824::en2_A3:R;A4:S;A6:R;A20:R;A23:S,CHEMBL148824,2
CHEMBL148824::en3_A3:S;A4:S;A6:R;A20:R;A23:S,CHEMBL148824,3
CHEMBL148824::en4_A3:R;A4:R;A6:S;A20:R;A23:S,CHEMBL148824,4
CHEMBL14935::en0_A3:S;A5:S;A7:S;A17:S,CHEMBL14935,0
CHEMBL14935::en1_A3:R;A5:S;A7:S;A17:S,CHEMBL14935,1
CHEMBL14935::en2_A3:S;A5:R;A7:S;A17:S,CHEMBL14935,2
CHEMBL14935::en3_A3:R;A5:R;A7:S;A17:S,CHEMBL14935,3
CHEMBL14935::en4_A3:S;A5:S;A7:R;A17:S,CHEMBL14935,4
CHEMBL1496::en0_A24:R;A27:S,CHEMBL1496,0
CHEMBL1496::en1_A24:S;A27:S,CHEMBL1496,1
CHEMBL1496::en2_A24:R;A27:R,CHEMBL1496,2
CHEMBL1496::en3_A24:S;A27:R,CHEMBL1496,3
CHEMBL1496::en4_A24:R;A27:S,CHEMBL1496,4
CHEMBL1497::en0_A7:R;A12:R;A15:R;A16:S;A25:S;A27:S;A29:R;A32:S,CHEMBL1497,0
CHEMBL1497::en1_A7:S;A12:R;A15:R;A16:S;A25:S;A27:S;A29:R;A32:S,CHEMBL1497,1
CHEMBL1497::en2_A7:R;A12:S;A15:R;A16:S;A25:S;A27:S;A29:R;A32:S,CHEMBL1497,2
CHEMBL1497::en3_A7:S;A12:S;A15:R;A16:S;A25:S;A27:S;A29:R;A32:S,CHEMBL1497,3
CHEMBL1497::en4_A7:R;A12:R;A15:S;A16:S;A25:S;A27:S;A29:R;A32:S,CHEMBL1497,4
CHEMBL1499::en0_A1:R;A10:S;A11:S;A15:R;A17:R;A20:R,CHEMBL1499,0
CHEMBL1499::en1_A1:S;A10:S;A11:S;A15:R;A17:R;A20:R,CHEMBL1499,1
CHEMBL1499::en2_A1:R;A10:R;A11:S;A15:R;A17:R;A20:R,CHEMBL1499,2
CHEMBL1499::en3_A1:S;A10:R;A11:S;A15:R;A17:R;A20:R,CHEMBL1499,3
CHEMBL1499::en4_A1:R;A10:S;A11:R;A15:R;A17:R;A20:R,CHEMBL1499,4
CHEMBL1506::en0_A19:S;A26:R,CHEMBL1506,0
CHEMBL1506::en1_A19:R;A26:R,CHEMBL1506,1
CHEMBL1506::en2_A19:S;A26:S,CHEMBL1506,2
CHEMBL1506::en3_A19:R;A26:S,CHEMBL1506,3
CHEMBL1508::en0_A6:R,CHEMBL1508,0
CHEMBL1508::en1_A6:S,CHEMBL1508,1
CHEMBL1509::en0_A1:R;A8:R;A10:R;A11:S;A12:S;A13:S;A15:S;A16:R;A22:R;A26:R,CHEMBL1509,0
CHEMBL1509::en1_A1:S;A8:R;A10:R;A11:S;A12:S;A13:S;A15:S;A16:R;A22:R;A26:R,CHEMBL1509,1
CHEMBL1510::en0_A5:R,CHEMBL1510,0
CHEMBL1510::en1_A5:S,CHEMBL1510,1
CHEMBL1511::en0_A7:R;A10:R;A11:R;A21:R;A24:S,CHEMBL1511,0
CHEMBL1511::en1_A7:S;A10:R;A11:R;A21:R;A24:S,CHEMBL1511,1
CHEMBL1511::en2_A7:R;A10:S;A11:R;A21:R;A24:S,CHEMBL1511,2
CHEMBL1511::en3_A7:S;A10:S;A11:R;A21:R;A24:S,CHEMBL1511,3
CHEMBL1511::en4_A7:R;A10:R;A11:S;A21:R;A24:S,CHEMBL1511,4
CHEMBL1516410::en0_A5:R,CHEMBL1516410,0
CHEMBL1516410::en1_A5:S,CHEMBL1516410,1
CHEMBL1519::en0_A5:S;A15:R;A20:S;A25:S;A30:S,CHEMBL1519,0
CHEMBL1519::en1_A5:R;A15:R;A20:S;A25:S;A30:S,CHEMBL1519,1
CHEMBL1519::en2_A5:S;A15:S;A20:S;A25:S;A30:S,CHEMBL1519,2
CHEMBL1519::en3_A5:R;A15:S;A20:S;A25:S;A30:S,CHEMBL1519,3
CHEMBL1519::en4_A5:S;A15:R;A20:R;A25:S;A30:S,CHEMBL1519,4
CHEMBL152::en0_A6:R,CHEMBL152,0
CHEMBL152::en1_A6:S,CHEMBL152,1
CHEMBL1522::en0_A8:R,CHEMBL1522,0
CHEMBL1522::en1_A8:S,CHEMBL1522,1
CHEMBL15245::en0_A4:R;A5:R;A7:R;A21:R;A24:S,CHEMBL15245,0
CHEMBL15245::en1_A4:S;A5:R;A7:R;A21:R;A24:S,CHEMBL15245,1
CHEMBL15245::en2_A4:R;A5:S;A7:R;A21:R;A24:S,CHEMBL15245,2
CHEMBL15245::en3_A4:S;A5:S;A7:R;A21:R;A24:S,CHEMBL15245,3
CHEMBL15245::en4_A4:R;A5:R;A7:S;A21:R;A24:S,CHEMBL15245,4
CHEMBL152452::en0_A4:S;A5:R;A6:R;A8:R;A13:S;A19:S,CHEMBL152452,0
CHEMBL152452::en1_A4:R;A5:R;A6:R;A8:R;A13:S;A19:S,CHEMBL152452,1
CHEMBL152452::en2_A4:S;A5:S;A6:R;A8:R;A13:S;A19:S,CHEMBL152452,2
CHEMBL152452::en3_A4:R;A5:S;A6:R;A8:R;A13:S;A19:S,CHEMBL152452,3
CHEMBL152452::en4_A4:S;A5:R;A6:S;A8:R;A13:S;A19:S,CHEMBL152452,4
CHEMBL1530428::en0_A7:S;A9:R;A12:R;A13:S;A22:S;A24:S;A26:R;A29:S,CHEMBL1530428,0
CHEMBL1530428::en1_A7:R;A9:R;A12:R;A13:S;A22:S;A24:S;A26:R;A29:S,CHEMBL1530428,1
CHEMBL1530428::en2_A7:S;A9:S;A12:R;A13:S;A22:S;A24:S;A26:R;A29:S,CHEMBL1530428,2
CHEMBL1530428::en3_A7:R;A9:S;A12:R;A13:S;A22:S;A24:S;A26:R;A29:S,CHEMBL1530428,3
CHEMBL1530428::en4_A7:S;A9:R;A12:S;A13:S;A22:S;A24:S;A26:R;A29:S,CHEMBL1530428,4
CHEMBL1531::en0_A2:R;A6:R;A7:S;A16:R;A17:R;A21:S,CHEMBL1531,0
CHEMBL1531::en1_A2:S;A6:R;A7:S;A16:R;A17:R;A21:S,CHEMBL1531,1
CHEMBL1531::en2_A2:R;A6:S;A7:S;A16:R;A17:R;A21:S,CHEMBL1531,2
CHEMBL1531::en3_A2:S;A6:S;A7:S;A16:R;A17:R;A21:S,CHEMBL1531,3
CHEMBL1531::en4_A2:R;A6:R;A7:R;A16:R;A17:R;A21:S,CHEMBL1531,4
CHEMBL1533::en0_A2:R;A6:R;A7:S;A15:R;A16:R;A20:S,CHEMBL1533,0
CHEMBL1533::en1_A2:S;A6:R;A7:S;A15:R;A16:R;A20:S,CHEMBL1533,1
CHEMBL1533::en2_A2:R;A6:S;A7:S;A15:R;A16:R;A20:S,CHEMBL1533,2
CHEMBL1533::en3_A2:S;A6:S;A7:S;A15:R;A16:R;A20:S,CHEMBL1533,3
CHEMBL1533::en4_A2:R;A6:R;A7:R;A15:R;A16:R;A20:S,CHEMBL1533,4
CHEMBL1534::en0_A15:S;A17:S;A19:R,CHEMBL1534,0
CHEMBL1534::en1_A15:R;A17:S;A19:R,CHEMBL1534,1
CHEMBL1534::en2_A15:S;A17:R;A19:R,CHEMBL1534,2
CHEMBL1534::en3_A15:R;A17:R;A19:R,CHEMBL1534,3
CHEMBL1534::en4_A15:S;A17:S;A19:S,CHEMBL1534,4
CHEMBL153479::en0_A11:S;A14:S,CHEMBL153479,0
CHEMBL153479::en1_A11:R;A14:R,CHEMBL153479,1
CHEMBL1537::en0_A4:R;A5:R;A9:R;A28:R,CHEMBL1537,0
CHEMBL1537::en1_A4:S;A5:R;A9:R;A28:R,CHEMBL1537,1
CHEMBL1537::en2_A4:R;A5:S;A9:R;A28:R,CHEMBL1537,2
CHEMBL1537::en3_A4:S;A5:S;A9:R;A28:R,CHEMBL1537,3
CHEMBL1537::en4_A4:R;A5:R;A9:S;A28:R,CHEMBL1537,4
CHEMBL1538::en0_A13:R,CHEMBL1538,0
CHEMBL1538::en1_A13:S,CHEMBL1538,1
CHEMBL154::en0_A8:S,CHEMBL154,0
CHEMBL154::en1_A8:R,CHEMBL154,1
CHEMBL1541::en0_A10:S;A27:S,CHEMBL1541,0
CHEMBL1541::en1_A10:R;A27:S,CHEMBL1541,1
CHEMBL1541::en2_A10:S;A27:R,CHEMBL1541,2
CHEMBL1541::en3_A10:R;A27:R,CHEMBL1541,3
CHEMBL1541::en4_A10:S;A27:S,CHEMBL1541,4
CHEMBL15413::en0_A2:S;A31:R,CHEMBL15413,0
CHEMBL15413::en1_A2:R;A31:R,CHEMBL15413,1
CHEMBL15413::en2_A2:S;A31:S,CHEMBL15413,2
CHEMBL15413::en3_A2:R;A31:S,CHEMBL15413,3
CHEMBL1549::en0_A1:R;A10:S;A11:S;A12:R;A15:R;A17:R;A20:R,CHEMBL1549,0
CHEMBL1549::en1_A1:S;A10:S;A11:S;A12:R;A15:R;A17:R;A20:R,CHEMBL1549,1
CHEMBL1549::en2_A1:R;A10:R;A11:S;A12:R;A15:R;A17:R;A20:R,CHEMBL1549,2
CHEMBL1549::en3_A1:S;A10:R;A11:S;A12:R;A15:R;A17:R;A20:R,CHEMBL1549,3
CHEMBL1549::en4_A1:R;A10:S;A11:R;A12:R;A15:R;A17:R;A20:R,CHEMBL1549,4
CHEMBL1550::en0_A10:R;A15:R,CHEMBL1550,0
CHEMBL1550::en1_A10:S;A15:R,CHEMBL1550,1
CHEMBL1550::en2_A10:R;A15:S,CHEMBL1550,2
CHEMBL1550::en3_A10:S;A15:S,CHEMBL1550,3
CHEMBL1550::en4_A10:R;A15:R,CHEMBL1550,4
CHEMBL1551::en0_A1:R;A7:S;A10:R;A11:R;A12:R;A15:S;A17:R;A21:S;A23:R;A26:R,CHEMBL1551,0
CHEMBL1551::en1_A1:S;A7:S;A10:R;A11:R;A12:R;A15:S;A17:R;A21:S;A23:R;A26:R,CHEMBL1551,1
CHEMBL1551::en2_A1:R;A7:R;A10:R;A11:R;A12:R;A15:S;A17:R;A21:S;A23:R;A26:R,CHEMBL1551,2
CHEMBL1551::en3_A1:S;A7:R;A10:R;A11:R;A12:R;A15:S;A17:R;A21:S;A23:R;A26:R,CHEMBL1551,3
CHEMBL1551::en4_A1:R;A7:S;A10:S;A11:R;A12:R;A15:S;A17:R;A21:S;A23:R;A26:R,CHEMBL1551,4
CHEMBL1551724::en0_A7:R;A9:R;A12:R;A14:S,CHEMBL1551724,0
CHEMBL1551724::en1_A7:S;A9:R;A12:R;A14:S,CHEMBL1551724,1
CHEMBL1551724::en2_A7:R;A9:S;A12:R;A14:S,CHEMBL1551724,2
CHEMBL1551724::en3_A7:S;A9:S;A12:R;A14:S,CHEMBL1551724,3
CHEMBL1551724::en4_A7:R;A9:R;A12:S;A14:S,CHEMBL1551724,4
CHEMBL1556::en0_A10:R;A12:R;A15:R;A17:S,CHEMBL1556,0
CHEMBL1556::en1_A10:S;A12:R;A15:R;A17:S,CHEMBL1556,1
CHEMBL1556::en2_A10:R;A12:S;A15:R;A17:S,CHEMBL1556,2
CHEMBL1556::en3_A10:S;A12:S;A15:R;A17:S,CHEMBL1556,3
CHEMBL1556::en4_A10:R;A12:R;A15:S;A17:S,CHEMBL1556,4
CHEMBL155731::en0_A7:R;A17:S,CHEMBL155731,0
CHEMBL155731::en1_A7:S;A17:S,CHEMBL155731,1
CHEMBL155731::en2_A7:R;A17:R,CHEMBL155731,2
CHEMBL155731::en3_A7:S;A17:R,CHEMBL155731,3
CHEMBL1560::en0_A1:S;A10:R,CHEMBL1560,0
CHEMBL1560::en1_A1:R;A10:R,CHEMBL1560,1
CHEMBL1560::en2_A1:S;A10:S,CHEMBL1560,2
CHEMBL1560::en3_A1:R;A10:S,CHEMBL1560,3
CHEMBL1561::en0_A5:S;A7:S;A9:R;A11:S,CHEMBL1561,0
CHEMBL1561::en1_A5:R;A7:S;A9:R;A11:S,CHEMBL1561,1
CHEMBL1561::en2_A5:S;A7:R;A9:R;A11:S,CHEMBL1561,2
CHEMBL1561::en3_A5:R;A7:R;A9:R;A11:S,CHEMBL1561,3
CHEMBL1561::en4_A5:S;A7:S;A9:S;A11:S,CHEMBL1561,4
CHEMBL1568698::en0_A3:R;A6:R;A7:R;A10:R;A12:R;A17:S;A19:R;A22:S,CHEMBL1568698,0
CHEMBL1568698::en1_A3:S;A6:R;A7:R;A10:R;A12:R;A17:S;A19:R;A22:S,CHEMBL1568698,1
CHEMBL1568698::en2_A3:R;A6:S;A7:R;A10:R;A12:R;A17:S;A19:R;A22:S,CHEMBL1568698,2
CHEMBL1568698::en3_A3:S;A6:S;A7:R;A10:R;A12:R;A17:S;A19:R;A22:S,CHEMBL1568698,3
CHEMBL1568698::en4_A3:R;A6:R;A7:S;A10:R;A12:R;A17:S;A19:R;A22:S,CHEMBL1568698,4
CHEMBL1571::en0_A1:R;A10:R;A11:S;A14:S;A21:R,CHEMBL1571,0
CHEMBL1571::en1_A1:S;A10:R;A11:S;A14:S;A21:R,CHEMBL1571,1
CHEMBL1571::en2_A1:R;A10:S;A11:S;A14:S;A21:R,CHEMBL1571,2
CHEMBL1571::en3_A1:S;A10:S;A11:S;A14:S;A21:R,CHEMBL1571,3
CHEMBL1571::en4_A1:R;A10:R;A11:R;A14:S;A21:R,CHEMBL1571,4
CHEMBL157138::en0_A8:R;A21:S,CHEMBL157138,0
CHEMBL157138::en1_A8:S;A21:S,CHEMBL157138,1
CHEMBL157138::en2_A8:R;A21:R,CHEMBL157138,2
CHEMBL157138::en3_A8:S;A21:R,CHEMBL157138,3
CHEMBL1572::en0_A3:S;A5:R;A7:S;A9:R;A16:S;A18:S;A20:S;A22:S;A25:S;A28:R;A31:S,CHEMBL1572,0
CHEMBL1572::en1_A3:R;A5:R;A7:R;A9:R;A16:S;A18:R;A20:S;A22:R;A25:S;A28:S;A31:R,CHEMBL1572,1
CHEMBL1572::en2_A3:S;A5:R;A7:S;A9:S;A16:R;A18:S;A20:R;A22:S;A25:S;A28:R;A31:S,CHEMBL1572,2
CHEMBL1572::en3_A3:S;A5:S;A7:S;A9:S;A16:R;A18:R;A20:S;A22:S;A25:R;A28:S;A31:R,CHEMBL1572,3
CHEMBL1572::en4_A3:S;A5:R;A7:S;A9:S;A16:S;A18:S;A20:R;A22:R;A25:S;A28:S;A31:R,CHEMBL1572,4
CHEMBL1575::en0_A1:S;A4:S;A23:S;A24:S;A27:S,CHEMBL1575,0
CHEMBL1575::en1_A1:R;A4:S;A23:S;A24:S;A27:S,CHEMBL1575,1
CHEMBL1575::en2_A1:S;A4:R;A23:S;A24:S;A27:S,CHEMBL1575,2
CHEMBL1575::en3_A1:R;A4:R;A23:S;A24:S;A27:S,CHEMBL1575,3
CHEMBL1575::en4_A1:S;A4:S;A23:R;A24:S;A27:S,CHEMBL1575,4
CHEMBL1580::en0_A2:S;A4:S;A14:S;A17:S,CHEMBL1580,0
CHEMBL1580::en1_A2:R;A4:S;A14:S;A17:S,CHEMBL1580,1
CHEMBL1580::en2_A2:S;A4:R;A14:S;A17:S,CHEMBL1580,2
CHEMBL1580::en3_A2:R;A4:R;A14:S;A17:S,CHEMBL1580,3
CHEMBL1580::en4_A2:S;A4:S;A14:R;A17:S,CHEMBL1580,4
CHEMBL1582::en0_A1:R;A3:R;A5:R;A8:R;A9:S;A12:S;A14:R;A18:S,CHEMBL1582,0
CHEMBL1582::en1_A1:S;A3:R;A5:R;A8:R;A9:S;A12:S;A14:R;A18:S,CHEMBL1582,1
CHEMBL1582::en2_A1:R;A3:S;A5:R;A8:R;A9:S;A12:S;A14:R;A18:S,CHEMBL1582,2
CHEMBL1582::en3_A1:S;A3:S;A5:R;A8:R;A9:S;A12:S;A14:R;A18:S,CHEMBL1582,3
CHEMBL1582::en4_A1:R;A3:R;A5:S;A8:R;A9:S;A12:S;A14:R;A18:S,CHEMBL1582,4
CHEMBL1583::en0_A6:R;A11:S;A15:S;A19:R;A27:S,CHEMBL1583,0
CHEMBL1583::en1_A6:S;A11:S;A15:S;A19:R;A27:S,CHEMBL1583,1
CHEMBL1583::en2_A6:R;A11:R;A15:S;A19:R;A27:S,CHEMBL1583,2
CHEMBL1583::en3_A6:S;A11:R;A15:S;A19:R;A27:S,CHEMBL1583,3
CHEMBL1583::en4_A6:R;A11:S;A15:R;A19:R;A27:S,CHEMBL1583,4
CHEMBL1586::en0_A1:R;A3:R;A4:S;A13:S;A15:S;A17:R;A20:S;A22:S,CHEMBL1586,0
CHEMBL1586::en1_A1:S;A3:R;A4:S;A13:S;A15:S;A17:R;A20:S;A22:S,CHEMBL1586,1
CHEMBL1586::en2_A1:R;A3:S;A4:S;A13:S;A15:S;A17:R;A20:S;A22:S,CHEMBL1586,2
CHEMBL1586::en3_A1:S;A3:S;A4:S;A13:S;A15:S;A17:R;A20:S;A22:S,CHEMBL1586,3
CHEMBL1586::en4_A1:R;A3:R;A4:R;A13:S;A15:S;A17:R;A20:S;A22:S,CHEMBL1586,4
CHEMBL1587228::en0_A1:R;A3:R;A4:S;A6:S;A15:S;A17:S;A19:R;A22:S;A24:S,CHEMBL1587228,0
CHEMBL1587228::en1_A1:S;A3:R;A4:S;A6:S;A15:S;A17:S;A19:R;A22:S;A24:S,CHEMBL1587228,1
CHEMBL1587228::en2_A1:R;A3:S;A4:S;A6:S;A15:S;A17:S;A19:R;A22:S;A24:S,CHEMBL1587228,2
CHEMBL1587228::en3_A1:S;A3:S;A4:S;A6:S;A15:S;A17:S;A19:R;A22:S;A24:S,CHEMBL1587228,3
CHEMBL1587228::en4_A1:R;A3:R;A4:R;A6:S;A15:S;A17:S;A19:R;A22:S;A24:S,CHEMBL1587228,4
CHEMBL15891::en0_A1:S;A2:S;A4:S;A6:S;A8:S;A10:S,CHEMBL15891,0
CHEMBL15891::en1_A1:R;A2:S;A4:S;A6:S;A8:R;A10:R,CHEMBL15891,1
CHEMBL15891::en2_A1:S;A2:R;A4:S;A6:S;A8:R;A10:R,CHEMBL15891,2
CHEMBL15891::en3_A1:S;A2:R;A4:R;A6:S;A8:S;A10:R,CHEMBL15891,3
CHEMBL15891::en4_A1:S;A2:S;A4:R;A6:R;A8:S;A10:S,CHEMBL15891,4
CHEMBL1589978::en0_A1:R;A2:R,CHEMBL1589978,0
CHEMBL1589978::en1_A1:S;A2:R,CHEMBL1589978,1
CHEMBL1589978::en2_A1:R;A2:S,CHEMBL1589978,2
CHEMBL1589978::en3_A1:S;A2:S,CHEMBL1589978,3
CHEMBL159::en0_A2:S;A5:R;A19:R;A34:S;A35:R;A41:R;A46:R;A55:S;A56:R,CHEMBL159,0
CHEMBL159::en1_A2:R;A5:R;A19:R;A34:S;A35:R;A41:R;A46:R;A55:S;A56:R,CHEMBL159,1
CHEMBL159::en2_A2:S;A5:S;A19:R;A34:S;A35:R;A41:R;A46:R;A55:S;A56:R,CHEMBL159,2
CHEMBL159::en3_A2:R;A5:S;A19:R;A34:S;A35:R;A41:R;A46:R;A55:S;A56:R,CHEMBL159,3
CHEMBL159::en4_A2:S;A5:R;A19:R;A34:S;A35:R;A41:R;A46:R;A55:S;A56:R,CHEMBL159,4
CHEMBL1590::en0_A2:R;A4:R,CHEMBL1590,0
CHEMBL1590::en1_A2:S;A4:R,CHEMBL1590,1
CHEMBL1590::en2_A2:R;A4:S,CHEMBL1590,2
CHEMBL1590::en3_A2:S;A4:S,CHEMBL1590,3
CHEMBL1592::en0_A5:S;A15:R;A28:R,CHEMBL1592,0
CHEMBL1592::en1_A5:R;A15:R;A28:R,CHEMBL1592,1
CHEMBL1592::en2_A5:S;A15:S;A28:R,CHEMBL1592,2
CHEMBL1592::en3_A5:R;A15:S;A28:R,CHEMBL1592,3
CHEMBL1592::en4_A5:S;A15:R;A28:S,CHEMBL1592,4
CHEMBL1593566::en0_A3:R;A7:S;A23:R,CHEMBL1593566,0
CHEMBL1593566::en1_A3:S;A7:S;A23:R,CHEMBL1593566,1
CHEMBL1593566::en2_A3:R;A7:R;A23:R,CHEMBL1593566,2
CHEMBL1593566::en3_A3:S;A7:R;A23:R,CHEMBL1593566,3
CHEMBL1593566::en4_A3:R;A7:S;A23:S,CHEMBL1593566,4
CHEMBL1595::en0_A9:S;A10:R;A14:S;A15:S;A21:R,CHEMBL1595,0
CHEMBL1595::en1_A9:R;A10:R;A14:S;A15:S;A21:R,CHEMBL1595,1
CHEMBL1595::en2_A9:S;A10:S;A14:S;A15:S;A21:R,CHEMBL1595,2
CHEMBL1595::en3_A9:R;A10:S;A14:S;A15:S;A21:R,CHEMBL1595,3
CHEMBL1595::en4_A9:S;A10:R;A14:R;A15:S;A21:R,CHEMBL1595,4
CHEMBL1596::en0_A4:R;A5:R;A9:R;A31:R,CHEMBL1596,0
CHEMBL1596::en1_A4:S;A5:R;A9:R;A31:R,CHEMBL1596,1
CHEMBL1596::en2_A4:R;A5:S;A9:R;A31:R,CHEMBL1596,2
CHEMBL1596::en3_A4:S;A5:S;A9:R;A31:R,CHEMBL1596,3
CHEMBL1596::en4_A4:R;A5:R;A9:S;A31:R,CHEMBL1596,4
CHEMBL1599::en0_A13:S;A25:S,CHEMBL1599,0
CHEMBL1599::en1_A13:R;A25:S,CHEMBL1599,1
CHEMBL1599::en2_A13:S;A25:R,CHEMBL1599,2
CHEMBL1599::en3_A13:R;A25:R,CHEMBL1599,3
CHEMBL1601::en0_A19:R;A20:R;A24:R,CHEMBL1601,0
CHEMBL1601::en1_A19:S;A20:R;A24:R,CHEMBL1601,1
CHEMBL1601::en2_A19:R;A20:S;A24:R,CHEMBL1601,2
CHEMBL1601::en3_A19:S;A20:S;A24:R,CHEMBL1601,3
CHEMBL1601::en4_A19:R;A20:R;A24:S,CHEMBL1601,4
CHEMBL160293::en0_A12:S;A14:S;A27:R,CHEMBL160293,0
CHEMBL160293::en1_A12:R;A14:S;A27:R,CHEMBL160293,1
CHEMBL160293::en2_A12:S;A14:R;A27:R,CHEMBL160293,2
CHEMBL160293::en3_A12:R;A14:R;A27:R,CHEMBL160293,3
CHEMBL160293::en4_A12:S;A14:S;A27:S,CHEMBL160293,4
CHEMBL1604::en0_A9:S;A13:R;A21:S,CHEMBL1604,0
CHEMBL1604::en1_A9:R;A13:R;A21:S,CHEMBL1604,1
CHEMBL1604::en2_A9:S;A13:S;A21:S,CHEMBL1604,2
CHEMBL1604::en3_A9:R;A13:S;A21:S,CHEMBL1604,3
CHEMBL1604::en4_A9:S;A13:R;A21:R,CHEMBL1604,4
CHEMBL1605::en0_A13:R;A24:R,CHEMBL1605,0
CHEMBL1605::en1_A13:S;A24:R,CHEMBL1605,1
CHEMBL1605::en2_A13:R;A24:S,CHEMBL1605,2
CHEMBL1605::en3_A13:S;A24:S,CHEMBL1605,3
CHEMBL1605::en4_A13:R;A24:R,CHEMBL1605,4
CHEMBL160629::en0_A5:S;A7:S;A11:S;A12:R;A23:R;A25:S,CHEMBL160629,0
CHEMBL160629::en1_A5:R;A7:S;A11:S;A12:R;A23:R;A25:S,CHEMBL160629,1
CHEMBL160629::en2_A5:S;A7:R;A11:S;A12:R;A23:R;A25:S,CHEMBL160629,2
CHEMBL160629::en3_A5:R;A7:R;A11:S;A12:R;A23:R;A25:S,CHEMBL160629,3
CHEMBL160629::en4_A5:S;A7:S;A11:R;A12:R;A23:R;A25:S,CHEMBL160629,4
CHEMBL1608183::en0_A7:S;A11:R;A12:S;A21:S;A23:S;A25:R;A28:S,CHEMBL1608183,0
CHEMBL1608183::en1_A7:R;A11:R;A12:S;A21:S;A23:S;A25:R;A28:S,CHEMBL1608183,1
CHEMBL1608183::en2_A7:S;A11:S;A12:S;A21:S;A23:S;A25:R;A28:S,CHEMBL1608183,2
CHEMBL1608183::en3_A7:R;A11:S;A12:S;A21:S;A23:S;A25:R;A28:S,CHEMBL1608183,3
CHEMBL1608183::en4_A7:S;A11:R;A12:R;A21:S;A23:S;A25:R;A28:S,CHEMBL1608183,4
CHEMBL161::en0_A7:R;A29:R,CHEMBL161,0
CHEMBL161::en1_A7:S;A29:R,CHEMBL161,1
CHEMBL161::en2_A7:R;A29:S,CHEMBL161,2
CHEMBL161::en3_A7:S;A29:S,CHEMBL161,3
CHEMBL161::en4_A7:R;A29:R,CHEMBL161,4
CHEMBL1614::en0_A1:R;A3:S;A5:R;A8:R;A10:R;A13:S;A14:R;A16:S;A18:R;A20:S;A29:R;A33:S;A35:R;A37:R;A39:S;A41:S;A43:R;A45:R;A47:S;A49:S;A51:S;A54:S;A56:R;A58:S;A60:S;A63:S,CHEMBL1614,0
CHEMBL1614::en1_A1:S;A3:R;A5:R;A8:S;A10:S;A13:S;A14:R;A16:S;A18:S;A20:S;A29:R;A33:R;A35:S;A37:S;A39:R;A41:S;A43:R;A45:R;A47:R;A49:S;A51:R;A54:S;A56:R;A58:S;A60:R;A63:S,CHEMBL1614,1
CHEMBL1614::en2_A1:R;A3:R;A5:R;A8:R;A10:S;A13:R;A14:R;A16:S;A18:S;A20:S;A29:S;A33:S;A35:S;A37:R;A39:R;A41:S;A43:S;A45:S;A47:R;A49:R;A51:R;A54:R;A56:S;A58:S;A60:S;A63:R,CHEMBL1614,2
CHEMBL1614::en3_A1:R;A3:S;A5:S;A8:R;A10:R;A13:S;A14:R;A16:R;A18:S;A20:S;A29:S;A33:R;A35:S;A37:R;A39:S;A41:R;A43:S;A45:S;A47:R;A49:S;A51:S;A54:S;A56:S;A58:R;A60:S;A63:S,CHEMBL1614,3
CHEMBL1614::en4_A1:R;A3:S;A5:S;A8:R;A10:R;A13:S;A14:S;A16:S;A18:R;A20:S;A29:S;A33:R;A35:S;A37:S;A39:S;A41:R;A43:S;A45:R;A47:S;A49:R;A51:R;A54:S;A56:S;A58:R;A60:S;A63:R,CHEMBL1614,4
CHEMBL1614641::en0_A1:S,CHEMBL1614641,0
CHEMBL1614641::en1_A1:R,CHEMBL1614641,1
CHEMBL1614650::en0_A2:R;A28:R,CHEMBL1614650,0
CHEMBL1614650::en1_A2:S;A28:R,CHEMBL1614650,1
CHEMBL1614650::en2_A2:R;A28:S,CHEMBL1614650,2
CHEMBL1614650::en3_A2:S;A28:S,CHEMBL1614650,3
CHEMBL1614652::en0_A18:S,CHEMBL1614652,0
CHEMBL1614652::en1_A18:R,CHEMBL1614652,1
CHEMBL1614655::en0_A4:R;A8:R;A11:R;A12:R;A15:R;A17:S;A20:S;A22:S;A24:S,CHEMBL1614655,0
CHEMBL1614655::en1_A4:S;A8:R;A11:R;A12:R;A15:R;A17:S;A20:S;A22:S;A24:S,CHEMBL1614655,1
CHEMBL1614655::en2_A4:R;A8:S;A11:R;A12:R;A15:R;A17:S;A20:S;A22:S;A24:S,CHEMBL1614655,2
CHEMBL1614655::en3_A4:S;A8:S;A11:R;A12:R;A15:R;A17:S;A20:S;A22:S;A24:S,CHEMBL1614655,3
CHEMBL1614655::en4_A4:R;A8:R;A11:S;A12:R;A15:R;A17:S;A20:S;A22:S;A24:S,CHEMBL1614655,4
CHEMBL1615025::en0_A21:S,CHEMBL1615025,0
CHEMBL1615025::en1_A21:R,CHEMBL1615025,1
CHEMBL1615357::en0_A8:R;A11:R;A12:R;A17:R;A21:R;A23:R;A26:S,CHEMBL1615357,0
CHEMBL1615357::en1_A8:S;A11:R;A12:R;A17:R;A21:R;A23:R;A26:S,CHEMBL1615357,1
CHEMBL1615357::en2_A8:R;A11:S;A12:R;A17:R;A21:R;A23:R;A26:S,CHEMBL1615357,2
CHEMBL1615357::en3_A8:S;A11:S;A12:R;A17:R;A21:R;A23:R;A26:S,CHEMBL1615357,3
CHEMBL1615357::en4_A8:R;A11:R;A12:S;A17:R;A21:R;A23:R;A26:S,CHEMBL1615357,4
CHEMBL1615438::en0_A1:S;A4:R;A7:S;A21:R,CHEMBL1615438,0
CHEMBL1615438::en1_A1:R;A4:R;A7:R;A21:R,CHEMBL1615438,1
CHEMBL1615438::en2_A1:S;A4:S;A7:R;A21:R,CHEMBL1615438,2
CHEMBL1615438::en3_A1:R;A4:S;A7:S;A21:R,CHEMBL1615438,3
CHEMBL1615438::en4_A1:S;A4:R;A7:S;A21:S,CHEMBL1615438,4
CHEMBL1615439::en0_A1:R;A2:S,CHEMBL1615439,0
CHEMBL1615439::en1_A1:S;A2:S,CHEMBL1615439,1
CHEMBL1615439::en2_A1:R;A2:R,CHEMBL1615439,2
CHEMBL1615439::en3_A1:S;A2:R,CHEMBL1615439,3
CHEMBL1615469::en0_A13:R;A16:S,CHEMBL1615469,0
CHEMBL1615469::en1_A13:S;A16:S,CHEMBL1615469,1
CHEMBL1615469::en2_A13:R;A16:R,CHEMBL1615469,2
CHEMBL1615469::en3_A13:S;A16:R,CHEMBL1615469,3
CHEMBL1616008::en0_A9:R;A13:S;A15:R;A20:S;A26:R;A29:R;A32:R;A35:S;A38:R;A41:R;A43:S;A52:R;A54:R;A56:R;A58:S;A60:R;A62:R;A70:R;A86:R,CHEMBL1616008,0
CHEMBL1616008::en1_A9:S;A13:R;A15:S;A20:S;A26:S;A29:S;A32:S;A35:R;A38:R;A41:R;A43:S;A52:R;A54:R;A56:S;A58:R;A60:S;A62:R;A70:R;A86:R,CHEMBL1616008,1
CHEMBL1616008::en2_A9:S;A13:S;A15:R;A20:R;A26:R;A29:S;A32:R;A35:R;A38:S;A41:R;A43:R;A52:R;A54:S;A56:S;A58:R;A60:S;A62:S;A70:R;A86:R,CHEMBL1616008,2
CHEMBL1616008::en3_A9:R;A13:S;A15:S;A20:S;A26:S;A29:R;A32:R;A35:S;A38:S;A41:S;A43:S;A52:R;A54:S;A56:S;A58:R;A60:S;A62:R;A70:S;A86:R,CHEMBL1616008,3
CHEMBL1616008::en4_A9:S;A13:S;A15:S;A20:R;A26:R;A29:S;A32:R;A35:R;A38:S;A41:S;A43:R;A52:S;A54:R;A56:R;A58:S;A60:R;A62:R;A70:R;A86:S,CHEMBL1616008,4
CHEMBL1616951::en0_A1:R;A10:R;A11:S;A14:R;A16:R;A19:S,CHEMBL1616951,0
CHEMBL1616951::en1_A1:S;A10:R;A11:S;A14:R;A16:R;A19:S,CHEMBL1616951,1
CHEMBL1616951::en2_A1:R;A10:S;A11:S;A14:R;A16:R;A19:S,CHEMBL1616951,2
CHEMBL1616951::en3_A1:S;A10:S;A11:S;A14:R;A16:R;A19:S,CHEMBL1616951,3
CHEMBL1616951::en4_A1:R;A10:R;A11:R;A14:R;A16:R;A19:S,CHEMBL1616951,4
CHEMBL1618018::en0_A2:S;A5:R;A7:R;A11:R,CHEMBL1618018,0
CHEMBL1618018::en1_A2:R;A5:S;A7:S;A11:R,CHEMBL1618018,1
CHEMBL1618318::en0_A10:S,CHEMBL1618318,0
CHEMBL1618318::en1_A10:R,CHEMBL1618318,1
CHEMBL1619::en0_A11:S;A13:S;A15:S,CHEMBL1619,0
CHEMBL1619::en1_A11:R;A13:S;A15:S,CHEMBL1619,1
CHEMBL1619::en2_A11:S;A13:R;A15:S,CHEMBL1619,2
CHEMBL1619::en3_A11:R;A13:R;A15:S,CHEMBL1619,3
CHEMBL1619::en4_A11:S;A13:S;A15:R,CHEMBL1619,4
CHEMBL1619785::en0_A4:R;A5:R;A9:R;A20:R;A24:S,CHEMBL1619785,0
CHEMBL1619785::en1_A4:S;A5:R;A9:R;A20:R;A24:S,CHEMBL1619785,1
CHEMBL1619785::en2_A4:R;A5:S;A9:R;A20:R;A24:S,CHEMBL1619785,2
CHEMBL1619785::en3_A4:S;A5:S;A9:R;A20:R;A24:S,CHEMBL1619785,3
CHEMBL1619785::en4_A4:R;A5:R;A9:S;A20:R;A24:S,CHEMBL1619785,4
CHEMBL1621597::en0_A5:S;A8:R;A10:R;A14:S,CHEMBL1621597,0
CHEMBL1621597::en1_A5:S;A8:R;A10:R;A14:S,CHEMBL1621597,1
CHEMBL1621597::en2_A5:R;A8:S;A10:S;A14:S,CHEMBL1621597,2
CHEMBL1626::en0_A5:R;A9:R,CHEMBL1626,0
CHEMBL1626::en1_A5:S;A9:R,CHEMBL1626,1
CHEMBL1626::en2_A5:R;A9:S,CHEMBL1626,2
CHEMBL1626::en3_A5:S;A9:S,CHEMBL1626,3
CHEMBL1627367::en0_A1:S;A4:S;A14:S;A15:S;A17:S;A19:R,CHEMBL1627367,0
CHEMBL1627367::en1_A1:R;A4:S;A14:S;A15:S;A17:S;A19:R,CHEMBL1627367,1
CHEMBL1627367::en2_A1:S;A4:R;A14:S;A15:S;A17:S;A19:R,CHEMBL1627367,2
CHEMBL1627367::en3_A1:R;A4:R;A14:S;A15:S;A17:S;A19:R,CHEMBL1627367,3
CHEMBL1627367::en4_A1:S;A4:S;A14:R;A15:S;A17:S;A19:R,CHEMBL1627367,4
CHEMBL1628161::en0_A2:R;A6:R;A7:S;A17:R;A18:R;A22:S,CHEMBL1628161,0
CHEMBL1628161::en1_A2:S;A6:R;A7:S;A17:R;A18:R;A22:S,CHEMBL1628161,1
CHEMBL1628161::en2_A2:R;A6:S;A7:S;A17:R;A18:R;A22:S,CHEMBL1628161,2
CHEMBL1628161::en3_A2:S;A6:S;A7:S;A17:R;A18:R;A22:S,CHEMBL1628161,3
CHEMBL1628161::en4_A2:R;A6:R;A7:R;A17:R;A18:R;A22:S,CHEMBL1628161,4
CHEMBL1628385::en0_A1:R;A5:S;A7:S;A9:S;A10:R;A11:S;A28:S;A29:R;A33:S;A36:S,CHEMBL1628385,0
CHEMBL1628385::en1_A1:R;A5:R;A9:R;A11:S;A24:R;A26:S;A28:R;A34:R;A38:S;A39:R,CHEMBL1628385,1
CHEMBL1628385::en2_A10:S;A14:S;A15:R;A19:S;A26:R;A33:S;A36:S;A38:S,CHEMBL1628385,2
CHEMBL1628385::en3_A10:R;A11:S;A12:R;A13:R;A16:S;A24:S;A33:R;A35:S;A36:S,CHEMBL1628385,3
CHEMBL1628569::en0_A11:S,CHEMBL1628569,0
CHEMBL1628569::en1_A11:R,CHEMBL1628569,1
CHEMBL163::en0_A12:S;A16:R;A25:S;A27:S,CHEMBL163,0
CHEMBL163::en1_A12:R;A16:R;A25:S;A27:S,CHEMBL163,1
CHEMBL163::en2_A12:S;A16:S;A25:S;A27:S,CHEMBL163,2
CHEMBL163::en3_A12:R;A16:S;A25:S;A27:S,CHEMBL163,3
CHEMBL163::en4_A12:S;A16:R;A25:R;A27:S,CHEMBL163,4
CHEMBL1630001::en0_A1:S;A3:R;A5:S;A8:S;A12:R;A21:S,CHEMBL1630001,0
CHEMBL1630001::en1_A1:R;A3:R;A5:S;A8:S;A12:R;A21:S,CHEMBL1630001,1
CHEMBL1630001::en2_A1:S;A3:S;A5:S;A8:S;A12:R;A21:S,CHEMBL1630001,2
CHEMBL1630001::en3_A1:R;A3:S;A5:S;A8:S;A12:R;A21:S,CHEMBL1630001,3
CHEMBL1630001::en4_A1:S;A3:R;A5:R;A8:S;A12:R;A21:S,CHEMBL1630001,4
CHEMBL1630563::en0_A10:R,CHEMBL1630563,0
CHEMBL1630563::en1_A10:S,CHEMBL1630563,1
CHEMBL1630575::en0_A2:R;A5:S;A18:S;A20:R;A22:S;A30:R;A31:R;A38:S;A39:R;A47:S;A48:R;A50:S;A62:R;A64:S;A70:S;A71:R,CHEMBL1630575,0
CHEMBL1630575::en1_A2:S;A5:R;A18:R;A20:S;A22:R;A30:S;A31:S;A38:S;A39:R;A47:S;A48:S;A50:R;A62:R;A64:S;A70:S;A71:R,CHEMBL1630575,1
CHEMBL1630575::en2_A2:S;A5:S;A18:R;A20:R;A22:R;A30:R;A31:S;A38:S;A39:R;A47:S;A48:R;A50:S;A62:R;A64:S;A70:R;A71:S,CHEMBL1630575,2
CHEMBL1630575::en3_A2:S;A5:S;A18:R;A20:R;A22:S;A30:S;A31:S;A38:S;A39:S;A47:S;A48:S;A50:S;A62:S;A64:R;A70:R;A71:R,CHEMBL1630575,3
CHEMBL1630575::en4_A2:R;A5:R;A18:S;A20:R;A22:R;A30:R;A31:R;A38:R;A39:R;A47:S;A48:S;A50:R;A62:R;A64:S;A70:S;A71:R,CHEMBL1630575,4
CHEMBL1630577::en0_A2:S;A4:S;A6:S;A9:S;A12:R;A14:S;A19:R;A21:S;A23:S;A26:S;A28:R;A30:R;A33:R;A35:S;A38:R;A41:S;A49:R;A50:R;A55:R;A59:S,CHEMBL1630577,0
CHEMBL1630577::en1_A2:S;A4:R;A6:R;A9:R;A12:S;A14:R;A19:S;A21:R;A23:R;A26:S;A28:R;A30:S;A33:S;A35:S;A38:S;A41:S;A49:S;A50:R;A55:R;A59:R,CHEMBL1630577,1
CHEMBL1630577::en2_A2:S;A4:S;A6:S;A9:R;A12:S;A14:S;A19:R;A21:S;A23:S;A26:S;A28:S;A30:S;A33:S;A35:S;A38:R;A41:S;A49:S;A50:S;A55:R;A59:R,CHEMBL1630577,2
CHEMBL1630577::en3_A2:S;A4:R;A6:R;A9:S;A12:R;A14:R;A19:R;A21:R;A23:R;A26:R;A28:R;A30:R;A33:R;A35:S;A38:S;A41:S;A49:S;A50:R;A55:S;A59:R,CHEMBL1630577,3
CHEMBL1630577::en4_A2:R;A4:R;A6:R;A9:S;A12:R;A14:S;A19:R;A21:R;A23:S;A26:S;A28:R;A30:R;A33:S;A35:S;A38:S;A41:S;A49:R;A50:S;A55:R;A59:R,CHEMBL1630577,4
CHEMBL1630578::en0_A1:R;A3:R;A4:S;A13:S;A18:S;A20:R,CHEMBL1630578,0
CHEMBL1630578::en1_A1:S;A3:R;A4:S;A13:S;A18:S;A20:R,CHEMBL1630578,1
CHEMBL1630578::en2_A1:R;A3:S;A4:S;A13:S;A18:S;A20:R,CHEMBL1630578,2
CHEMBL1630578::en3_A1:S;A3:S;A4:S;A13:S;A18:S;A20:R,CHEMBL1630578,3
CHEMBL1630578::en4_A1:R;A3:R;A4:R;A13:S;A18:S;A20:R,CHEMBL1630578,4
CHEMBL1631107::en0_A7:R;A22:S;A29:R,CHEMBL1631107,0
CHEMBL1631107::en1_A7:S;A18:R;A29:R,CHEMBL1631107,1
CHEMBL1631107::en2_A7:R;A29:S,CHEMBL1631107,2
CHEMBL1631107::en3_A7:S;A22:R;A29:S,CHEMBL1631107,3
CHEMBL1631107::en4_A7:R;A29:R,CHEMBL1631107,4
CHEMBL1631221::en0_A5:R;A7:R;A10:R;A12:S,CHEMBL1631221,0
CHEMBL1631221::en1_A5:S;A7:R;A10:R;A12:S,CHEMBL1631221,1
CHEMBL1631221::en2_A5:R;A7:S;A10:R;A12:S,CHEMBL1631221,2
CHEMBL1631221::en3_A5:S;A7:S;A10:R;A12:S,CHEMBL1631221,3
CHEMBL1631221::en4_A5:R;A7:R;A10:S;A12:S,CHEMBL1631221,4
CHEMBL1631723::en0_A16:S,CHEMBL1631723,0
CHEMBL1631723::en1_A16:R,CHEMBL1631723,1
CHEMBL1631723::en2_A16:S,CHEMBL1631723,2
CHEMBL1631723::en3_A16:R,CHEMBL1631723,3
CHEMBL1639::en0_A10:R;A12:S;A14:R;A17:S,CHEMBL1639,0
CHEMBL1639::en1_A10:S;A12:S;A14:R;A17:S,CHEMBL1639,1
CHEMBL1639::en2_A10:R;A12:R;A14:R;A17:S,CHEMBL1639,2
CHEMBL1639::en3_A10:S;A12:R;A14:R;A17:S,CHEMBL1639,3
CHEMBL1639::en4_A10:R;A12:S;A14:S;A17:S,CHEMBL1639,4
CHEMBL163911::en0_A12:S;A21:R;A23:S,CHEMBL163911,0
CHEMBL163911::en1_A12:R;A21:R;A23:S,CHEMBL163911,1
CHEMBL163911::en2_A12:S;A21:S;A23:S,CHEMBL163911,2
CHEMBL163911::en3_A12:R;A21:S;A23:S,CHEMBL163911,3
CHEMBL163911::en4_A12:S;A21:R;A23:R,CHEMBL163911,4
CHEMBL1641::en0_A1:R;A10:S;A11:S;A12:R;A15:R;A17:R;A20:R,CHEMBL1641,0
CHEMBL1641::en1_A1:S;A10:S;A11:S;A12:R;A15:R;A17:R;A20:R,CHEMBL1641,1
CHEMBL1641::en2_A1:R;A10:R;A11:S;A12:R;A15:R;A17:R;A20:R,CHEMBL1641,2
CHEMBL1641::en3_A1:S;A10:R;A11:S;A12:R;A15:R;A17:R;A20:R,CHEMBL1641,3
CHEMBL1641::en4_A1:R;A10:S;A11:R;A12:R;A15:R;A17:R;A20:R,CHEMBL1641,4
CHEMBL1643880::en0_A3:R,CHEMBL1643880,0
CHEMBL1643880::en1_A3:S,CHEMBL1643880,1
CHEMBL1644::en0_A9:S;A13:R;A22:S,CHEMBL1644,0
CHEMBL1644::en1_A9:R;A13:R;A22:S,CHEMBL1644,1
CHEMBL1644::en2_A9:S;A13:S;A22:S,CHEMBL1644,2
CHEMBL1644::en3_A9:R;A13:S;A22:S,CHEMBL1644,3
CHEMBL1644::en4_A9:S;A13:R;A22:R,CHEMBL1644,4
CHEMBL1645462::en0_A8:S,CHEMBL1645462,0
CHEMBL1645462::en1_A8:R,CHEMBL1645462,1
CHEMBL16498::en0_A3:R;A29:R,CHEMBL16498,0
CHEMBL16498::en1_A3:S;A29:R,CHEMBL16498,1
CHEMBL16498::en2_A3:S;A29:S,CHEMBL16498,2
CHEMBL1649931::en0_A4:R;A8:S;A11:R;A13:R,CHEMBL1649931,0
CHEMBL1649931::en1_A4:S;A8:S;A11:R;A13:S,CHEMBL1649931,1
CHEMBL1649931::en2_A4:R;A8:R;A11:S;A13:S,CHEMBL1649931,2
CHEMBL1650::en0_A7:S;A11:R;A12:S;A21:R;A23:R;A27:S,CHEMBL1650,0
CHEMBL1650::en1_A7:R;A11:R;A12:S;A21:R;A23:R;A27:S,CHEMBL1650,1
CHEMBL1650::en2_A7:S;A11:S;A12:S;A21:R;A23:R;A27:S,CHEMBL1650,2
CHEMBL1650::en3_A7:R;A11:S;A12:S;A21:R;A23:R;A27:S,CHEMBL1650,3
CHEMBL1650::en4_A7:S;A11:R;A12:R;A21:R;A23:R;A27:S,CHEMBL1650,4
CHEMBL1650443::en0_A10:S,CHEMBL1650443,0
CHEMBL1650443::en1_A10:R,CHEMBL1650443,1
CHEMBL1650559::en0_A2:S;A3:S;A5:S;A7:S;A8:S;A10:R;A12:R;A22:R;A24:R;A27:R;A31:R;A38:S,CHEMBL1650559,0
CHEMBL1650559::en1_A2:S;A3:S;A5:R;A7:S;A8:R;A10:R;A12:S;A22:R;A24:R;A27:R;A31:R;A38:R,CHEMBL1650559,1
CHEMBL1650559::en2_A2:R;A3:R;A5:S;A7:S;A8:R;A10:S;A12:S;A22:R;A24:R;A27:S;A31:S;A38:S,CHEMBL1650559,2
CHEMBL1650559::en3_A2:S;A3:S;A5:R;A7:S;A8:R;A10:R;A12:R;A22:S;A24:R;A27:R;A31:S;A38:R,CHEMBL1650559,3
CHEMBL1650559::en4_A2:R;A3:R;A5:S;A7:S;A8:R;A10:R;A12:R;A22:R;A24:S;A27:R;A31:S;A38:S,CHEMBL1650559,4
CHEMBL1650818::en0_A11:S;A15:S;A25:S,CHEMBL1650818,0
CHEMBL1650818::en1_A11:R;A15:S;A25:S,CHEMBL1650818,1
CHEMBL1650818::en2_A11:S;A15:R;A25:S,CHEMBL1650818,2
CHEMBL1650818::en3_A11:R;A15:R;A25:S,CHEMBL1650818,3
CHEMBL1650818::en4_A11:S;A15:S;A25:R,CHEMBL1650818,4
CHEMBL1651649::en0_A1:R;A3:S;A5:S;A8:S;A10:R;A13:R;A14:R;A17:S;A19:R;A28:S;A33:S,CHEMBL1651649,0
CHEMBL1651649::en1_A1:R;A3:R;A5:S;A8:S;A10:S;A13:R;A14:S;A17:R;A19:S;A28:R;A33:S,CHEMBL1651649,1
CHEMBL1651649::en2_A1:R;A3:S;A5:R;A8:S;A10:R;A13:S;A14:S;A17:S;A19:R;A28:S;A33:R,CHEMBL1651649,2
CHEMBL1651649::en3_A1:S;A3:R;A5:R;A8:S;A10:S;A13:S;A14:S;A17:R;A19:R;A28:S;A33:S,CHEMBL1651649,3
CHEMBL1651649::en4_A1:S;A3:R;A5:S;A8:S;A10:R;A13:R;A14:R;A17:R;A19:S;A28:S;A33:S,CHEMBL1651649,4
CHEMBL1651906::en0_A7:S;A8:R;A11:R;A14:R;A16:R,CHEMBL1651906,0
CHEMBL1651906::en1_A7:R;A8:R;A11:R;A14:R;A16:R,CHEMBL1651906,1
CHEMBL1651906::en2_A7:S;A8:S;A11:R;A14:R;A16:R,CHEMBL1651906,2
CHEMBL1651906::en3_A7:R;A8:S;A11:R;A14:R;A16:R,CHEMBL1651906,3
CHEMBL1651906::en4_A7:S;A8:R;A11:S;A14:R;A16:R,CHEMBL1651906,4
CHEMBL1651908::en0_A2:S;A4:S;A6:S;A9:R;A12:S;A15:R;A17:S;A26:R;A28:S;A31:R;A35:S;A37:S,CHEMBL1651908,0
CHEMBL1651908::en1_A2:S;A4:R;A6:R;A9:S;A12:R;A15:S;A17:S;A26:S;A28:S;A31:S;A35:R;A37:R,CHEMBL1651908,1
CHEMBL1651908::en2_A2:R;A4:R;A6:S;A9:R;A12:S;A15:R;A17:R;A26:S;A28:S;A31:R;A35:R;A37:S,CHEMBL1651908,2
CHEMBL1651908::en3_A2:R;A4:R;A6:S;A9:S;A12:R;A15:R;A17:R;A26:S;A28:R;A31:R;A35:S;A37:S,CHEMBL1651908,3
CHEMBL1651908::en4_A2:R;A4:S;A6:R;A9:S;A12:S;A15:S;A17:S;A26:R;A28:R;A31:S;A35:R;A37:S,CHEMBL1651908,4
CHEMBL1651913::en0_A12:R;A14:R,CHEMBL1651913,0
CHEMBL1651913::en1_A12:S;A14:R,CHEMBL1651913,1
CHEMBL1651913::en2_A12:R;A14:S,CHEMBL1651913,2
CHEMBL1651913::en3_A12:S;A14:S,CHEMBL1651913,3
CHEMBL1652465::en0_A7:S;A16:R;A37:R,CHEMBL1652465,0
CHEMBL1652465::en1_A7:R;A37:R,CHEMBL1652465,1
CHEMBL1652606::en0_A14:S;A28:S;A41:S,CHEMBL1652606,0
CHEMBL1652606::en1_A14:R;A28:S;A41:S,CHEMBL1652606,1
CHEMBL1652606::en2_A14:S;A28:R;A41:S,CHEMBL1652606,2
CHEMBL1652606::en3_A14:R;A28:R;A41:S,CHEMBL1652606,3
CHEMBL1652606::en4_A14:S;A28:S;A41:R,CHEMBL1652606,4
CHEMBL1652611::en0_A2:R;A6:S;A10:R;A11:S;A13:R;A16:R;A18:R;A20:S;A22:S,CHEMBL1652611,0
CHEMBL1652611::en1_A2:S;A6:S;A10:R;A11:S;A13:R;A16:R;A18:R;A20:S;A22:S,CHEMBL1652611,1
CHEMBL1652611::en2_A2:R;A6:R;A10:R;A11:S;A13:R;A16:R;A18:R;A20:S;A22:S,CHEMBL1652611,2
CHEMBL1652611::en3_A2:S;A6:R;A10:R;A11:S;A13:R;A16:R;A18:R;A20:S;A22:S,CHEMBL1652611,3
CHEMBL1652611::en4_A2:R;A6:S;A10:S;A11:S;A13:R;A16:R;A18:R;A20:S;A22:S,CHEMBL1652611,4
CHEMBL165643::en0_A2:S;A19:R;A26:S,CHEMBL165643,0
CHEMBL165643::en1_A2:R;A19:R;A26:S,CHEMBL165643,1
CHEMBL165643::en2_A2:S;A19:S;A26:S,CHEMBL165643,2
CHEMBL165643::en3_A2:R;A19:S;A26:S,CHEMBL165643,3
CHEMBL165643::en4_A2:S;A19:R;A26:R,CHEMBL165643,4
CHEMBL1658::en0_A2:R;A5:S;A11:R;A13:S;A16:R;A20:R;A22:S;A26:R;A31:R;A32:R;A34:S,CHEMBL1658,0
CHEMBL1660::en0_A2:S;A6:R;A46:R;A48:R;A50:S;A52:R;A54:R;A56:R;A61:S,CHEMBL1660,0
CHEMBL1660::en1_A2:R;A6:R;A46:R;A48:S;A50:R;A52:R;A54:R;A56:S;A61:S,CHEMBL1660,1
CHEMBL1660::en2_A2:S;A6:R;A46:S;A48:R;A50:S;A52:S;A54:S;A56:R;A61:S,CHEMBL1660,2
CHEMBL1660::en3_A2:S;A6:S;A46:R;A48:S;A50:R;A52:R;A54:S;A56:R;A61:S,CHEMBL1660,3
CHEMBL1660::en4_A2:R;A6:R;A46:S;A48:R;A50:R;A52:R;A54:S;A56:S;A61:R,CHEMBL1660,4
CHEMBL1661::en0_A2:S;A4:S;A6:S;A8:R;A11:R;A13:S;A15:S;A17:R;A19:R,CHEMBL1661,0
CHEMBL1661::en1_A2:R;A4:S;A6:S;A8:R;A11:R;A13:S;A15:S;A17:R;A19:R,CHEMBL1661,1
CHEMBL1661::en2_A2:S;A4:R;A6:S;A8:R;A11:R;A13:S;A15:S;A17:R;A19:R,CHEMBL1661,2
CHEMBL1661::en3_A2:R;A4:R;A6:S;A8:R;A11:R;A13:S;A15:S;A17:R;A19:R,CHEMBL1661,3
CHEMBL1661::en4_A2:S;A4:S;A6:R;A8:R;A11:R;A13:S;A15:S;A17:R;A19:R,CHEMBL1661,4
CHEMBL1664::en0_A6:S;A12:S;A24:R,CHEMBL1664,0
CHEMBL1664::en1_A6:R;A12:S;A24:R,CHEMBL1664,1
CHEMBL1664::en2_A6:S;A12:R;A24:R,CHEMBL1664,2
CHEMBL1664::en3_A6:R;A12:R;A24:R,CHEMBL1664,3
CHEMBL1664::en4_A6:S;A12:S;A24:S,CHEMBL1664,4
CHEMBL166444::en0_A1:S;A5:R;A6:S;A19:S,CHEMBL166444,0
CHEMBL166444::en1_A1:R;A5:R;A6:S;A19:S,CHEMBL166444,1
CHEMBL166444::en2_A1:S;A5:S;A6:S;A19:S,CHEMBL166444,2
CHEMBL166444::en3_A1:R;A5:S;A6:S;A19:S,CHEMBL166444,3
CHEMBL166444::en4_A1:S;A5:R;A6:R;A19:S,CHEMBL166444,4
CHEMBL1668::en0_A4:R;A5:R;A7:R;A23:R;A25:S;A43:R,CHEMBL1668,0
CHEMBL1668::en1_A4:S;A5:R;A7:R;A23:R;A25:S;A43:R,CHEMBL1668,1
CHEMBL1668::en2_A4:R;A5:S;A7:R;A23:R;A25:S;A43:R,CHEMBL1668,2
CHEMBL1668::en3_A4:S;A5:S;A7:R;A23:R;A25:S;A43:R,CHEMBL1668,3
CHEMBL1668::en4_A4:R;A5:R;A7:S;A23:R;A25:S;A43:R,CHEMBL1668,4
CHEMBL1672::en0_A11:S;A25:S,CHEMBL1672,0
CHEMBL1672::en1_A11:R;A25:S,CHEMBL1672,1
CHEMBL1672::en2_A11:S;A25:R,CHEMBL1672,2
CHEMBL1672::en3_A11:R;A25:R,CHEMBL1672,3
CHEMBL1672::en4_A11:S;A25:S,CHEMBL1672,4
CHEMBL1672054::en0_A7:R;A15:R;A31:S,CHEMBL1672054,0
CHEMBL1672054::en1_A7:S;A15:R;A31:S,CHEMBL1672054,1
CHEMBL1672054::en2_A7:R;A15:S;A31:S,CHEMBL1672054,2
CHEMBL1672054::en3_A7:S;A15:S;A31:S,CHEMBL1672054,3
CHEMBL1672054::en4_A7:R;A15:R;A31:R,CHEMBL1672054,4
CHEMBL1672635::en0_A4:S;A18:S,CHEMBL1672635,0
CHEMBL1672635::en1_A4:R;A18:S,CHEMBL1672635,1
CHEMBL1672635::en2_A4:S;A18:R,CHEMBL1672635,2
CHEMBL1672635::en3_A4:R;A18:R,CHEMBL1672635,3
CHEMBL1672973::en0_A10:S;A14:R,CHEMBL1672973,0
CHEMBL1672973::en1_A10:R;A14:R,CHEMBL1672973,1
CHEMBL1672973::en2_A10:S;A14:S,CHEMBL1672973,2
CHEMBL1672973::en3_A10:R;A14:S,CHEMBL1672973,3
CHEMBL1673408::en0_A11:R,CHEMBL1673408,0
CHEMBL1673408::en1_A11:S,CHEMBL1673408,1
CHEMBL1674::en0_A4:S;A6:S;A8:S;A11:S;A15:R,CHEMBL1674,0
CHEMBL1674::en1_A4:R;A6:S;A8:S;A11:S;A15:R,CHEMBL1674,1
CHEMBL1674::en2_A4:S;A6:R;A8:S;A11:S;A15:R,CHEMBL1674,2
CHEMBL1674::en3_A4:R;A6:R;A8:S;A11:S;A15:R,CHEMBL1674,3
CHEMBL1674::en4_A4:S;A6:S;A8:R;A11:S;A15:R,CHEMBL1674,4
CHEMBL1676::en0_A1:R;A3:R;A4:S;A6:S;A14:S;A16:S;A18:R;A21:S;A23:S,CHEMBL1676,0
CHEMBL1676::en1_A1:S;A3:R;A4:S;A6:S;A14:S;A16:S;A18:R;A21:S;A23:S,CHEMBL1676,1
CHEMBL1676::en2_A1:R;A3:S;A4:S;A6:S;A14:S;A16:S;A18:R;A21:S;A23:S,CHEMBL1676,2
CHEMBL1676::en3_A1:S;A3:S;A4:S;A6:S;A14:S;A16:S;A18:R;A21:S;A23:S,CHEMBL1676,3
CHEMBL1676::en4_A1:R;A3:R;A4:R;A6:S;A14:S;A16:S;A18:R;A21:S;A23:S,CHEMBL1676,4
CHEMBL1683::en0_A6:R;A13:R;A14:S;A23:R;A25:R;A26:R;A29:S,CHEMBL1683,0
CHEMBL1683::en1_A6:S;A13:R;A14:S;A23:R;A25:R;A26:R;A29:S,CHEMBL1683,1
CHEMBL1683::en2_A6:R;A13:S;A14:S;A23:R;A25:R;A26:R;A29:S,CHEMBL1683,2
CHEMBL1683::en3_A6:S;A13:S;A14:S;A23:R;A25:R;A26:R;A29:S,CHEMBL1683,3
CHEMBL1683::en4_A6:R;A13:R;A14:R;A23:R;A25:R;A26:R;A29:S,CHEMBL1683,4
CHEMBL1684950::en0_A11:R,CHEMBL1684950,0
CHEMBL1684950::en1_A11:S,CHEMBL1684950,1
CHEMBL1685::en0_A1:S;A7:R;A16:S,CHEMBL1685,0
CHEMBL1685::en1_A1:R;A7:R;A16:S,CHEMBL1685,1
CHEMBL1685::en2_A1:S;A7:S;A16:S,CHEMBL1685,2
CHEMBL1685::en3_A1:R;A7:S;A16:S,CHEMBL1685,3
CHEMBL1685::en4_A1:S;A7:R;A16:R,CHEMBL1685,4
CHEMBL168640::en0_A5:S;A13:R,CHEMBL168640,0
CHEMBL168640::en1_A5:R;A13:R,CHEMBL168640,1
CHEMBL168640::en2_A5:S;A13:S,CHEMBL168640,2
CHEMBL168640::en3_A5:R;A13:S,CHEMBL168640,3
CHEMBL1688243::en0_A3:R;A15:S;A38:S,CHEMBL1688243,0
CHEMBL1688243::en1_A3:S;A15:S;A38:S,CHEMBL1688243,1
CHEMBL1688243::en2_A3:R;A15:R;A38:S,CHEMBL1688243,2
CHEMBL1688243::en3_A3:S;A15:R;A38:S,CHEMBL1688243,3
CHEMBL1688243::en4_A3:R;A15:S;A38:R,CHEMBL1688243,4
CHEMBL1689063::en0_A3:S;A6:R,CHEMBL1689063,0
CHEMBL1689063::en1_A3:R;A6:R,CHEMBL1689063,1
CHEMBL1689063::en2_A3:S;A6:S,CHEMBL1689063,2
CHEMBL1689063::en3_A3:R;A6:S,CHEMBL1689063,3
CHEMBL1689069::en0_A7:R;A25:R,CHEMBL1689069,0
CHEMBL1689069::en1_A7:S;A25:R,CHEMBL1689069,1
CHEMBL1689069::en2_A7:R;A25:S,CHEMBL1689069,2
CHEMBL1689069::en3_A7:S;A25:S,CHEMBL1689069,3
CHEMBL1689069::en4_A7:R;A25:R,CHEMBL1689069,4
CHEMBL169::en0_A1:R;A2:R;A6:S;A12:S;A17:R;A18:S;A22:S;A27:R;A30:S;A32:S,CHEMBL169,0
CHEMBL169::en1_A1:S;A2:R;A6:S;A12:S;A17:R;A18:S;A22:S;A27:R;A30:S;A32:S,CHEMBL169,1
CHEMBL169::en2_A1:R;A2:S;A6:S;A12:S;A17:R;A18:S;A22:S;A27:R;A30:S;A32:S,CHEMBL169,2
CHEMBL169::en3_A1:S;A2:S;A6:S;A12:S;A17:R;A18:S;A22:S;A27:R;A30:S;A32:S,CHEMBL169,3
CHEMBL169::en4_A1:R;A2:R;A6:R;A12:S;A17:R;A18:S;A22:S;A27:R;A30:S;A32:S,CHEMBL169,4
CHEMBL1697741::en0_A5:S;A20:R,CHEMBL1697741,0
CHEMBL1697741::en1_A5:R;A20:R,CHEMBL1697741,1
CHEMBL1697741::en2_A5:S;A20:S,CHEMBL1697741,2
CHEMBL1697741::en3_A5:R;A20:S,CHEMBL1697741,3
CHEMBL1697742::en0_A2:S;A4:S;A6:R;A8:S;A12:R;A14:S;A17:R;A19:R;A22:R;A24:S;A26:S;A28:S;A30:S;A32:R,CHEMBL1697742,0
CHEMBL1697742::en1_A2:R;A4:S;A6:R;A8:R;A12:S;A14:R;A17:S;A19:S;A22:R;A24:R;A26:S;A28:S;A30:R;A32:S,CHEMBL1697742,1
CHEMBL1697742::en2_A2:S;A4:R;A6:R;A8:S;A12:R;A14:S;A17:R;A19:S;A22:S;A24:S;A26:S;A28:S;A30:R;A32:S,CHEMBL1697742,2
CHEMBL1697742::en3_A2:S;A4:S;A6:S;A8:R;A12:R;A14:S;A17:S;A19:R;A22:S;A24:S;A26:R;A28:S;A30:R;A32:R,CHEMBL1697742,3
CHEMBL1697742::en4_A2:R;A4:S;A6:S;A8:R;A12:R;A14:R;A17:R;A19:R;A22:S;A24:S;A26:S;A28:S;A30:R;A32:S,CHEMBL1697742,4
CHEMBL1697782::en0_A5:R;A15:R;A16:S;A18:S;A26:R;A28:R;A29:R;A32:S,CHEMBL1697782,0
CHEMBL1697782::en1_A5:S;A15:R;A16:S;A18:S;A26:R;A28:R;A29:R;A32:S,CHEMBL1697782,1
CHEMBL1697782::en2_A5:R;A15:S;A16:S;A18:S;A26:R;A28:R;A29:R;A32:S,CHEMBL1697782,2
CHEMBL1697782::en3_A5:S;A15:S;A16:S;A18:S;A26:R;A28:R;A29:R;A32:S,CHEMBL1697782,3
CHEMBL1697782::en4_A5:R;A15:R;A16:R;A18:S;A26:R;A28:R;A29:R;A32:S,CHEMBL1697782,4
CHEMBL1697783::en0_A1:R;A3:S;A4:S;A5:R;A8:R;A10:R;A13:R;A37:S,CHEMBL1697783,0
CHEMBL1697783::en1_A1:S;A3:S;A4:S;A5:R;A8:R;A10:R;A13:R;A37:S,CHEMBL1697783,1
CHEMBL1697783::en2_A1:R;A3:R;A4:S;A5:R;A8:R;A10:R;A13:R;A37:S,CHEMBL1697783,2
CHEMBL1697783::en3_A1:S;A3:R;A4:S;A5:R;A8:R;A10:R;A13:R;A37:S,CHEMBL1697783,3
CHEMBL1697783::en4_A1:R;A3:S;A4:R;A5:R;A8:R;A10:R;A13:R;A37:S,CHEMBL1697783,4
CHEMBL1697784::en0_A7:S;A14:R;A17:R;A18:S;A27:S;A29:S;A31:R;A34:S,CHEMBL1697784,0
CHEMBL1697784::en1_A7:R;A14:R;A17:R;A18:S;A27:S;A29:S;A31:R;A34:S,CHEMBL1697784,1
CHEMBL1697784::en2_A7:S;A14:S;A17:R;A18:S;A27:S;A29:S;A31:R;A34:S,CHEMBL1697784,2
CHEMBL1697784::en3_A7:R;A14:S;A17:R;A18:S;A27:S;A29:S;A31:R;A34:S,CHEMBL1697784,3
CHEMBL1697784::en4_A7:S;A14:R;A17:S;A18:S;A27:S;A29:S;A31:R;A34:S,CHEMBL1697784,4
CHEMBL1697785::en0_A6:R;A15:R;A18:R;A19:S;A28:S;A30:S;A32:R;A35:S,CHEMBL1697785,0
CHEMBL1697785::en1_A6:S;A15:R;A18:R;A19:S;A28:S;A30:S;A32:R;A35:S,CHEMBL1697785,1
CHEMBL1697785::en2_A6:R;A15:S;A18:R;A19:S;A28:S;A30:S;A32:R;A35:S,CHEMBL1697785,2
CHEMBL1697785::en3_A6:S;A15:S;A18:R;A19:S;A28:S;A30:S;A32:R;A35:S,CHEMBL1697785,3
CHEMBL1697785::en4_A6:R;A15:R;A18:S;A19:S;A28:S;A30:S;A32:R;A35:S,CHEMBL1697785,4
CHEMBL1697786::en0_A7:R;A15:S;A33:R,CHEMBL1697786,0
CHEMBL1697786::en1_A7:S;A15:S;A33:R,CHEMBL1697786,1
CHEMBL1697786::en2_A7:R;A15:R;A33:R,CHEMBL1697786,2
CHEMBL1697786::en3_A7:S;A15:R;A33:R,CHEMBL1697786,3
CHEMBL1697786::en4_A7:R;A15:S;A33:S,CHEMBL1697786,4
CHEMBL1697787::en0_A7:S;A16:R;A19:R;A20:S;A29:S;A31:S;A33:R;A36:S,CHEMBL1697787,0
CHEMBL1697787::en1_A7:R;A16:R;A19:R;A20:S;A29:S;A31:S;A33:R;A36:S,CHEMBL1697787,1
CHEMBL1697787::en2_A7:S;A16:S;A19:R;A20:S;A29:S;A31:S;A33:R;A36:S,CHEMBL1697787,2
CHEMBL1697787::en3_A7:R;A16:S;A19:R;A20:S;A29:S;A31:S;A33:R;A36:S,CHEMBL1697787,3
CHEMBL1697787::en4_A7:S;A16:R;A19:S;A20:S;A29:S;A31:S;A33:R;A36:S,CHEMBL1697787,4
CHEMBL1697788::en0_A8:S;A14:R;A17:R;A18:S;A27:S;A29:S;A31:R;A34:S,CHEMBL1697788,0
CHEMBL1697788::en1_A8:R;A14:R;A17:R;A18:S;A27:S;A29:S;A31:R;A34:S,CHEMBL1697788,1
CHEMBL1697788::en2_A8:S;A14:S;A17:R;A18:S;A27:S;A29:S;A31:R;A34:S,CHEMBL1697788,2
CHEMBL1697788::en3_A8:R;A14:S;A17:R;A18:S;A27:S;A29:S;A31:R;A34:S,CHEMBL1697788,3
CHEMBL1697788::en4_A8:S;A14:R;A17:S;A18:S;A27:S;A29:S;A31:R;A34:S,CHEMBL1697788,4
CHEMBL1697791::en0_A13:R;A14:S;A17:S;A19:R;A27:R,CHEMBL1697791,0
CHEMBL1697791::en1_A13:S;A14:S;A17:S;A19:R;A27:R,CHEMBL1697791,1
CHEMBL1697791::en2_A13:R;A14:R;A17:S;A19:R;A27:R,CHEMBL1697791,2
CHEMBL1697791::en3_A13:S;A14:R;A17:S;A19:R;A27:R,CHEMBL1697791,3
CHEMBL1697791::en4_A13:R;A14:S;A17:R;A19:R;A27:R,CHEMBL1697791,4
CHEMBL1697792::en0_A9:R;A12:R;A13:R;A23:R;A26:S,CHEMBL1697792,0
CHEMBL1697792::en1_A9:S;A12:R;A13:R;A23:R;A26:S,CHEMBL1697792,1
CHEMBL1697792::en2_A9:R;A12:S;A13:R;A23:R;A26:S,CHEMBL1697792,2
CHEMBL1697792::en3_A9:S;A12:S;A13:R;A23:R;A26:S,CHEMBL1697792,3
CHEMBL1697792::en4_A9:R;A12:R;A13:S;A23:R;A26:S,CHEMBL1697792,4
CHEMBL1697794::en0_A13:R;A16:R;A17:R;A27:R;A30:S,CHEMBL1697794,0
CHEMBL1697794::en1_A13:S;A16:R;A17:R;A27:R;A30:S,CHEMBL1697794,1
CHEMBL1697794::en2_A13:R;A16:S;A17:R;A27:R;A30:S,CHEMBL1697794,2
CHEMBL1697794::en3_A13:S;A16:S;A17:R;A27:R;A30:S,CHEMBL1697794,3
CHEMBL1697794::en4_A13:R;A16:R;A17:S;A27:R;A30:S,CHEMBL1697794,4
CHEMBL1697795::en0_A15:R;A18:R;A19:R;A28:R;A30:R;A33:S,CHEMBL1697795,0
CHEMBL1697795::en1_A15:S;A18:R;A19:R;A28:R;A30:R;A33:S,CHEMBL1697795,1
CHEMBL1697795::en2_A15:R;A18:S;A19:R;A28:R;A30:R;A33:S,CHEMBL1697795,2
CHEMBL1697795::en3_A15:S;A18:S;A19:R;A28:R;A30:R;A33:S,CHEMBL1697795,3
CHEMBL1697795::en4_A15:R;A18:R;A19:S;A28:R;A30:R;A33:S,CHEMBL1697795,4
CHEMBL1697796::en0_A1:S;A4:R;A5:S;A14:R;A16:S;A19:S,CHEMBL1697796,0
CHEMBL1697796::en1_A1:R;A4:R;A5:S;A14:R;A16:S;A19:S,CHEMBL1697796,1
CHEMBL1697796::en2_A1:S;A4:S;A5:S;A14:R;A16:S;A19:S,CHEMBL1697796,2
CHEMBL1697796::en3_A1:R;A4:S;A5:S;A14:R;A16:S;A19:S,CHEMBL1697796,3
CHEMBL1697796::en4_A1:S;A4:R;A5:R;A14:R;A16:S;A19:S,CHEMBL1697796,4
CHEMBL1697832::en0_A1:R;A11:S;A12:S;A13:R;A16:R;A18:R;A21:R,CHEMBL1697832,0
CHEMBL1697832::en1_A1:S;A11:S;A12:S;A13:R;A16:R;A18:R;A21:R,CHEMBL1697832,1
CHEMBL1697832::en2_A1:R;A11:R;A12:S;A13:R;A16:R;A18:R;A21:R,CHEMBL1697832,2
CHEMBL1697832::en3_A1:S;A11:R;A12:S;A13:R;A16:R;A18:R;A21:R,CHEMBL1697832,3
CHEMBL1697832::en4_A1:R;A11:S;A12:R;A13:R;A16:R;A18:R;A21:R,CHEMBL1697832,4
CHEMBL1697843::en0_A2:R;A3:R;A6:R;A8:S;A9:S;A12:R;A14:S;A15:S;A18:S;A20:S;A23:S;A25:S;A28:R;A29:R;A31:S;A33:R;A35:R;A44:R;A48:S;A51:S;A54:R,CHEMBL1697843,0
CHEMBL1697843::en1_A2:R;A3:S;A6:S;A8:S;A9:R;A12:S;A14:R;A15:S;A18:R;A20:S;A23:S;A25:R;A28:S;A29:S;A31:R;A33:R;A35:S;A44:R;A48:R;A51:S;A54:R,CHEMBL1697843,1
CHEMBL1697843::en2_A2:R;A3:S;A6:S;A8:R;A9:R;A12:R;A14:R;A15:R;A18:S;A20:S;A23:R;A25:S;A28:R;A29:R;A31:R;A33:R;A35:R;A44:R;A48:S;A51:R;A54:R,CHEMBL1697843,2
CHEMBL1697843::en3_A2:R;A3:R;A6:S;A8:S;A9:S;A12:R;A14:R;A15:R;A18:S;A20:S;A23:S;A25:S;A28:R;A29:S;A31:R;A33:R;A35:S;A44:S;A48:S;A51:R;A54:R,CHEMBL1697843,3
CHEMBL1697843::en4_A2:R;A3:S;A6:R;A8:R;A9:S;A12:S;A14:S;A15:S;A18:R;A20:S;A23:R;A25:S;A28:R;A29:R;A31:S;A33:R;A35:S;A44:S;A48:S;A51:S;A54:S,CHEMBL1697843,4
CHEMBL1697844::en0_A4:S;A6:R;A18:R;A28:R,CHEMBL1697844,0
CHEMBL1697844::en1_A4:R;A6:R;A18:R;A28:R,CHEMBL1697844,1
CHEMBL1697844::en2_A4:S;A6:S;A18:R;A28:R,CHEMBL1697844,2
CHEMBL1697844::en3_A4:R;A6:S;A18:R;A28:R,CHEMBL1697844,3
CHEMBL1697844::en4_A4:S;A6:R;A18:S;A28:R,CHEMBL1697844,4
CHEMBL1697845::en0_A2:S;A6:R;A7:R;A16:R;A17:R;A20:S,CHEMBL1697845,0
CHEMBL1697845::en1_A2:R;A6:R;A7:R;A16:R;A17:R;A20:S,CHEMBL1697845,1
CHEMBL1697845::en2_A2:S;A6:S;A7:R;A16:R;A17:R;A20:S,CHEMBL1697845,2
CHEMBL1697845::en3_A2:R;A6:S;A7:R;A16:R;A17:R;A20:S,CHEMBL1697845,3
CHEMBL1697845::en4_A2:S;A6:R;A7:S;A16:R;A17:R;A20:S,CHEMBL1697845,4
CHEMBL1697848::en0_A7:R;A17:R;A18:S;A27:R;A29:R;A30:R;A33:S,CHEMBL1697848,0
CHEMBL1697848::en1_A7:S;A17:R;A18:S;A27:R;A29:R;A30:R;A33:S,CHEMBL1697848,1
CHEMBL1697848::en2_A7:R;A17:S;A18:S;A27:R;A29:R;A30:R;A33:S,CHEMBL1697848,2
CHEMBL1697848::en3_A7:S;A17:S;A18:S;A27:R;A29:R;A30:R;A33:S,CHEMBL1697848,3
CHEMBL1697848::en4_A7:R;A17:R;A18:R;A27:R;A29:R;A30:R;A33:S,CHEMBL1697848,4
CHEMBL1697854::en0_A21:R;A36:S;A38:S;A40:S;A42:S;A44:S,CHEMBL1697854,0
CHEMBL1697854::en1_A21:S;A36:S;A38:S;A40:S;A42:S;A44:S,CHEMBL1697854,1
CHEMBL1697854::en2_A21:R;A36:R;A38:S;A40:S;A42:S;A44:S,CHEMBL1697854,2
CHEMBL1697854::en3_A21:S;A36:R;A38:S;A40:S;A42:S;A44:S,CHEMBL1697854,3
CHEMBL1697854::en4_A21:R;A36:S;A38:R;A40:S;A42:S;A44:S,CHEMBL1697854,4
CHEMBL1698011::en0_A4:R;A7:R;A8:S;A21:S,CHEMBL1698011,0
CHEMBL1698011::en1_A4:S;A7:R;A8:S;A21:S,CHEMBL1698011,1
CHEMBL1698011::en2_A4:R;A7:S;A8:S;A21:S,CHEMBL1698011,2
CHEMBL1698011::en3_A4:S;A7:S;A8:S;A21:S,CHEMBL1698011,3
CHEMBL1698011::en4_A4:R;A7:R;A8:R;A21:S,CHEMBL1698011,4
CHEMBL169896::en0_A20:R,CHEMBL169896,0
CHEMBL169896::en1_A20:S,CHEMBL169896,1
CHEMBL170::en0_A2:S;A7:R;A9:R;A10:R,CHEMBL170,0
CHEMBL170::en1_A2:R;A7:R;A9:R;A10:R,CHEMBL170,1
CHEMBL170::en2_A2:S;A7:S;A9:R;A10:R,CHEMBL170,2
CHEMBL1700858::en0_A13:S;A24:S,CHEMBL1700858,0
CHEMBL1700858::en1_A13:R;A24:S,CHEMBL1700858,1
CHEMBL1700858::en2_A13:S;A24:R,CHEMBL1700858,2
CHEMBL1700858::en3_A13:R;A24:R,CHEMBL1700858,3
CHEMBL1705373::en0_A5:S;A7:R;A10:R;A12:S;A14:S;A32:R,CHEMBL1705373,0
CHEMBL1705373::en1_A5:R;A7:R;A10:R;A12:S;A14:S;A32:R,CHEMBL1705373,1
CHEMBL1705373::en2_A5:S;A7:S;A10:R;A12:S;A14:S;A32:R,CHEMBL1705373,2
CHEMBL1705373::en3_A5:R;A7:S;A10:R;A12:S;A14:S;A32:R,CHEMBL1705373,3
CHEMBL1705373::en4_A5:S;A7:R;A10:S;A12:S;A14:S;A32:R,CHEMBL1705373,4
CHEMBL1712170::en0_A10:S;A11:R;A15:S;A16:S;A22:R,CHEMBL1712170,0
CHEMBL1712170::en1_A10:R;A11:R;A15:S;A16:S;A22:R,CHEMBL1712170,1
CHEMBL1712170::en2_A10:S;A11:S;A15:S;A16:S;A22:R,CHEMBL1712170,2
CHEMBL1712170::en3_A10:R;A11:S;A15:S;A16:S;A22:R,CHEMBL1712170,3
CHEMBL1712170::en4_A10:S;A11:R;A15:R;A16:S;A22:R,CHEMBL1712170,4
CHEMBL171679::en0_A4:S;A15:R,CHEMBL171679,0
CHEMBL171679::en1_A4:R;A15:R,CHEMBL171679,1
CHEMBL171679::en2_A4:S;A15:S,CHEMBL171679,2
CHEMBL171679::en3_A4:R;A15:S,CHEMBL171679,3
CHEMBL1721885::en0_A23:S,CHEMBL1721885,0
CHEMBL1721885::en1_A23:R,CHEMBL1721885,1
CHEMBL1721885::en2_A23:S,CHEMBL1721885,2
CHEMBL1721885::en3_A23:R,CHEMBL1721885,3
CHEMBL1727::en0_A9:S;A13:R;A21:S,CHEMBL1727,0
CHEMBL1727::en1_A9:R;A13:R;A21:S,CHEMBL1727,1
CHEMBL1727::en2_A9:S;A13:S;A21:S,CHEMBL1727,2
CHEMBL1727::en3_A9:R;A13:S;A21:S,CHEMBL1727,3
CHEMBL1727::en4_A9:S;A13:R;A21:R,CHEMBL1727,4
CHEMBL1729883::en0_A3:R;A5:S;A7:R;A9:R;A11:S,CHEMBL1729883,0
CHEMBL1729883::en1_A3:S;A5:S;A7:R;A9:R;A11:S,CHEMBL1729883,1
CHEMBL1729883::en2_A3:R;A5:R;A7:R;A9:R;A11:S,CHEMBL1729883,2
CHEMBL1729883::en3_A3:S;A5:R;A7:R;A9:R;A11:S,CHEMBL1729883,3
CHEMBL1729883::en4_A3:R;A5:S;A7:S;A9:R;A11:S,CHEMBL1729883,4
CHEMBL1730::en0_A7:R;A23:R,CHEMBL1730,0
CHEMBL1730::en1_A7:S;A23:R,CHEMBL1730,1
CHEMBL1730::en2_A7:R;A23:S,CHEMBL1730,2
CHEMBL1730::en3_A7:S;A23:S,CHEMBL1730,3
CHEMBL1730::en4_A7:R;A23:R,CHEMBL1730,4
CHEMBL1731::en0_A4:R;A5:R;A9:R;A32:R,CHEMBL1731,0
CHEMBL1731::en1_A4:S;A5:R;A9:R;A32:R,CHEMBL1731,1
CHEMBL1731::en2_A4:R;A5:S;A9:R;A32:R,CHEMBL1731,2
CHEMBL1731::en3_A4:S;A5:S;A9:R;A32:R,CHEMBL1731,3
CHEMBL1731::en4_A4:R;A5:R;A9:S;A32:R,CHEMBL1731,4
CHEMBL1733::en0_A1:S;A3:R;A26:R,CHEMBL1733,0
CHEMBL1733::en1_A1:R;A3:R;A26:R,CHEMBL1733,1
CHEMBL1733::en2_A1:S;A3:S;A26:R,CHEMBL1733,2
CHEMBL1733::en3_A1:R;A3:S;A26:R,CHEMBL1733,3
CHEMBL1733::en4_A1:S;A3:R;A26:S,CHEMBL1733,4
CHEMBL17350::en0_A1:R;A2:R,CHEMBL17350,0
CHEMBL17350::en1_A1:S;A2:R,CHEMBL17350,1
CHEMBL17350::en2_A1:R;A2:S,CHEMBL17350,2
CHEMBL17350::en3_A1:S;A2:S,CHEMBL17350,3
CHEMBL1738889::en0_A1:S,CHEMBL1738889,0
CHEMBL1738889::en1_A1:R,CHEMBL1738889,1
CHEMBL1738990::en0_A5:S;A19:R,CHEMBL1738990,0
CHEMBL1738990::en1_A5:R;A19:R,CHEMBL1738990,1
CHEMBL1738990::en2_A5:S;A19:S,CHEMBL1738990,2
CHEMBL1738990::en3_A5:R;A19:S,CHEMBL1738990,3
CHEMBL174::en0_A4:R;A5:R;A9:R;A20:R,CHEMBL174,0
CHEMBL174::en1_A4:S;A5:R;A9:R;A20:R,CHEMBL174,1
CHEMBL174::en2_A4:R;A5:S;A9:R;A20:R,CHEMBL174,2
CHEMBL174::en3_A4:S;A5:S;A9:R;A20:R,CHEMBL174,3
CHEMBL174::en4_A4:R;A5:R;A9:S;A20:R,CHEMBL174,4
CHEMBL174095::en0_A3:S;A8:R;A19:S,CHEMBL174095,0
CHEMBL174095::en1_A3:R;A8:R;A19:S,CHEMBL174095,1
CHEMBL174095::en2_A3:S;A8:S;A19:S,CHEMBL174095,2
CHEMBL174095::en3_A3:R;A8:S;A19:S,CHEMBL174095,3
CHEMBL174095::en4_A3:S;A8:R;A19:R,CHEMBL174095,4
CHEMBL1741::en0_A2:R;A6:S;A8:S;A10:R;A12:R;A16:S;A18:S;A21:S;A23:R;A25:R;A27:S;A30:S;A34:S;A36:S;A41:R;A45:R;A47:S;A49:R,CHEMBL1741,0
CHEMBL1741::en1_A2:S;A6:R;A8:R;A10:R;A12:S;A16:S;A18:S;A21:S;A23:S;A25:R;A27:R;A30:S;A34:S;A36:S;A41:R;A45:R;A47:R;A49:R,CHEMBL1741,1
CHEMBL1741::en2_A2:R;A6:S;A8:R;A10:R;A12:R;A16:R;A18:R;A21:S;A23:R;A25:S;A27:R;A30:R;A34:R;A36:R;A41:R;A45:S;A47:R;A49:S,CHEMBL1741,2
CHEMBL1741::en3_A2:S;A6:R;A8:S;A10:S;A12:R;A16:R;A18:R;A21:R;A23:R;A25:R;A27:R;A30:R;A34:R;A36:R;A41:R;A45:S;A47:R;A49:R,CHEMBL1741,3
CHEMBL1741::en4_A2:S;A6:S;A8:R;A10:S;A12:S;A16:S;A18:S;A21:S;A23:S;A25:S;A27:S;A30:S;A34:S;A36:S;A41:R;A45:R;A47:R;A49:R,CHEMBL1741,4
CHEMBL1741037::en0_A1:S,CHEMBL1741037,0
CHEMBL1741037::en1_A1:R,CHEMBL1741037,1
CHEMBL1741040::en0_A4:S;A8:S;A26:S;A36:R;A41:S,CHEMBL1741040,0
CHEMBL1741040::en1_A4:R;A8:S;A26:S;A36:R;A41:S,CHEMBL1741040,1
CHEMBL1741040::en2_A4:S;A8:R;A26:S;A36:R;A41:S,CHEMBL1741040,2
CHEMBL1741040::en3_A4:R;A8:R;A26:S;A36:R;A41:S,CHEMBL1741040,3
CHEMBL1741040::en4_A4:S;A8:S;A26:R;A36:R;A41:S,CHEMBL1741040,4
CHEMBL1742402::en0_A10:R;A12:S;A15:R,CHEMBL1742402,0
CHEMBL1742402::en1_A10:S;A12:S;A15:R,CHEMBL1742402,1
CHEMBL1742408::en0_A8:S,CHEMBL1742408,0
CHEMBL1742408::en1_A8:R,CHEMBL1742408,1
CHEMBL1742431::en0_A5:S;A15:R;A17:S;A20:R,CHEMBL1742431,0
CHEMBL1742466::en0_A5:R;A18:R,CHEMBL1742466,0
CHEMBL1742466::en1_A5:S;A18:R,CHEMBL1742466,1
CHEMBL1742466::en2_A5:R;A18:S,CHEMBL1742466,2
CHEMBL1742466::en3_A5:S;A18:S,CHEMBL1742466,3
CHEMBL1742470::en0_A7:S,CHEMBL1742470,0
CHEMBL1742470::en1_A7:R,CHEMBL1742470,1
CHEMBL1742477::en0_A17:S,CHEMBL1742477,0
CHEMBL1742477::en1_A17:R,CHEMBL1742477,1
CHEMBL1743::en0_A7:R;A26:R,CHEMBL1743,0
CHEMBL1743::en1_A7:S;A26:R,CHEMBL1743,1
CHEMBL1743::en2_A7:R;A26:S,CHEMBL1743,2
CHEMBL1743::en3_A7:S;A26:S,CHEMBL1743,3
CHEMBL1743::en4_A7:R;A26:R,CHEMBL1743,4
CHEMBL1743323::en0_A2:S;A5:R;A7:R;A8:S;A15:S;A24:R;A28:S,CHEMBL1743323,0
CHEMBL1743323::en1_A2:R;A5:S;A7:R;A8:S;A15:S;A24:R;A28:S,CHEMBL1743323,1
CHEMBL1744042::en0_A10:S,CHEMBL1744042,0
CHEMBL1744042::en1_A10:R,CHEMBL1744042,1
CHEMBL1747::en0_A2:S;A4:R;A6:R;A7:S;A9:R;A11:S;A13:R;A16:R;A18:R;A20:S;A22:R;A25:R;A27:S;A30:S,CHEMBL1747,0
CHEMBL1747::en1_A2:R;A4:S;A6:S;A7:R;A9:R;A11:S;A13:R;A16:R;A18:R;A20:S;A22:R;A25:R;A27:R;A30:S,CHEMBL1747,1
CHEMBL1747::en2_A2:S;A4:S;A6:R;A7:S;A9:R;A11:R;A13:S;A16:S;A18:S;A20:R;A22:S;A25:S;A27:R;A30:S,CHEMBL1747,2
CHEMBL1747::en3_A2:S;A4:S;A6:S;A7:R;A9:R;A11:S;A13:R;A16:S;A18:R;A20:S;A22:S;A25:S;A27:S;A30:R,CHEMBL1747,3
CHEMBL1747::en4_A2:R;A4:S;A6:R;A7:R;A9:R;A11:R;A13:R;A16:S;A18:S;A20:R;A22:R;A25:R;A27:R;A30:R,CHEMBL1747,4
CHEMBL175::en0_A8:S,CHEMBL175,0
CHEMBL175::en1_A8:R,CHEMBL175,1
CHEMBL1750::en0_A11:R;A13:R;A16:S;A18:S,CHEMBL1750,0
CHEMBL1750::en1_A11:S;A13:R;A16:S;A18:S,CHEMBL1750,1
CHEMBL1750::en2_A11:R;A13:S;A16:S;A18:S,CHEMBL1750,2
CHEMBL1750::en3_A11:S;A13:S;A16:S;A18:S,CHEMBL1750,3
CHEMBL1750::en4_A11:R;A13:R;A16:R;A18:S,CHEMBL1750,4
CHEMBL1751::en0_A1:S;A3:R;A5:R;A6:S;A9:S;A11:S;A12:S;A15:R;A17:S;A20:R;A22:S;A25:R;A26:R;A28:S;A30:S;A32:R;A41:R;A45:S;A48:R;A51:S;A53:S,CHEMBL1751,0
CHEMBL1751::en1_A1:S;A3:S;A5:S;A6:R;A9:R;A11:S;A12:S;A15:S;A17:S;A20:S;A22:R;A25:R;A26:S;A28:R;A30:R;A32:R;A41:S;A45:R;A48:R;A51:R;A53:S,CHEMBL1751,1
CHEMBL1751::en2_A1:R;A3:S;A5:R;A6:R;A9:S;A11:S;A12:S;A15:S;A17:S;A20:S;A22:R;A25:R;A26:R;A28:R;A30:R;A32:R;A41:S;A45:S;A48:S;A51:S;A53:S,CHEMBL1751,2
CHEMBL1751::en3_A1:R;A3:R;A5:S;A6:R;A9:R;A11:R;A12:R;A15:S;A17:R;A20:S;A22:R;A25:R;A26:S;A28:R;A30:R;A32:S;A41:R;A45:R;A48:R;A51:S;A53:S,CHEMBL1751,3
CHEMBL1751::en4_A1:S;A3:R;A5:S;A6:S;A9:R;A11:R;A12:R;A15:R;A17:S;A20:R;A22:S;A25:R;A26:S;A28:S;A30:S;A32:S;A41:S;A45:S;A48:S;A51:S;A53:R,CHEMBL1751,4
CHEMBL175247::en0_A11:R;A13:S;A17:R;A27:S,CHEMBL175247,0
CHEMBL175247::en1_A11:S;A13:S;A17:R;A27:S,CHEMBL175247,1
CHEMBL175247::en2_A11:R;A13:R;A17:R;A27:S,CHEMBL175247,2
CHEMBL175247::en3_A11:S;A13:R;A17:R;A27:S,CHEMBL175247,3
CHEMBL175247::en4_A11:R;A13:S;A17:S;A27:S,CHEMBL175247,4
CHEMBL1753::en0_A3:R;A5:R;A9:R;A10:S;A12:R;A15:R;A17:R;A19:S;A21:S,CHEMBL1753,0
CHEMBL1753::en1_A3:S;A5:R;A9:R;A10:S;A12:R;A15:R;A17:R;A19:S;A21:S,CHEMBL1753,1
CHEMBL1753::en2_A3:R;A5:S;A9:R;A10:S;A12:R;A15:R;A17:R;A19:S;A21:S,CHEMBL1753,2
CHEMBL1753::en3_A3:S;A5:S;A9:R;A10:S;A12:R;A15:R;A17:R;A19:S;A21:S,CHEMBL1753,3
CHEMBL1753::en4_A3:R;A5:R;A9:S;A10:S;A12:R;A15:R;A17:R;A19:S;A21:S,CHEMBL1753,4
CHEMBL1756::en0_A1:S;A4:S;A23:S;A24:S;A27:S,CHEMBL1756,0
CHEMBL1756::en1_A1:R;A4:S;A23:S;A24:S;A27:S,CHEMBL1756,1
CHEMBL1756::en2_A1:S;A4:R;A23:S;A24:S;A27:S,CHEMBL1756,2
CHEMBL1756::en3_A1:R;A4:R;A23:S;A24:S;A27:S,CHEMBL1756,3
CHEMBL1756::en4_A1:S;A4:S;A23:R;A24:S;A27:S,CHEMBL1756,4
CHEMBL1757::en0_A1:S;A3:R,CHEMBL1757,0
CHEMBL1757::en1_A1:R;A3:R,CHEMBL1757,1
CHEMBL1757::en2_A1:S;A3:S,CHEMBL1757,2
CHEMBL1757::en3_A1:R;A3:S,CHEMBL1757,3
CHEMBL176::en0_A2:R;A4:S;A6:R;A7:S;A9:S;A11:R;A13:R;A16:R;A18:S;A20:R;A22:R;A25:S;A27:R;A29:S;A31:R,CHEMBL176,0
CHEMBL176::en1_A2:S;A4:S;A6:R;A7:R;A9:S;A11:R;A13:S;A16:S;A18:S;A20:S;A22:R;A25:R;A27:S;A29:S;A31:R,CHEMBL176,1
CHEMBL176::en2_A2:S;A4:R;A6:S;A7:S;A9:S;A11:S;A13:S;A16:R;A18:R;A20:R;A22:S;A25:R;A27:S;A29:R;A31:R,CHEMBL176,2
CHEMBL176::en3_A2:R;A4:S;A6:S;A7:S;A9:S;A11:S;A13:S;A16:R;A18:R;A20:S;A22:S;A25:S;A27:S;A29:S;A31:S,CHEMBL176,3
CHEMBL176::en4_A2:S;A4:S;A6:R;A7:R;A9:S;A11:S;A13:S;A16:R;A18:R;A20:R;A22:R;A25:R;A27:S;A29:S;A31:R,CHEMBL176,4
CHEMBL1762621::en0_A4:S;A11:R;A12:S;A17:R;A28:R;A31:R;A33:R,CHEMBL1762621,0
CHEMBL1762621::en1_A4:R;A11:R;A12:S;A17:R;A28:R;A31:R;A33:R,CHEMBL1762621,1
CHEMBL1762621::en2_A4:S;A11:S;A12:S;A17:R;A28:R;A31:R;A33:R,CHEMBL1762621,2
CHEMBL1762621::en3_A4:R;A11:S;A12:S;A17:R;A28:R;A31:R;A33:R,CHEMBL1762621,3
CHEMBL1762621::en4_A4:S;A11:R;A12:R;A17:R;A28:R;A31:S;A33:R,CHEMBL1762621,4
CHEMBL1764::en0_A10:R,CHEMBL1764,0
CHEMBL1764::en1_A10:S,CHEMBL1764,1
CHEMBL1765294::en0_A8:R;A12:S,CHEMBL1765294,0
CHEMBL1765294::en1_A8:S;A12:S,CHEMBL1765294,1
CHEMBL1765294::en2_A8:R;A12:R,CHEMBL1765294,2
CHEMBL1765294::en3_A8:S;A12:R,CHEMBL1765294,3
CHEMBL1765508::en0_A3:R;A23:R,CHEMBL1765508,0
CHEMBL1765508::en1_A3:S;A23:R,CHEMBL1765508,1
CHEMBL1765508::en2_A3:R;A23:S,CHEMBL1765508,2
CHEMBL1765508::en3_A3:S;A23:S,CHEMBL1765508,3
CHEMBL1766::en0_A1:R;A3:R;A4:S;A13:S;A15:S;A17:R;A20:S;A22:R,CHEMBL1766,0
CHEMBL1766::en1_A1:S;A3:R;A4:S;A13:S;A15:S;A17:R;A20:S;A22:R,CHEMBL1766,1
CHEMBL1766::en2_A1:R;A3:S;A4:S;A13:S;A15:S;A17:R;A20:S;A22:R,CHEMBL1766,2
CHEMBL1766::en3_A1:S;A3:S;A4:S;A13:S;A15:S;A17:R;A20:S;A22:R,CHEMBL1766,3
CHEMBL1766::en4_A1:R;A3:R;A4:R;A13:S;A15:S;A17:R;A20:S;A22:R,CHEMBL1766,4
CHEMBL17669::en0_A5:S;A15:R,CHEMBL17669,0
CHEMBL17669::en1_A5:R;A15:R,CHEMBL17669,1
CHEMBL17669::en2_A5:S;A15:S,CHEMBL17669,2
CHEMBL17669::en3_A5:R;A15:S,CHEMBL17669,3
CHEMBL177::en0_A3:R;A8:S;A10:R;A12:R;A14:S;A16:S;A19:S;A21:S;A23:S;A25:R;A27:R;A29:R;A31:S;A34:S;A36:R;A38:R,CHEMBL177,0
CHEMBL177::en1_A3:R;A8:R;A10:S;A12:R;A14:R;A16:S;A19:S;A21:R;A23:S;A25:S;A27:S;A29:S;A31:R;A34:S;A36:R;A38:R,CHEMBL177,1
CHEMBL177::en2_A3:R;A8:S;A10:S;A12:S;A14:R;A16:S;A19:S;A21:S;A23:S;A25:R;A27:S;A29:R;A31:R;A34:S;A36:S;A38:S,CHEMBL177,2
CHEMBL177::en3_A3:S;A8:S;A10:S;A12:S;A14:S;A16:R;A19:R;A21:S;A23:R;A25:S;A27:S;A29:S;A31:S;A34:S;A36:S;A38:R,CHEMBL177,3
CHEMBL177::en4_A3:S;A8:R;A10:S;A12:R;A14:S;A16:R;A19:R;A21:R;A23:S;A25:R;A27:R;A29:R;A31:R;A34:R;A36:R;A38:S,CHEMBL177,4
CHEMBL1773::en0_A14:R;A16:R;A18:R;A20:S,CHEMBL1773,0
CHEMBL1773::en1_A14:S;A16:R;A18:R;A20:S,CHEMBL1773,1
CHEMBL1773::en2_A14:R;A16:S;A18:R;A20:S,CHEMBL1773,2
CHEMBL1773::en3_A14:S;A16:S;A18:R;A20:S,CHEMBL1773,3
CHEMBL1773::en4_A14:R;A16:R;A18:S;A20:S,CHEMBL1773,4
CHEMBL1773903::en0_A4:R;A31:R;A33:S;A36:S;A42:R,CHEMBL1773903,0
CHEMBL1773903::en1_A4:S;A31:R;A33:R;A36:S;A42:S,CHEMBL1773903,1
CHEMBL1773903::en2_A4:R;A31:R;A33:R;A36:S;A42:R,CHEMBL1773903,2
CHEMBL1773903::en3_A4:S;A31:R;A33:S;A36:R;A42:S,CHEMBL1773903,3
CHEMBL1773903::en4_A4:S;A31:S;A33:S;A36:R;A42:S,CHEMBL1773903,4
CHEMBL1779325::en0_A4:S;A5:R;A8:R;A11:R;A13:R;A15:R;A20:R;A25:R,CHEMBL1779325,0
CHEMBL1779325::en1_A4:R;A5:R;A8:R;A11:R;A13:R;A15:R;A20:R;A25:R,CHEMBL1779325,1
CHEMBL1779325::en2_A4:S;A5:S;A8:R;A11:R;A13:R;A15:R;A20:R;A25:R,CHEMBL1779325,2
CHEMBL1779325::en3_A4:R;A5:S;A8:R;A11:R;A13:R;A15:R;A20:R;A25:R,CHEMBL1779325,3
CHEMBL1779325::en4_A4:S;A5:R;A8:S;A11:R;A13:R;A15:R;A20:R;A25:R,CHEMBL1779325,4
CHEMBL1779710::en0_A6:R;A16:R,CHEMBL1779710,0
CHEMBL1779710::en1_A6:S;A16:R,CHEMBL1779710,1
CHEMBL1779710::en2_A6:R;A16:S,CHEMBL1779710,2
CHEMBL1779710::en3_A6:S;A16:S,CHEMBL1779710,3
CHEMBL178::en0_A21:R;A27:S;A29:S;A31:S;A33:S;A35:S,CHEMBL178,0
CHEMBL178::en1_A21:S;A27:S;A29:S;A31:S;A33:S;A35:S,CHEMBL178,1
CHEMBL178::en2_A21:R;A27:R;A29:S;A31:S;A33:S;A35:S,CHEMBL178,2
CHEMBL178::en3_A21:S;A27:R;A29:S;A31:S;A33:S;A35:S,CHEMBL178,3
CHEMBL178::en4_A21:R;A27:S;A29:R;A31:S;A33:S;A35:S,CHEMBL178,4
CHEMBL1783734::en0_A8:S;A10:S,CHEMBL1783734,0
CHEMBL1783734::en1_A8:R;A10:S,CHEMBL1783734,1
CHEMBL1783734::en2_A8:S;A10:R,CHEMBL1783734,2
CHEMBL1783734::en3_A8:R;A10:R,CHEMBL1783734,3
CHEMBL1788403::en0_A6:R;A10:R;A11:S,CHEMBL1788403,0
CHEMBL1788403::en1_A6:S;A10:R;A11:S,CHEMBL1788403,1
CHEMBL1788403::en2_A6:R;A10:S;A11:S,CHEMBL1788403,2
CHEMBL1788403::en3_A6:S;A10:S;A11:S,CHEMBL1788403,3
CHEMBL1788403::en4_A6:R;A10:R;A11:R,CHEMBL1788403,4
CHEMBL1789941::en0_A3:R,CHEMBL1789941,0
CHEMBL1789941::en1_A3:S,CHEMBL1789941,1
CHEMBL1790497::en0_A2:S;A4:S;A8:R;A10:S;A12:S;A20:S;A31:S;A42:S,CHEMBL1790497,0
CHEMBL1790497::en1_A2:R;A4:S;A8:R;A10:S;A12:S;A20:S;A31:S;A42:S,CHEMBL1790497,1
CHEMBL1790497::en2_A2:S;A4:R;A8:R;A10:S;A12:S;A20:S;A31:S;A42:S,CHEMBL1790497,2
CHEMBL1790497::en3_A2:R;A4:R;A8:R;A10:S;A12:S;A20:S;A31:S;A42:S,CHEMBL1790497,3
CHEMBL1790497::en4_A2:S;A4:S;A8:S;A10:S;A12:S;A20:S;A31:S;A42:S,CHEMBL1790497,4
CHEMBL1794685::en0_A7:R;A9:R;A16:R;A18:S,CHEMBL1794685,0
CHEMBL1794685::en1_A7:S;A9:R;A16:R;A18:S,CHEMBL1794685,1
CHEMBL1794685::en2_A7:R;A9:S;A16:R;A18:S,CHEMBL1794685,2
CHEMBL1794685::en3_A7:S;A9:S;A16:R;A18:S,CHEMBL1794685,3
CHEMBL1794685::en4_A7:R;A9:R;A16:S;A18:S,CHEMBL1794685,4
CHEMBL17962::en0_A1:R,CHEMBL17962,0
CHEMBL17962::en1_A1:S,CHEMBL17962,1
CHEMBL17976::en0_A3:R;A5:S;A7:R;A9:S;A18:R;A19:S;A37:R;A44:R,CHEMBL17976,0
CHEMBL1800807::en0_A27:R;A42:S,CHEMBL1800807,0
CHEMBL1800807::en1_A27:S;A42:S,CHEMBL1800807,1
CHEMBL1800807::en2_A27:R;A42:R,CHEMBL1800807,2
CHEMBL1800807::en3_A27:S;A42:R,CHEMBL1800807,3
CHEMBL1801204::en0_A16:S;A25:S,CHEMBL1801204,0
CHEMBL1801204::en1_A16:R;A25:S,CHEMBL1801204,1
CHEMBL1801204::en2_A16:S;A25:R,CHEMBL1801204,2
CHEMBL1801204::en3_A16:R;A25:R,CHEMBL1801204,3
CHEMBL1801250::en0_A10:S;A11:R;A13:R,CHEMBL1801250,0
CHEMBL1801250::en1_A10:R;A11:S;A13:S,CHEMBL1801250,1
CHEMBL1808388::en0_A2:S;A4:R;A26:R;A28:S;A30:S,CHEMBL1808388,0
CHEMBL1808388::en1_A2:R;A4:R;A26:R;A28:S;A30:S,CHEMBL1808388,1
CHEMBL1808388::en2_A2:S;A4:S;A26:R;A28:S;A30:S,CHEMBL1808388,2
CHEMBL1808388::en3_A2:R;A4:S;A26:R;A28:S;A30:S,CHEMBL1808388,3
CHEMBL1808388::en4_A2:S;A4:R;A26:S;A28:S;A30:S,CHEMBL1808388,4
CHEMBL1812063::en0_A9:R;A11:R;A18:R;A20:S,CHEMBL1812063,0
CHEMBL1812063::en1_A9:S;A11:R;A18:R;A20:S,CHEMBL1812063,1
CHEMBL1812063::en2_A9:R;A11:S;A18:R;A20:S,CHEMBL1812063,2
CHEMBL1812063::en3_A9:S;A11:S;A18:R;A20:S,CHEMBL1812063,3
CHEMBL1812063::en4_A9:R;A11:R;A18:S;A20:S,CHEMBL1812063,4
CHEMBL1812161::en0_A16:S,CHEMBL1812161,0
CHEMBL1812161::en1_A16:R,CHEMBL1812161,1
CHEMBL1812161::en2_A16:S,CHEMBL1812161,2
CHEMBL1812161::en3_A16:R,CHEMBL1812161,3
CHEMBL1812161::en4_A16:S,CHEMBL1812161,4
CHEMBL1817968::en0_A20:S;A24:R;A36:S,CHEMBL1817968,0
CHEMBL181954::en0_A2:R,CHEMBL181954,0
CHEMBL181954::en1_A2:S,CHEMBL181954,1
CHEMBL1822792::en0_A3:R,CHEMBL1822792,0
CHEMBL1822792::en1_A3:S,CHEMBL1822792,1
CHEMBL1822872::en0_A1:R,CHEMBL1822872,0
CHEMBL1822872::en1_A1:S,CHEMBL1822872,1
CHEMBL182319::en0_A2:S;A6:S;A11:S,CHEMBL182319,0
CHEMBL182319::en1_A2:R;A6:S;A11:S,CHEMBL182319,1
CHEMBL182319::en2_A2:S;A6:R;A11:S,CHEMBL182319,2
CHEMBL182319::en3_A2:R;A6:R;A11:S,CHEMBL182319,3
CHEMBL182319::en4_A2:S;A6:S;A11:R,CHEMBL182319,4
CHEMBL1823241::en0_A20:S;A21:R;A25:R;A27:S;A37:R;A46:S;A47:R;A51:R;A53:S;A63:R,CHEMBL1823241,0
CHEMBL1823241::en1_A20:R;A21:R;A25:R;A27:S;A37:R;A46:S;A47:R;A51:R;A53:S;A63:R,CHEMBL1823241,1
CHEMBL1823241::en2_A20:S;A21:S;A25:R;A27:S;A37:R;A46:S;A47:R;A51:R;A53:S;A63:R,CHEMBL1823241,2
CHEMBL1823241::en3_A20:R;A21:S;A25:R;A27:S;A37:R;A46:S;A47:R;A51:R;A53:S;A63:R,CHEMBL1823241,3
CHEMBL1823241::en4_A20:S;A21:R;A25:S;A27:S;A37:R;A46:S;A47:R;A51:R;A53:S;A63:R,CHEMBL1823241,4
CHEMBL1823518::en0_A5:S;A8:R;A29:R,CHEMBL1823518,0
CHEMBL1823518::en1_A5:R;A29:R,CHEMBL1823518,1
CHEMBL1823518::en2_A5:S;A8:S;A29:R,CHEMBL1823518,2
CHEMBL1823518::en3_A5:S;A29:S,CHEMBL1823518,3
CHEMBL1823681::en0_A5:R,CHEMBL1823681,0
CHEMBL1823681::en1_A5:S,CHEMBL1823681,1
CHEMBL1829174::en0_A31:R,CHEMBL1829174,0
CHEMBL1829174::en1_A31:S,CHEMBL1829174,1
CHEMBL1829335::en0_A1:R,CHEMBL1829335,0
CHEMBL1829335::en1_A1:S,CHEMBL1829335,1
CHEMBL18301::en0_A8:R;A14:S,CHEMBL18301,0
CHEMBL18301::en1_A8:S;A14:S,CHEMBL18301,1
CHEMBL18301::en2_A8:R;A14:R,CHEMBL18301,2
CHEMBL18301::en3_A8:S;A14:R,CHEMBL18301,3
CHEMBL184041::en0_A25:R,CHEMBL184041,0
CHEMBL184041::en1_A25:S,CHEMBL184041,1
CHEMBL184618::en0_A2:S;A4:R;A6:R;A7:R;A9:S;A11:S;A12:S;A14:R;A17:S;A19:S;A21:R;A23:S;A26:S;A28:S;A30:S;A33:R;A36:S;A38:R;A40:R,CHEMBL184618,0
CHEMBL184618::en1_A2:S;A4:R;A6:R;A7:S;A9:R;A11:S;A12:S;A14:R;A17:R;A19:S;A21:S;A23:S;A26:S;A28:R;A30:R;A33:S;A36:S;A38:R;A40:R,CHEMBL184618,1
CHEMBL184618::en2_A2:R;A4:S;A6:R;A7:S;A9:S;A11:S;A12:R;A14:R;A17:R;A19:R;A21:S;A23:R;A26:S;A28:R;A30:R;A33:R;A36:S;A38:R;A40:R,CHEMBL184618,2
CHEMBL184618::en3_A2:R;A4:R;A6:R;A7:S;A9:R;A11:R;A12:R;A14:S;A17:R;A19:R;A21:R;A23:R;A26:S;A28:S;A30:S;A33:S;A36:R;A38:S;A40:S,CHEMBL184618,3
CHEMBL184618::en4_A2:R;A4:R;A6:R;A7:R;A9:R;A11:R;A12:R;A14:R;A17:R;A19:S;A21:S;A23:S;A26:S;A28:R;A30:S;A33:S;A36:S;A38:S;A40:R,CHEMBL184618,4
CHEMBL184999::en0_A13:R;A14:S;A18:R;A21:S,CHEMBL184999,0
CHEMBL184999::en1_A13:S;A14:S;A18:R;A21:S,CHEMBL184999,1
CHEMBL184999::en2_A13:R;A14:R;A18:R;A21:S,CHEMBL184999,2
CHEMBL184999::en3_A13:S;A14:R;A18:R;A21:S,CHEMBL184999,3
CHEMBL184999::en4_A13:R;A14:S;A18:S;A21:S,CHEMBL184999,4
CHEMBL1852164::en0_A8:S;A10:S;A12:R,CHEMBL1852164,0
CHEMBL1852164::en1_A8:R;A10:S;A12:R,CHEMBL1852164,1
CHEMBL1852164::en2_A8:S;A10:R;A12:R,CHEMBL1852164,2
CHEMBL1852164::en3_A8:R;A10:R;A12:R,CHEMBL1852164,3
CHEMBL1852164::en4_A8:S;A10:S;A12:S,CHEMBL1852164,4
CHEMBL186113::en0_A6:S;A8:S;A18:S;A30:R;A32:S,CHEMBL186113,0
CHEMBL186113::en1_A6:R;A8:S;A18:S;A30:R;A32:S,CHEMBL186113,1
CHEMBL186113::en2_A6:S;A8:R;A18:S;A30:R;A32:S,CHEMBL186113,2
CHEMBL186113::en3_A6:R;A8:R;A18:S;A30:R;A32:S,CHEMBL186113,3
CHEMBL186113::en4_A6:S;A8:S;A18:R;A30:R;A32:S,CHEMBL186113,4
CHEMBL186141::en0_A4:S;A5:R;A9:R;A13:R;A15:R;A23:R,CHEMBL186141,0
CHEMBL186141::en1_A4:R;A5:R;A9:R;A13:R;A15:R;A23:R,CHEMBL186141,1
CHEMBL186141::en2_A4:S;A5:S;A9:R;A13:R;A15:R;A23:R,CHEMBL186141,2
CHEMBL186141::en3_A4:R;A5:S;A9:R;A13:R;A15:R;A23:R,CHEMBL186141,3
CHEMBL186141::en4_A4:S;A5:R;A9:S;A13:R;A15:R;A23:R,CHEMBL186141,4
CHEMBL1863513::en0_A7:R;A11:S;A14:R;A19:S;A21:S;A23:S;A24:S;A26:S,CHEMBL1863513,0
CHEMBL1863513::en1_A7:S;A11:S;A14:R;A19:S;A21:S;A23:S;A24:S;A26:S,CHEMBL1863513,1
CHEMBL1863513::en2_A7:R;A11:R;A14:R;A19:S;A21:S;A23:S;A24:S;A26:S,CHEMBL1863513,2
CHEMBL1863513::en3_A7:S;A11:R;A14:R;A19:S;A21:S;A23:S;A24:S;A26:S,CHEMBL1863513,3
CHEMBL1863513::en4_A7:R;A11:S;A14:S;A19:S;A21:S;A23:S;A24:S;A26:S,CHEMBL1863513,4
CHEMBL1868702::en0_A2:R;A6:R;A7:S;A20:S,CHEMBL1868702,0
CHEMBL1868702::en1_A2:S;A6:R;A7:S;A20:S,CHEMBL1868702,1
CHEMBL1868702::en2_A2:R;A6:S;A7:S;A20:S,CHEMBL1868702,2
CHEMBL1868702::en3_A2:S;A6:S;A7:S;A20:S,CHEMBL1868702,3
CHEMBL1868702::en4_A2:R;A6:R;A7:R;A20:S,CHEMBL1868702,4
CHEMBL1873035::en0_A2:S;A4:S;A6:R;A8:R;A10:S,CHEMBL1873035,0
CHEMBL1873035::en1_A2:R;A4:S;A6:R;A8:R;A10:S,CHEMBL1873035,1
CHEMBL1873035::en2_A2:S;A4:R;A6:R;A8:R;A10:S,CHEMBL1873035,2
CHEMBL1873035::en3_A2:R;A4:R;A6:R;A8:R;A10:S,CHEMBL1873035,3
CHEMBL1873035::en4_A2:S;A4:S;A6:S;A8:R;A10:S,CHEMBL1873035,4
CHEMBL1873475::en0_A8:S,CHEMBL1873475,0
CHEMBL1873475::en1_A8:R,CHEMBL1873475,1
CHEMBL1875999::en0_A1:R;A4:S;A11:R;A12:S;A15:S;A21:R,CHEMBL1875999,0
CHEMBL1875999::en1_A1:S;A4:S;A11:R;A12:S;A15:S;A21:R,CHEMBL1875999,1
CHEMBL1875999::en2_A1:R;A4:R;A11:R;A12:S;A15:S;A21:R,CHEMBL1875999,2
CHEMBL1875999::en3_A1:S;A4:R;A11:R;A12:S;A15:S;A21:R,CHEMBL1875999,3
CHEMBL1875999::en4_A1:R;A4:S;A11:S;A12:S;A15:S;A21:R,CHEMBL1875999,4
CHEMBL187829::en0_A3:R,CHEMBL187829,0
CHEMBL187829::en1_A3:S,CHEMBL187829,1
CHEMBL187927::en0_A7:R;A13:S,CHEMBL187927,0
CHEMBL187927::en1_A7:S;A13:S,CHEMBL187927,1
CHEMBL187927::en2_A7:R;A13:R,CHEMBL187927,2
CHEMBL188462::en0_A2:R,CHEMBL188462,0
CHEMBL188462::en1_A2:S,CHEMBL188462,1
CHEMBL188462::en2_A2:R,CHEMBL188462,2
CHEMBL188462::en3_A2:S,CHEMBL188462,3
CHEMBL1892145::en0_A2:S;A21:S,CHEMBL1892145,0
CHEMBL1892145::en1_A2:R;A21:S,CHEMBL1892145,1
CHEMBL1892145::en2_A2:S;A21:R,CHEMBL1892145,2
CHEMBL1892145::en3_A2:R;A21:R,CHEMBL1892145,3
CHEMBL1893554::en0_A1:S;A9:S;A12:R;A13:S;A16:R;A18:R;A21:S,CHEMBL1893554,0
CHEMBL1893554::en1_A1:R;A9:S;A12:R;A13:S;A16:R;A18:R;A21:S,CHEMBL1893554,1
CHEMBL1893554::en2_A1:S;A9:R;A12:R;A13:S;A16:R;A18:R;A21:S,CHEMBL1893554,2
CHEMBL1893554::en3_A1:R;A9:R;A12:R;A13:S;A16:R;A18:R;A21:S,CHEMBL1893554,3
CHEMBL1893554::en4_A1:S;A9:S;A12:S;A13:S;A16:R;A18:R;A21:S,CHEMBL1893554,4
CHEMBL1894187::en0_A21:S;A23:S;A26:S;A28:S,CHEMBL1894187,0
CHEMBL1894187::en1_A21:R;A23:S;A26:S;A28:S,CHEMBL1894187,1
CHEMBL1894187::en2_A21:S;A23:R;A26:S;A28:S,CHEMBL1894187,2
CHEMBL1894187::en3_A21:R;A23:R;A26:S;A28:S,CHEMBL1894187,3
CHEMBL1894187::en4_A21:S;A23:S;A26:R;A28:S,CHEMBL1894187,4
CHEMBL189475::en0_A1:S,CHEMBL189475,0
CHEMBL189475::en1_A1:R,CHEMBL189475,1
CHEMBL190083::en0_A1:S,CHEMBL190083,0
CHEMBL190083::en1_A1:R,CHEMBL190083,1
CHEMBL19019::en0_A4:R;A6:S;A15:R;A23:S,CHEMBL19019,0
CHEMBL19019::en1_A4:S;A6:S;A15:R;A23:S,CHEMBL19019,1
CHEMBL190279::en0_A3:R;A6:R;A7:S;A10:R;A12:R;A16:S;A18:R;A22:S,CHEMBL190279,0
CHEMBL190279::en1_A3:S;A6:R;A7:S;A10:R;A12:R;A16:S;A18:R;A22:S,CHEMBL190279,1
CHEMBL190279::en2_A3:R;A6:S;A7:S;A10:R;A12:R;A16:S;A18:R;A22:S,CHEMBL190279,2
CHEMBL190279::en3_A3:S;A6:S;A7:S;A10:R;A12:R;A16:S;A18:R;A22:S,CHEMBL190279,3
CHEMBL190279::en4_A3:R;A6:R;A7:R;A10:R;A12:R;A16:S;A18:R;A22:S,CHEMBL190279,4
CHEMBL190461::en0_A3:R;A9:S,CHEMBL190461,0
CHEMBL190461::en1_A3:S;A9:S,CHEMBL190461,1
CHEMBL190461::en2_A3:R;A9:R,CHEMBL190461,2
CHEMBL190461::en3_A3:S;A9:R,CHEMBL190461,3
CHEMBL1906890::en0_A2:S;A7:R;A9:R;A10:R,CHEMBL1906890,0
CHEMBL1906890::en1_A2:R;A7:R;A9:R;A10:R,CHEMBL1906890,1
CHEMBL1906890::en2_A2:S;A7:S;A9:R;A10:R,CHEMBL1906890,2
CHEMBL1908006::en0_A1:R;A11:R;A12:S;A15:R;A17:R;A20:S,CHEMBL1908006,0
CHEMBL1908006::en1_A1:S;A11:R;A12:S;A15:R;A17:R;A20:S,CHEMBL1908006,1
CHEMBL1908006::en2_A1:R;A11:S;A12:S;A15:R;A17:R;A20:S,CHEMBL1908006,2
CHEMBL1908006::en3_A1:S;A11:S;A12:S;A15:R;A17:R;A20:S,CHEMBL1908006,3
CHEMBL1908006::en4_A1:R;A11:R;A12:R;A15:R;A17:R;A20:S,CHEMBL1908006,4
CHEMBL1908048::en0_A3:R;A6:R;A7:S;A10:R;A12:R;A16:S;A18:R;A22:S,CHEMBL1908048,0
CHEMBL1908048::en1_A3:S;A6:R;A7:S;A10:R;A12:R;A16:S;A18:R;A22:S,CHEMBL1908048,1
CHEMBL1908048::en2_A3:R;A6:S;A7:S;A10:R;A12:R;A16:S;A18:R;A22:S,CHEMBL1908048,2
CHEMBL1908048::en3_A3:S;A6:S;A7:S;A10:R;A12:R;A16:S;A18:R;A22:S,CHEMBL1908048,3
CHEMBL1908048::en4_A3:R;A6:R;A7:R;A10:R;A12:R;A16:S;A18:R;A22:S,CHEMBL1908048,4
CHEMBL1908074::en0_A1:S;A4:S;A14:S;A15:S;A17:S;A19:R,CHEMBL1908074,0
CHEMBL1908074::en1_A1:R;A4:S;A14:S;A15:S;A17:S;A19:R,CHEMBL1908074,1
CHEMBL1908074::en2_A1:S;A4:R;A14:S;A15:S;A17:S;A19:R,CHEMBL1908074,2
CHEMBL1908074::en3_A1:R;A4:R;A14:S;A15:S;A17:S;A19:R,CHEMBL1908074,3
CHEMBL1908074::en4_A1:S;A4:S;A14:R;A15:S;A17:S;A19:R,CHEMBL1908074,4
CHEMBL1908305::en0_A1:S;A3:R;A13:R;A16:S;A20:R,CHEMBL1908305,0
CHEMBL1908305::en1_A1:R;A3:R;A13:R;A16:S;A20:R,CHEMBL1908305,1
CHEMBL1908305::en2_A1:S;A3:S;A13:R;A16:S;A20:R,CHEMBL1908305,2
CHEMBL1908305::en3_A1:R;A3:S;A13:R;A16:S;A20:R,CHEMBL1908305,3
CHEMBL1908305::en4_A1:S;A3:R;A13:S;A16:S;A20:R,CHEMBL1908305,4
CHEMBL1908306::en0_A13:S,CHEMBL1908306,0
CHEMBL1908306::en1_A13:R,CHEMBL1908306,1
CHEMBL1908312::en0_A7:S;A16:S;A21:S;A24:S;A25:S;A27:S;A31:S;A33:R,CHEMBL1908312,0
CHEMBL1908312::en1_A7:R;A16:S;A21:S;A24:S;A25:S;A27:S;A31:S;A33:R,CHEMBL1908312,1
CHEMBL1908312::en2_A7:S;A16:R;A21:S;A24:S;A25:S;A27:S;A31:S;A33:R,CHEMBL1908312,2
CHEMBL1908312::en3_A7:R;A16:R;A21:S;A24:S;A25:S;A27:S;A31:S;A33:R,CHEMBL1908312,3
CHEMBL1908312::en4_A7:S;A16:S;A21:R;A24:S;A25:S;A27:S;A31:S;A33:R,CHEMBL1908312,4
CHEMBL1908313::en0_A23:R;A28:R;A31:R;A33:R;A38:R;A40:S;A42:R;A44:S;A46:R,CHEMBL1908313,0
CHEMBL1908313::en1_A23:R;A28:R;A31:R;A33:R;A38:R;A40:R;A42:S;A44:R;A46:R,CHEMBL1908313,1
CHEMBL1908313::en2_A23:R;A28:R;A31:R;A33:S;A38:S;A40:S;A42:R;A44:R;A46:R,CHEMBL1908313,2
CHEMBL1908313::en3_A23:S;A28:R;A31:S;A33:S;A38:R;A40:R;A42:R;A44:R;A46:R,CHEMBL1908313,3
CHEMBL1908313::en4_A23:S;A28:R;A31:S;A33:R;A38:R;A40:S;A42:R;A44:S;A46:S,CHEMBL1908313,4
CHEMBL1908314::en0_A4:R;A12:R;A14:R;A17:R;A19:R;A20:S;A22:S;A23:R;A29:R,CHEMBL1908314,0
CHEMBL1908314::en1_A4:S;A12:R;A14:R;A17:R;A19:R;A20:S;A22:S;A23:R;A29:R,CHEMBL1908314,1
CHEMBL1908314::en2_A4:R;A12:S;A14:R;A17:R;A19:R;A20:S;A22:S;A23:R;A29:R,CHEMBL1908314,2
CHEMBL1908314::en3_A4:S;A12:S;A14:R;A17:R;A19:R;A20:S;A22:S;A23:R;A29:R,CHEMBL1908314,3
CHEMBL1908314::en4_A4:R;A12:R;A14:S;A17:R;A19:R;A20:S;A22:S;A23:R;A29:R,CHEMBL1908314,4
CHEMBL1908319::en0_A2:R;A6:R;A7:S;A20:S,CHEMBL1908319,0
CHEMBL1908319::en1_A2:S;A6:R;A7:S;A20:S,CHEMBL1908319,1
CHEMBL1908319::en2_A2:R;A6:S;A7:S;A20:S,CHEMBL1908319,2
CHEMBL1908319::en3_A2:S;A6:S;A7:S;A20:S,CHEMBL1908319,3
CHEMBL1908319::en4_A2:R;A6:R;A7:R;A20:S,CHEMBL1908319,4
CHEMBL1908321::en0_A9:S;A10:R;A14:S;A15:S;A20:R,CHEMBL1908321,0
CHEMBL1908321::en1_A9:R;A10:R;A14:S;A15:S;A20:R,CHEMBL1908321,1
CHEMBL1908321::en2_A9:S;A10:S;A14:S;A15:S;A20:R,CHEMBL1908321,2
CHEMBL1908321::en3_A9:R;A10:S;A14:S;A15:S;A20:R,CHEMBL1908321,3
CHEMBL1908321::en4_A9:S;A10:R;A14:R;A15:S;A20:R,CHEMBL1908321,4
CHEMBL1908322::en0_A3:R;A8:R;A9:S;A18:S;A20:S;A22:R;A25:S,CHEMBL1908322,0
CHEMBL1908322::en1_A3:S;A8:R;A9:S;A18:S;A20:S;A22:R;A25:S,CHEMBL1908322,1
CHEMBL1908322::en2_A3:R;A8:S;A9:S;A18:S;A20:S;A22:R;A25:S,CHEMBL1908322,2
CHEMBL1908322::en3_A3:S;A8:S;A9:S;A18:S;A20:S;A22:R;A25:S,CHEMBL1908322,3
CHEMBL1908322::en4_A3:R;A8:R;A9:R;A18:S;A20:S;A22:R;A25:S,CHEMBL1908322,4
CHEMBL1908324::en0_A2:S;A6:R;A10:R;A15:S,CHEMBL1908324,0
CHEMBL1908324::en1_A2:R;A6:R;A10:R;A15:S,CHEMBL1908324,1
CHEMBL1908324::en2_A2:S;A6:S;A10:R;A15:S,CHEMBL1908324,2
CHEMBL1908324::en3_A2:R;A6:S;A10:R;A15:S,CHEMBL1908324,3
CHEMBL1908324::en4_A2:S;A6:R;A10:S;A15:S,CHEMBL1908324,4
CHEMBL1908325::en0_A2:R;A4:R;A6:S;A11:S;A13:R;A15:R;A18:S;A20:R;A32:S;A39:R;A46:S;A48:R;A51:R;A53:R,CHEMBL1908325,0
CHEMBL1908325::en1_A2:S;A4:S;A6:S;A11:S;A13:S;A15:R;A18:S;A20:S;A32:S;A39:R;A46:S;A48:S;A51:R;A53:S,CHEMBL1908325,1
CHEMBL1908325::en2_A2:R;A4:R;A6:S;A11:R;A13:R;A15:S;A18:R;A20:S;A32:S;A39:R;A46:R;A48:S;A51:R;A53:S,CHEMBL1908325,2
CHEMBL1908325::en3_A2:R;A4:S;A6:S;A11:S;A13:S;A15:S;A18:R;A20:R;A32:R;A39:S;A46:R;A48:R;A51:S;A53:R,CHEMBL1908325,3
CHEMBL1908325::en4_A2:R;A4:R;A6:S;A11:R;A13:R;A15:S;A18:S;A20:S;A32:S;A39:R;A46:S;A48:R;A51:S;A53:S,CHEMBL1908325,4
CHEMBL1908326::en0_A1:S,CHEMBL1908326,0
CHEMBL1908326::en1_A1:R,CHEMBL1908326,1
CHEMBL1908331::en0_A24:S;A30:S;A34:S;A39:S;A42:S;A43:S;A45:S;A49:S;A51:R,CHEMBL1908331,0
CHEMBL1908331::en1_A24:R;A30:S;A34:S;A39:S;A42:S;A43:S;A45:S;A49:S;A51:R,CHEMBL1908331,1
CHEMBL1908331::en2_A24:S;A30:R;A34:S;A39:S;A42:S;A43:S;A45:S;A49:S;A51:R,CHEMBL1908331,2
CHEMBL1908331::en3_A24:R;A30:R;A34:S;A39:S;A42:S;A43:S;A45:S;A49:S;A51:R,CHEMBL1908331,3
CHEMBL1908331::en4_A24:S;A30:S;A34:R;A39:S;A42:S;A43:S;A45:S;A49:S;A51:R,CHEMBL1908331,4
CHEMBL1908332::en0_A9:R;A12:R;A13:S;A16:S;A23:R;A25:R;A28:S,CHEMBL1908332,0
CHEMBL1908332::en1_A9:S;A12:R;A13:S;A16:S;A23:R;A25:R;A28:S,CHEMBL1908332,1
CHEMBL1908332::en2_A9:R;A12:S;A13:S;A16:S;A23:R;A25:R;A28:S,CHEMBL1908332,2
CHEMBL1908332::en3_A9:S;A12:S;A13:S;A16:S;A23:R;A25:R;A28:S,CHEMBL1908332,3
CHEMBL1908332::en4_A9:R;A12:R;A13:R;A16:S;A23:R;A25:R;A28:S,CHEMBL1908332,4
CHEMBL1908333::en0_A2:R;A7:R;A9:S;A11:R;A13:S;A15:S;A17:S;A19:S;A23:S;A25:S;A30:S;A33:R;A37:S;A46:S;A49:R;A51:S;A53:S;A55:R;A58:S,CHEMBL1908333,0
CHEMBL1908333::en1_A2:S;A7:S;A9:R;A11:R;A13:R;A15:R;A17:R;A19:S;A23:S;A25:S;A30:S;A33:S;A37:S;A46:R;A49:R;A51:S;A53:R;A55:R;A58:R,CHEMBL1908333,1
CHEMBL1908333::en2_A2:R;A7:R;A9:R;A11:S;A13:S;A15:R;A17:R;A19:S;A23:R;A25:S;A30:S;A33:R;A37:R;A46:S;A49:R;A51:S;A53:R;A55:R;A58:R,CHEMBL1908333,2
CHEMBL1908333::en3_A2:S;A7:S;A9:S;A11:R;A13:R;A15:S;A17:S;A19:R;A23:R;A25:R;A30:S;A33:S;A37:R;A46:R;A49:S;A51:R;A53:S;A55:R;A58:R,CHEMBL1908333,3
CHEMBL1908333::en4_A2:R;A7:S;A9:R;A11:S;A13:R;A15:R;A17:R;A19:R;A23:R;A25:R;A30:S;A33:R;A37:S;A46:S;A49:R;A51:S;A53:R;A55:S;A58:S,CHEMBL1908333,4
CHEMBL1908336::en0_A5:R;A10:R;A17:R;A19:R;A22:S;A26:S;A28:R;A30:S;A32:S;A34:R;A36:R;A39:R;A45:S;A48:S;A52:R;A54:R,CHEMBL1908336,0
CHEMBL1908336::en1_A5:R;A10:R;A17:R;A19:R;A22:R;A26:S;A28:R;A30:S;A32:S;A34:R;A36:R;A39:R;A45:S;A48:S;A52:R;A54:R,CHEMBL1908336,1
CHEMBL1908336::en2_A5:R;A10:S;A17:R;A19:S;A22:R;A26:R;A28:S;A30:S;A32:R;A34:S;A36:S;A39:R;A45:S;A48:S;A52:S;A54:S,CHEMBL1908336,2
CHEMBL1908336::en3_A5:S;A10:R;A17:R;A19:S;A22:S;A26:S;A28:S;A30:S;A32:S;A34:R;A36:S;A39:R;A45:S;A48:R;A52:R;A54:R,CHEMBL1908336,3
CHEMBL1908336::en4_A5:S;A10:S;A17:R;A19:R;A22:S;A26:R;A28:R;A30:R;A32:S;A34:R;A36:R;A39:R;A45:S;A48:S;A52:R;A54:S,CHEMBL1908336,4
CHEMBL1908350::en0_A6:R;A7:S;A10:S;A12:S;A13:S;A17:R;A19:R;A21:S;A22:R;A27:R;A29:S;A36:R;A42:R;A44:R;A48:R;A51:S,CHEMBL1908350,0
CHEMBL1908350::en1_A6:S;A7:R;A10:R;A12:S;A13:S;A17:S;A19:S;A21:S;A22:R;A27:R;A29:R;A36:R;A42:R;A44:S;A48:R;A51:R,CHEMBL1908350,1
CHEMBL1908350::en2_A6:R;A7:R;A10:S;A12:S;A13:S;A17:S;A19:S;A21:S;A22:S;A27:S;A29:R;A36:R;A42:R;A44:R;A48:R;A51:S,CHEMBL1908350,2
CHEMBL1908350::en3_A6:R;A7:R;A10:S;A12:R;A13:R;A17:S;A19:R;A21:S;A22:R;A27:R;A29:S;A36:R;A42:S;A44:S;A48:S;A51:R,CHEMBL1908350,3
CHEMBL1908350::en4_A6:R;A7:R;A10:S;A12:S;A13:R;A17:R;A19:S;A21:R;A22:R;A27:R;A29:R;A36:R;A42:S;A44:S;A48:S;A51:S,CHEMBL1908350,4
CHEMBL1908354::en0_A15:S;A19:R;A27:S,CHEMBL1908354,0
CHEMBL1908354::en1_A15:R;A19:R;A27:S,CHEMBL1908354,1
CHEMBL1908354::en2_A15:S;A19:S;A27:S,CHEMBL1908354,2
CHEMBL1908354::en3_A15:R;A19:S;A27:S,CHEMBL1908354,3
CHEMBL1908354::en4_A15:S;A19:R;A27:R,CHEMBL1908354,4
CHEMBL1908360::en0_A2:R;A4:S;A7:S;A9:R;A21:S;A25:S;A26:R;A29:S;A32:R;A37:S;A44:R;A49:S;A51:S;A56:R;A59:S,CHEMBL1908360,0
CHEMBL1908360::en1_A2:S;A4:S;A7:S;A9:R;A21:R;A25:S;A26:S;A29:R;A32:R;A37:S;A44:S;A49:R;A51:R;A56:S;A59:S,CHEMBL1908360,1
CHEMBL1908360::en2_A2:R;A4:S;A7:R;A9:S;A21:R;A25:R;A26:S;A29:R;A32:S;A37:S;A44:S;A49:R;A51:R;A56:R;A59:R,CHEMBL1908360,2
CHEMBL1908360::en3_A2:S;A4:S;A7:S;A9:S;A21:S;A25:S;A26:R;A29:S;A32:S;A37:S;A44:R;A49:S;A51:S;A56:S;A59:R,CHEMBL1908360,3
CHEMBL1908360::en4_A2:S;A4:R;A7:R;A9:R;A21:R;A25:R;A26:S;A29:S;A32:S;A37:S;A44:S;A49:S;A51:S;A56:R;A59:S,CHEMBL1908360,4
CHEMBL1908363::en0_A2:R;A6:R;A7:R;A10:R;A22:S;A24:R;A27:S,CHEMBL1908363,0
CHEMBL1908363::en1_A2:S;A6:R;A7:R;A10:R;A22:S;A24:R;A27:S,CHEMBL1908363,1
CHEMBL1908363::en2_A2:R;A6:S;A7:R;A10:R;A22:S;A24:R;A27:S,CHEMBL1908363,2
CHEMBL1908363::en3_A2:S;A6:S;A7:R;A10:R;A22:S;A24:R;A27:S,CHEMBL1908363,3
CHEMBL1908363::en4_A2:R;A6:R;A7:S;A10:R;A22:S;A24:R;A27:S,CHEMBL1908363,4
CHEMBL1908364::en0_A4:R,CHEMBL1908364,0
CHEMBL1908364::en1_A4:S,CHEMBL1908364,1
CHEMBL1908370::en0_A6:S;A11:R,CHEMBL1908370,0
CHEMBL1908370::en1_A6:R;A11:R,CHEMBL1908370,1
CHEMBL1908370::en2_A6:S;A11:S,CHEMBL1908370,2
CHEMBL1908370::en3_A6:R;A11:S,CHEMBL1908370,3
CHEMBL1908372::en0_A9:S;A13:S;A34:R;A35:S,CHEMBL1908372,0
CHEMBL1908372::en1_A9:R;A13:S;A34:R;A35:S,CHEMBL1908372,1
CHEMBL1908372::en2_A9:S;A13:R;A34:R;A35:S,CHEMBL1908372,2
CHEMBL1908372::en3_A9:R;A13:R;A34:R;A35:S,CHEMBL1908372,3
CHEMBL1908372::en4_A9:S;A13:S;A34:S;A35:S,CHEMBL1908372,4
CHEMBL1908373::en0_A7:S;A9:R;A11:R;A14:S;A20:S,CHEMBL1908373,0
CHEMBL1908373::en1_A7:R;A9:R;A11:R;A14:S;A20:S,CHEMBL1908373,1
CHEMBL1908373::en2_A7:R;A9:S;A11:R;A14:S;A20:R,CHEMBL1908373,2
CHEMBL1908373::en3_A7:R;A9:S;A11:R;A14:S;A20:S,CHEMBL1908373,3
CHEMBL1908373::en4_A7:S;A9:R;A11:S;A14:S;A20:S,CHEMBL1908373,4
CHEMBL1908394::en0_A1:S,CHEMBL1908394,0
CHEMBL1908394::en1_A1:R,CHEMBL1908394,1
CHEMBL1908847::en0_A5:R;A7:R;A14:R;A15:S,CHEMBL1908847,0
CHEMBL1908847::en1_A5:S;A7:S;A14:R;A15:S,CHEMBL1908847,1
CHEMBL1908847::en2_A5:S;A7:R;A14:S;A15:S,CHEMBL1908847,2
CHEMBL1908892::en0_A1:R,CHEMBL1908892,0
CHEMBL1908892::en1_A1:S,CHEMBL1908892,1
CHEMBL1908917::en0_A1:S;A6:S,CHEMBL1908917,0
CHEMBL1908917::en1_A1:R;A6:R,CHEMBL1908917,1
CHEMBL1909065::en0_A2:R;A3:S;A6:S;A8:S;A15:S;A16:S;A18:R;A20:S;A23:S;A25:S;A28:S;A30:R;A32:R;A33:R;A35:S;A38:S;A41:R;A44:R;A46:S;A48:S;A51:R;A54:R;A60:R;A62:S,CHEMBL1909065,0
CHEMBL1909065::en1_A2:S;A3:R;A6:S;A8:R;A15:S;A16:R;A18:R;A20:R;A23:R;A25:S;A28:R;A30:R;A32:R;A33:S;A35:R;A38:R;A41:S;A44:S;A46:S;A48:S;A51:S;A54:S;A60:R;A62:S,CHEMBL1909065,1
CHEMBL1909065::en2_A2:S;A3:S;A6:S;A8:R;A15:R;A16:R;A18:R;A20:R;A23:S;A25:S;A28:R;A30:S;A32:S;A33:S;A35:S;A38:R;A41:S;A44:S;A46:R;A48:R;A51:R;A54:R;A60:S;A62:S,CHEMBL1909065,2
CHEMBL1909065::en3_A2:R;A3:S;A6:R;A8:R;A15:R;A16:S;A18:R;A20:R;A23:R;A25:S;A28:R;A30:S;A32:S;A33:R;A35:S;A38:R;A41:S;A44:S;A46:S;A48:R;A51:R;A54:S;A60:S;A62:S,CHEMBL1909065,3
CHEMBL1909065::en4_A2:S;A3:S;A6:S;A8:S;A15:S;A16:R;A18:R;A20:S;A23:R;A25:R;A28:R;A30:R;A32:S;A33:S;A35:S;A38:R;A41:R;A44:R;A46:R;A48:R;A51:S;A54:S;A60:R;A62:R,CHEMBL1909065,4
CHEMBL1909452::en0_A2:R;A3:S;A5:S;A7:S;A10:R;A12:R;A14:S;A17:R;A19:R;A21:S;A23:S;A24:S;A26:R;A28:R;A31:S;A34:R;A35:S,CHEMBL1909452,0
CHEMBL1909452::en1_A2:S;A3:R;A5:R;A7:R;A10:S;A12:S;A14:S;A17:R;A19:S;A21:S;A23:R;A24:R;A26:R;A28:R;A31:S;A34:R;A35:S,CHEMBL1909452,1
CHEMBL1909452::en2_A2:R;A3:R;A5:R;A7:R;A10:R;A12:S;A14:S;A17:S;A19:S;A21:R;A23:R;A24:S;A26:S;A28:R;A31:S;A34:R;A35:R,CHEMBL1909452,2
CHEMBL1909452::en3_A2:R;A3:S;A5:R;A7:S;A10:R;A12:S;A14:R;A17:S;A19:S;A21:S;A23:S;A24:S;A26:S;A28:S;A31:S;A34:R;A35:S,CHEMBL1909452,3
CHEMBL1909452::en4_A2:R;A3:R;A5:R;A7:R;A10:S;A12:S;A14:S;A17:S;A19:R;A21:S;A23:R;A24:R;A26:R;A28:R;A31:S;A34:S;A35:S,CHEMBL1909452,4
CHEMBL1911274::en0_A23:S,CHEMBL1911274,0
CHEMBL1911274::en1_A23:R,CHEMBL1911274,1
CHEMBL191413::en0_A8:S,CHEMBL191413,0
CHEMBL191413::en1_A8:R,CHEMBL191413,1
CHEMBL191482::en0_A3:S,CHEMBL191482,0
CHEMBL191482::en1_A3:R,CHEMBL191482,1
CHEMBL1915540::en0_A2:R,CHEMBL1915540,0
CHEMBL1915540::en1_A2:S,CHEMBL1915540,1
CHEMBL19215::en0_A3:S;A17:R;A29:S,CHEMBL19215,0
CHEMBL19215::en1_A3:R;A17:R;A29:S,CHEMBL19215,1
CHEMBL19215::en2_A3:S;A17:S;A29:S,CHEMBL19215,2
CHEMBL19215::en3_A3:R;A17:S;A29:S,CHEMBL19215,3
CHEMBL19215::en4_A3:S;A17:R;A29:R,CHEMBL19215,4
CHEMBL1921847::en0_A7:S,CHEMBL1921847,0
CHEMBL1921847::en1_A7:R,CHEMBL1921847,1
CHEMBL1921976::en0_A10:R,CHEMBL1921976,0
CHEMBL1921976::en1_A10:S,CHEMBL1921976,1
CHEMBL1923234::en0_A1:S,CHEMBL1923234,0
CHEMBL1923234::en1_A1:R,CHEMBL1923234,1
CHEMBL1923234::en2_A1:S,CHEMBL1923234,2
CHEMBL1923234::en3_A1:R,CHEMBL1923234,3
CHEMBL1927030::en0_A2:R,CHEMBL1927030,0
CHEMBL1927030::en1_A2:S,CHEMBL1927030,1
CHEMBL1929396::en0_A22:R,CHEMBL1929396,0
CHEMBL1929396::en1_A22:S,CHEMBL1929396,1
CHEMBL1933349::en0_A21:R,CHEMBL1933349,0
CHEMBL1933349::en1_A21:S,CHEMBL1933349,1
CHEMBL1933350::en0_A3:S;A18:R,CHEMBL1933350,0
CHEMBL1933350::en1_A3:R;A18:R,CHEMBL1933350,1
CHEMBL1933350::en2_A3:S;A18:S,CHEMBL1933350,2
CHEMBL1933350::en3_A3:R;A18:S,CHEMBL1933350,3
CHEMBL193482::en0_A1:S;A4:S;A14:S;A15:S;A17:S;A19:R,CHEMBL193482,0
CHEMBL193482::en1_A1:R;A4:S;A14:S;A15:S;A17:S;A19:R,CHEMBL193482,1
CHEMBL193482::en2_A1:S;A4:R;A14:S;A15:S;A17:S;A19:R,CHEMBL193482,2
CHEMBL193482::en3_A1:R;A4:R;A14:S;A15:S;A17:S;A19:R,CHEMBL193482,3
CHEMBL193482::en4_A1:S;A4:S;A14:R;A15:S;A17:S;A19:R,CHEMBL193482,4
CHEMBL19393::en0_A1:S,CHEMBL19393,0
CHEMBL19393::en1_A1:R,CHEMBL19393,1
CHEMBL1945778::en0_A4:R;A5:R;A14:R;A17:S,CHEMBL1945778,0
CHEMBL1946186::en0_A2:S;A5:R;A7:R,CHEMBL1946186,0
CHEMBL1946186::en1_A2:R;A5:S;A7:S,CHEMBL1946186,1
CHEMBL1949708::en0_A7:R;A20:R,CHEMBL1949708,0
CHEMBL1949708::en1_A7:S;A20:R,CHEMBL1949708,1
CHEMBL1949708::en2_A7:S;A20:S,CHEMBL1949708,2
CHEMBL1950289::en0_A1:S;A4:S;A23:R,CHEMBL1950289,0
CHEMBL1950289::en1_A1:R;A4:R;A23:R,CHEMBL1950289,1
CHEMBL1950289::en2_A1:R;A4:S;A23:S,CHEMBL1950289,2
CHEMBL1950289::en3_A1:S;A4:R;A23:S,CHEMBL1950289,3
CHEMBL1950554::en0_A19:R;A21:R;A24:R;A26:S,CHEMBL1950554,0
CHEMBL1950554::en1_A19:S;A21:R;A24:R;A26:S,CHEMBL1950554,1
CHEMBL1950554::en2_A19:R;A21:S;A24:R;A26:S,CHEMBL1950554,2
CHEMBL1950554::en3_A19:S;A21:S;A24:R;A26:S,CHEMBL1950554,3
CHEMBL1950554::en4_A19:R;A21:R;A24:S;A26:S,CHEMBL1950554,4
CHEMBL1950576::en0_A2:S;A3:R;A5:S;A6:R;A8:R;A9:S;A11:S;A13:R;A18:S;A20:S;A26:S;A28:R;A33:S;A36:S;A38:S,CHEMBL1950576,0
CHEMBL1950576::en1_A2:R;A3:R;A5:S;A6:S;A8:R;A9:R;A11:S;A13:R;A18:S;A20:R;A26:R;A28:S;A33:R;A36:S;A38:R,CHEMBL1950576,1
CHEMBL1950576::en2_A2:R;A3:R;A5:S;A6:R;A8:S;A9:R;A11:S;A13:R;A18:S;A20:S;A26:R;A28:S;A33:S;A36:R;A38:R,CHEMBL1950576,2
CHEMBL1950576::en3_A2:S;A3:R;A5:R;A6:S;A8:R;A9:S;A11:R;A13:R;A18:S;A20:R;A26:R;A28:S;A33:R;A36:S;A38:S,CHEMBL1950576,3
CHEMBL1950576::en4_A2:R;A3:R;A5:R;A6:S;A8:S;A9:S;A11:R;A13:S;A18:S;A20:S;A26:R;A28:S;A33:S;A36:R;A38:S,CHEMBL1950576,4
CHEMBL1950649::en0_A5:R;A7:S;A19:S;A22:R;A31:R;A33:S,CHEMBL1950649,0
CHEMBL1950649::en1_A5:S;A7:S;A19:S;A22:R;A31:R;A33:S,CHEMBL1950649,1
CHEMBL1950649::en2_A5:R;A7:R;A19:S;A22:S;A31:R;A33:S,CHEMBL1950649,2
CHEMBL1950649::en3_A5:S;A7:R;A19:S;A22:S;A31:R;A33:S,CHEMBL1950649,3
CHEMBL1950649::en4_A5:R;A7:S;A19:R;A22:S;A31:R;A33:S,CHEMBL1950649,4
CHEMBL1950651::en0_A19:R;A21:S;A28:R;A30:S,CHEMBL1950651,0
CHEMBL1950651::en1_A19:S;A21:S;A28:R;A30:S,CHEMBL1950651,1
CHEMBL1950651::en2_A19:R;A21:R;A28:R;A30:S,CHEMBL1950651,2
CHEMBL1950651::en3_A19:S;A21:R;A28:R;A30:S,CHEMBL1950651,3
CHEMBL1950651::en4_A19:R;A21:S;A28:S;A30:S,CHEMBL1950651,4
CHEMBL1951095::en0_A3:S;A12:R;A37:S;A39:R,CHEMBL1951095,0
CHEMBL1951095::en1_A3:R;A12:R;A37:S;A39:R,CHEMBL1951095,1
CHEMBL1951095::en2_A3:S;A12:S;A37:S;A39:R,CHEMBL1951095,2
CHEMBL1951095::en3_A3:R;A12:S;A37:S;A39:R,CHEMBL1951095,3
CHEMBL1951095::en4_A3:S;A12:R;A37:R;A39:R,CHEMBL1951095,4
CHEMBL1951706::en0_A4:R;A13:S;A14:R;A18:R;A20:S,CHEMBL1951706,0
CHEMBL1951706::en1_A4:R;A13:R;A14:R;A18:R;A20:S,CHEMBL1951706,1
CHEMBL1956820::en0_A8:R;A10:R;A14:S;A15:R;A28:S;A36:S,CHEMBL1956820,0
CHEMBL1956820::en1_A8:S;A10:R;A14:S;A15:R;A28:S;A36:S,CHEMBL1956820,1
CHEMBL1956820::en2_A8:R;A10:S;A14:S;A15:R;A28:S;A36:S,CHEMBL1956820,2
CHEMBL1956820::en3_A8:S;A10:S;A14:S;A15:R;A28:S;A36:S,CHEMBL1956820,3
CHEMBL1956820::en4_A8:R;A10:R;A14:R;A15:R;A28:S;A36:S,CHEMBL1956820,4
CHEMBL195923::en0_A2:S;A4:S;A6:R;A8:R;A10:S,CHEMBL195923,0
CHEMBL195923::en1_A2:R;A4:S;A6:R;A8:R;A10:S,CHEMBL195923,1
CHEMBL195923::en2_A2:S;A4:R;A6:R;A8:R;A10:S,CHEMBL195923,2
CHEMBL195923::en3_A2:R;A4:R;A6:R;A8:R;A10:S,CHEMBL195923,3
CHEMBL195923::en4_A2:S;A4:S;A6:S;A8:R;A10:S,CHEMBL195923,4
CHEMBL196003::en0_A4:R;A8:R;A9:S;A22:S,CHEMBL196003,0
CHEMBL196003::en1_A4:S;A8:R;A9:S;A22:S,CHEMBL196003,1
CHEMBL196003::en2_A4:R;A8:S;A9:S;A22:S,CHEMBL196003,2
CHEMBL196003::en3_A4:S;A8:S;A9:S;A22:S,CHEMBL196003,3
CHEMBL196003::en4_A4:R;A8:R;A9:R;A22:S,CHEMBL196003,4
CHEMBL1963502::en0_A1:S,CHEMBL1963502,0
CHEMBL1963502::en1_A1:R,CHEMBL1963502,1
CHEMBL1963681::en0_A15:R,CHEMBL1963681,0
CHEMBL1963681::en1_A15:S,CHEMBL1963681,1
CHEMBL1963683::en0_A12:R;A13:S;A27:R;A30:S,CHEMBL1963683,0
CHEMBL1963683::en1_A12:S;A13:S;A27:R;A30:S,CHEMBL1963683,1
CHEMBL1963683::en2_A12:R;A13:R;A27:R;A30:S,CHEMBL1963683,2
CHEMBL1963683::en3_A12:S;A13:R;A27:R;A30:S,CHEMBL1963683,3
CHEMBL1963683::en4_A12:R;A13:S;A27:S;A30:S,CHEMBL1963683,4
CHEMBL197::en0_A13:R,CHEMBL197,0
CHEMBL197::en1_A13:S,CHEMBL197,1
CHEMBL197084::en0_A1:R;A5:R,CHEMBL197084,0
CHEMBL197084::en1_A1:S;A5:R,CHEMBL197084,1
CHEMBL197084::en2_A1:R;A5:S,CHEMBL197084,2
CHEMBL197084::en3_A1:S;A5:S,CHEMBL197084,3
CHEMBL1975551::en0_A4:R;A7:R;A9:S;A15:R;A20:R;A23:S;A28:S;A29:R;A39:R;A42:S;A46:R;A48:R,CHEMBL1975551,0
CHEMBL1975551::en1_A4:R;A7:S;A9:S;A15:S;A20:R;A23:R;A28:S;A29:R;A39:S;A42:S;A46:S;A48:R,CHEMBL1975551,1
CHEMBL1975551::en2_A4:R;A7:R;A9:S;A15:S;A20:R;A23:R;A28:R;A29:R;A39:S;A42:R;A46:S;A48:S,CHEMBL1975551,2
CHEMBL1975551::en3_A4:R;A7:S;A9:R;A15:S;A20:R;A23:S;A28:S;A29:S;A39:S;A42:R;A46:S;A48:R,CHEMBL1975551,3
CHEMBL1975551::en4_A4:R;A7:R;A9:R;A15:S;A20:S;A23:R;A28:R;A29:S;A39:R;A42:S;A46:R;A48:S,CHEMBL1975551,4
CHEMBL197672::en0_A1:S;A21:R,CHEMBL197672,0
CHEMBL197672::en1_A1:R;A21:R,CHEMBL197672,1
CHEMBL197672::en2_A1:S;A21:S,CHEMBL197672,2
CHEMBL197672::en3_A1:R;A21:S,CHEMBL197672,3
CHEMBL197676::en0_A10:R,CHEMBL197676,0
CHEMBL197676::en1_A10:S,CHEMBL197676,1
CHEMBL1980825::en0_A4:S,CHEMBL1980825,0
CHEMBL1980825::en1_A4:R,CHEMBL1980825,1
CHEMBL198362::en0_A4:R,CHEMBL198362,0
CHEMBL198362::en1_A4:S,CHEMBL198362,1
CHEMBL198877::en0_A5:R,CHEMBL198877,0
CHEMBL198877::en1_A5:S,CHEMBL198877,1
CHEMBL2007884::en0_A18:R,CHEMBL2007884,0
CHEMBL2007884::en1_A18:S,CHEMBL2007884,1
CHEMBL2008915::en0_A3:S;A25:R;A39:R;A42:R;A44:R,CHEMBL2008915,0
CHEMBL2008915::en1_A3:R;A25:R;A39:R;A42:R;A44:R,CHEMBL2008915,1
CHEMBL2008915::en2_A3:S;A25:S;A39:R;A42:R;A44:R,CHEMBL2008915,2
CHEMBL2008915::en3_A3:R;A25:S;A39:R;A42:R;A44:R,CHEMBL2008915,3
CHEMBL2008915::en4_A3:S;A25:R;A39:S;A42:R;A44:R,CHEMBL2008915,4
CHEMBL2012520::en0_A22:S,CHEMBL2012520,0
CHEMBL2012520::en1_A22:R,CHEMBL2012520,1
CHEMBL2016757::en0_A2:S;A14:R;A17:R;A19:S,CHEMBL2016757,0
CHEMBL2016757::en1_A2:R;A14:R;A17:R;A19:S,CHEMBL2016757,1
CHEMBL2016757::en2_A2:S;A14:S;A17:R;A19:S,CHEMBL2016757,2
CHEMBL2016757::en3_A2:R;A14:S;A17:R;A19:S,CHEMBL2016757,3
CHEMBL2016757::en4_A2:S;A14:R;A17:S;A19:S,CHEMBL2016757,4
CHEMBL2016761::en0_A2:S;A14:R;A17:S;A21:R;A29:R;A31:S,CHEMBL2016761,0
CHEMBL2016761::en1_A2:R;A14:R;A17:S;A21:R;A29:R;A31:S,CHEMBL2016761,1
CHEMBL2016761::en2_A2:S;A14:S;A17:S;A21:R;A29:R;A31:S,CHEMBL2016761,2
CHEMBL2016761::en3_A2:R;A14:S;A17:S;A21:R;A29:R;A31:S,CHEMBL2016761,3
CHEMBL2016761::en4_A2:S;A14:R;A17:R;A21:R;A29:R;A31:S,CHEMBL2016761,4
CHEMBL2017179::en0_A8:R;A36:S;A39:S,CHEMBL2017179,0
CHEMBL2017179::en1_A8:S;A36:S;A39:R,CHEMBL2017179,1
CHEMBL2017179::en2_A8:R;A36:R;A39:R,CHEMBL2017179,2
CHEMBL2017179::en3_A8:S;A36:R;A39:S,CHEMBL2017179,3
CHEMBL2018096::en0_A2:S;A4:R;A22:R;A24:S;A26:S,CHEMBL2018096,0
CHEMBL2018096::en1_A2:R;A4:R;A22:R;A24:S;A26:S,CHEMBL2018096,1
CHEMBL2018096::en2_A2:S;A4:S;A22:R;A24:S;A26:S,CHEMBL2018096,2
CHEMBL2018096::en3_A2:R;A4:S;A22:R;A24:S;A26:S,CHEMBL2018096,3
CHEMBL2018096::en4_A2:S;A4:R;A22:S;A24:S;A26:S,CHEMBL2018096,4
CHEMBL20210::en0_A7:S;A9:S;A18:S;A22:R,CHEMBL20210,0
CHEMBL20210::en1_A7:R;A9:S;A18:S;A22:R,CHEMBL20210,1
CHEMBL20210::en2_A7:S;A9:R;A18:S;A22:R,CHEMBL20210,2
CHEMBL20210::en3_A7:R;A9:R;A18:S;A22:R,CHEMBL20210,3
CHEMBL20210::en4_A7:S;A9:S;A18:R;A22:R,CHEMBL20210,4
CHEMBL2023705::en0_A4:R;A5:R;A12:S;A20:R,CHEMBL2023705,0
CHEMBL2023705::en1_A4:S;A5:R;A12:S;A20:R,CHEMBL2023705,1
CHEMBL2023705::en2_A4:R;A5:S;A12:S;A20:R,CHEMBL2023705,2
CHEMBL2023705::en3_A4:S;A5:S;A12:S;A20:R,CHEMBL2023705,3
CHEMBL2023705::en4_A4:R;A5:R;A12:R;A20:R,CHEMBL2023705,4
CHEMBL2023898::en0_A5:S;A12:R;A29:S;A36:R,CHEMBL2023898,0
CHEMBL2023898::en1_A5:R;A12:R;A29:S;A36:R,CHEMBL2023898,1
CHEMBL2023898::en2_A5:S;A12:S;A29:S;A36:R,CHEMBL2023898,2
CHEMBL2023898::en3_A5:R;A12:S;A29:S;A36:R,CHEMBL2023898,3
CHEMBL2023898::en4_A5:S;A12:R;A29:R;A36:R,CHEMBL2023898,4
CHEMBL2028019::en0_A6:S;A9:S,CHEMBL2028019,0
CHEMBL2028019::en1_A6:R;A9:R,CHEMBL2028019,1
CHEMBL2028665::en0_A7:S;A9:R;A31:R;A33:R;A35:S,CHEMBL2028665,0
CHEMBL2028665::en1_A7:R;A9:R;A31:R;A33:R;A35:S,CHEMBL2028665,1
CHEMBL2028665::en2_A7:S;A9:S;A31:R;A33:R;A35:S,CHEMBL2028665,2
CHEMBL2028665::en3_A7:R;A9:S;A31:R;A33:R;A35:S,CHEMBL2028665,3
CHEMBL2028665::en4_A7:S;A9:R;A31:S;A33:R;A35:S,CHEMBL2028665,4
CHEMBL203321::en0_A21:R;A26:S,CHEMBL203321,0
CHEMBL203321::en1_A21:S;A26:S,CHEMBL203321,1
CHEMBL203321::en2_A21:R;A26:R,CHEMBL203321,2
CHEMBL203321::en3_A21:S;A26:R,CHEMBL203321,3
CHEMBL203567::en0_A12:R,CHEMBL203567,0
CHEMBL203567::en1_A12:S,CHEMBL203567,1
CHEMBL203665::en0_A4:S;A20:R;A23:S,CHEMBL203665,0
CHEMBL203665::en1_A4:R;A20:R;A23:S,CHEMBL203665,1
CHEMBL203665::en2_A4:S;A20:S;A23:S,CHEMBL203665,2
CHEMBL203665::en3_A4:R;A20:S;A23:S,CHEMBL203665,3
CHEMBL203665::en4_A4:S;A20:R;A23:R,CHEMBL203665,4
CHEMBL2037511::en0_A2:S;A4:R;A8:R;A21:S,CHEMBL2037511,0
CHEMBL2037511::en1_A2:R;A4:R;A8:R;A21:S,CHEMBL2037511,1
CHEMBL2037511::en2_A2:S;A4:S;A8:R;A21:S,CHEMBL2037511,2
CHEMBL2037511::en3_A2:R;A4:S;A8:R;A21:S,CHEMBL2037511,3
CHEMBL2037511::en4_A2:S;A4:R;A8:S;A21:S,CHEMBL2037511,4
CHEMBL2040682::en0_A9:R;A11:R;A19:R;A21:R;A22:S;A31:R;A33:R;A34:R;A37:R,CHEMBL2040682,0
CHEMBL2040682::en1_A9:S;A11:R;A19:R;A21:R;A22:S;A31:R;A33:R;A34:R;A37:R,CHEMBL2040682,1
CHEMBL2040682::en2_A9:R;A11:S;A19:R;A21:R;A22:S;A31:R;A33:R;A34:R;A37:R,CHEMBL2040682,2
CHEMBL2040682::en3_A9:S;A11:S;A19:R;A21:R;A22:S;A31:R;A33:R;A34:R;A37:R,CHEMBL2040682,3
CHEMBL2040682::en4_A9:R;A11:R;A19:S;A21:R;A22:S;A31:R;A33:R;A34:R;A37:R,CHEMBL2040682,4
CHEMBL2043437::en0_A4:S;A18:R,CHEMBL2043437,0
CHEMBL2043437::en1_A4:R;A18:R,CHEMBL2043437,1
CHEMBL2043437::en2_A4:S;A18:S,CHEMBL2043437,2
CHEMBL2043437::en3_A4:R;A18:S,CHEMBL2043437,3
CHEMBL204656::en0_A25:S,CHEMBL204656,0
CHEMBL204656::en1_A25:R,CHEMBL204656,1
CHEMBL2048028::en0_A10:S,CHEMBL2048028,0
CHEMBL2048028::en1_A10:R,CHEMBL2048028,1
CHEMBL2048484::en0_A5:S;A7:R;A10:R;A12:R;A14:S,CHEMBL2048484,0
CHEMBL2048484::en1_A5:R;A7:R;A10:R;A12:R;A14:S,CHEMBL2048484,1
CHEMBL2048484::en2_A5:S;A7:S;A10:R;A12:R;A14:S,CHEMBL2048484,2
CHEMBL2048484::en3_A5:R;A7:S;A10:R;A12:R;A14:S,CHEMBL2048484,3
CHEMBL2048484::en4_A5:S;A7:R;A10:S;A12:R;A14:S,CHEMBL2048484,4
CHEMBL2051955::en0_A1:R,CHEMBL2051955,0
CHEMBL2051955::en1_A1:S,CHEMBL2051955,1
CHEMBL2051959::en0_A5:S,CHEMBL2051959,0
CHEMBL2051959::en1_A5:R,CHEMBL2051959,1
CHEMBL2051970::en0_A1:S,CHEMBL2051970,0
CHEMBL2051970::en1_A1:R,CHEMBL2051970,1
CHEMBL205596::en0_A1:S;A7:S;A10:S;A11:R;A12:R;A15:R;A17:S;A21:S;A23:S;A25:S;A27:R,CHEMBL205596,0
CHEMBL205596::en1_A1:R;A7:R;A10:R;A11:S;A12:S;A15:R;A17:S;A21:R;A23:S;A25:R;A27:R,CHEMBL205596,1
CHEMBL205596::en2_A1:R;A7:S;A10:S;A11:R;A12:R;A15:S;A17:S;A21:S;A23:R;A25:R;A27:S,CHEMBL205596,2
CHEMBL205596::en3_A1:R;A7:R;A10:S;A11:S;A12:R;A15:S;A17:S;A21:R;A23:S;A25:S;A27:S,CHEMBL205596,3
CHEMBL205596::en4_A1:S;A7:R;A10:R;A11:S;A12:S;A15:S;A17:R;A21:S;A23:R;A25:S;A27:R,CHEMBL205596,4
CHEMBL2057236::en0_A3:S;A12:R;A26:S;A37:S;A39:R,CHEMBL2057236,0
CHEMBL2057236::en1_A3:R;A12:R;A26:S;A37:S;A39:R,CHEMBL2057236,1
CHEMBL2057236::en2_A3:S;A12:S;A26:S;A37:S;A39:R,CHEMBL2057236,2
CHEMBL2057236::en3_A3:R;A12:S;A26:S;A37:S;A39:R,CHEMBL2057236,3
CHEMBL2057236::en4_A3:S;A12:R;A26:R;A37:S;A39:R,CHEMBL2057236,4
CHEMBL2057301::en0_A3:R;A6:R;A7:R;A10:R;A12:R;A16:S;A18:R;A21:S,CHEMBL2057301,0
CHEMBL2057301::en1_A3:S;A6:R;A7:R;A10:R;A12:R;A16:S;A18:R;A21:S,CHEMBL2057301,1
CHEMBL2057301::en2_A3:R;A6:S;A7:R;A10:R;A12:R;A16:S;A18:R;A21:S,CHEMBL2057301,2
CHEMBL2057301::en3_A3:S;A6:S;A7:R;A10:R;A12:R;A16:S;A18:R;A21:S,CHEMBL2057301,3
CHEMBL2057301::en4_A3:R;A6:R;A7:S;A10:R;A12:R;A16:S;A18:R;A21:S,CHEMBL2057301,4
CHEMBL2059028::en0_A11:R,CHEMBL2059028,0
CHEMBL2059028::en1_A11:S,CHEMBL2059028,1
CHEMBL2063090::en0_A2:S;A4:R;A8:S;A10:R;A15:S;A24:R;A26:S,CHEMBL2063090,0
CHEMBL2063090::en1_A2:R;A4:R;A8:S;A10:R;A15:S;A24:R;A26:S,CHEMBL2063090,1
CHEMBL2063090::en2_A2:S;A4:S;A8:S;A10:R;A15:S;A24:R;A26:S,CHEMBL2063090,2
CHEMBL2063090::en3_A2:R;A4:S;A8:S;A10:R;A15:S;A24:R;A26:S,CHEMBL2063090,3
CHEMBL2063090::en4_A2:S;A4:R;A8:R;A10:R;A15:S;A24:R;A26:S,CHEMBL2063090,4
CHEMBL2063705::en0_A5:S;A32:S;A35:R;A55:S;A56:R;A79:S,CHEMBL2063705,0
CHEMBL2063705::en1_A5:R;A32:S;A35:R;A55:S;A56:R;A79:S,CHEMBL2063705,1
CHEMBL2063705::en2_A5:S;A32:R;A35:S;A55:S;A56:R;A79:S,CHEMBL2063705,2
CHEMBL2063705::en3_A5:R;A32:R;A35:S;A55:S;A56:R;A79:S,CHEMBL2063705,3
CHEMBL2063705::en4_A5:S;A32:S;A35:S;A55:R;A56:R;A79:S,CHEMBL2063705,4
CHEMBL2064455::en0_A5:S;A11:S;A13:R,CHEMBL2064455,0
CHEMBL2064455::en1_A5:R;A11:S;A13:R,CHEMBL2064455,1
CHEMBL2064455::en2_A5:S;A11:R;A13:R,CHEMBL2064455,2
CHEMBL2064455::en3_A5:R;A11:R;A13:R,CHEMBL2064455,3
CHEMBL2064455::en4_A5:S;A11:S;A13:S,CHEMBL2064455,4
CHEMBL206468::en0_A2:S;A6:S;A8:R,CHEMBL206468,0
CHEMBL206468::en1_A2:R;A6:S;A8:R,CHEMBL206468,1
CHEMBL206468::en2_A2:S;A6:R;A8:R,CHEMBL206468,2
CHEMBL206468::en3_A2:R;A6:R;A8:R,CHEMBL206468,3
CHEMBL206468::en4_A2:S;A6:S;A8:S,CHEMBL206468,4
CHEMBL206815::en0_A22:R,CHEMBL206815,0
CHEMBL206815::en1_A22:S,CHEMBL206815,1
CHEMBL206834::en0_A16:S,CHEMBL206834,0
CHEMBL206834::en1_A16:R,CHEMBL206834,1
CHEMBL2068839::en0_A12:R;A21:S,CHEMBL2068839,0
CHEMBL2068839::en1_A12:S;A21:S,CHEMBL2068839,1
CHEMBL2068839::en2_A12:R;A21:R,CHEMBL2068839,2
CHEMBL2068839::en3_A12:S;A21:R,CHEMBL2068839,3
CHEMBL2068884::en0_A3:R;A5:S;A7:R;A9:R;A11:S,CHEMBL2068884,0
CHEMBL2068884::en1_A3:R;A5:S;A7:R;A9:R;A11:S,CHEMBL2068884,1
CHEMBL2068884::en2_A3:S;A5:R;A7:R;A9:R;A11:S,CHEMBL2068884,2
CHEMBL2068884::en3_A3:S;A5:R;A7:R;A9:R;A11:S,CHEMBL2068884,3
CHEMBL2068884::en4_A3:R;A5:S;A7:S;A9:R;A11:S,CHEMBL2068884,4
CHEMBL2068971::en0_A1:S;A4:S;A7:S;A10:R;A11:S;A14:S;A16:R;A25:S,CHEMBL2068971,0
CHEMBL2068971::en1_A1:R;A4:S;A7:S;A10:R;A11:S;A14:S;A16:R;A25:S,CHEMBL2068971,1
CHEMBL2068971::en2_A1:S;A4:R;A7:S;A10:R;A11:S;A14:S;A16:R;A25:S,CHEMBL2068971,2
CHEMBL2068971::en3_A1:R;A4:R;A7:S;A10:R;A11:S;A14:S;A16:R;A25:S,CHEMBL2068971,3
CHEMBL2068971::en4_A1:S;A4:S;A7:R;A10:R;A11:S;A14:S;A16:R;A25:S,CHEMBL2068971,4
CHEMBL207197::en0_A5:S;A9:S,CHEMBL207197,0
CHEMBL207197::en1_A5:R;A9:S,CHEMBL207197,1
CHEMBL207197::en2_A5:S;A9:R,CHEMBL207197,2
CHEMBL207197::en3_A5:R;A9:R,CHEMBL207197,3
CHEMBL207413::en0_A4:R;A7:S;A9:S;A14:R;A16:R;A23:S;A27:R;A29:R;A33:S,CHEMBL207413,0
CHEMBL207413::en1_A4:S;A7:S;A9:S;A14:R;A16:R;A23:S;A27:R;A29:R;A33:S,CHEMBL207413,1
CHEMBL207413::en2_A4:R;A7:R;A9:S;A14:S;A16:R;A23:S;A27:S;A29:R;A33:S,CHEMBL207413,2
CHEMBL207413::en3_A4:S;A7:R;A9:S;A14:R;A16:R;A23:S;A27:R;A29:R;A33:S,CHEMBL207413,3
CHEMBL207413::en4_A4:R;A7:S;A9:R;A14:R;A16:R;A23:S;A27:R;A29:R;A33:S,CHEMBL207413,4
CHEMBL2074725::en0_A4:S;A6:R;A8:R;A9:S;A12:R;A14:R;A15:S;A18:S;A20:R;A23:R;A25:R;A28:R;A29:S;A31:R;A33:S;A35:S;A44:R;A48:S;A51:R;A54:R;A56:S,CHEMBL2074725,0
CHEMBL2074725::en1_A4:S;A6:R;A8:S;A9:R;A12:R;A14:R;A15:S;A18:R;A20:R;A23:R;A25:S;A28:S;A29:R;A31:R;A33:R;A35:S;A44:S;A48:S;A51:R;A54:S;A56:R,CHEMBL2074725,1
CHEMBL2074725::en2_A4:S;A6:R;A8:R;A9:S;A12:R;A14:R;A15:R;A18:R;A20:R;A23:R;A25:R;A28:S;A29:R;A31:R;A33:R;A35:S;A44:R;A48:S;A51:S;A54:R;A56:S,CHEMBL2074725,2
CHEMBL2074725::en3_A4:S;A6:R;A8:S;A9:R;A12:R;A14:R;A15:S;A18:S;A20:S;A23:R;A25:S;A28:R;A29:S;A31:S;A33:S;A35:R;A44:R;A48:S;A51:R;A54:S;A56:S,CHEMBL2074725,3
CHEMBL2074725::en4_A4:R;A6:S;A8:S;A9:S;A12:S;A14:S;A15:R;A18:R;A20:R;A23:S;A25:S;A28:S;A29:R;A31:S;A33:S;A35:S;A44:S;A48:S;A51:S;A54:S;A56:R,CHEMBL2074725,4
CHEMBL2074765::en0_A20:R;A21:S;A23:S;A25:R;A37:S;A38:R,CHEMBL2074765,0
CHEMBL2074765::en1_A20:S;A21:S;A23:S;A25:R;A37:S;A38:R,CHEMBL2074765,1
CHEMBL2074765::en2_A20:R;A21:R;A23:S;A25:R;A37:S;A38:R,CHEMBL2074765,2
CHEMBL2074765::en3_A20:S;A21:R;A23:S;A25:R;A37:S;A38:R,CHEMBL2074765,3
CHEMBL2074765::en4_A20:R;A21:S;A23:R;A25:R;A37:S;A38:R,CHEMBL2074765,4
CHEMBL207538::en0_A3:R;A6:R;A7:R;A10:R;A12:R;A16:S;A18:R;A21:S,CHEMBL207538,0
CHEMBL207538::en1_A3:S;A6:R;A7:R;A10:R;A12:R;A16:S;A18:R;A21:S,CHEMBL207538,1
CHEMBL207538::en2_A3:R;A6:S;A7:R;A10:R;A12:R;A16:S;A18:R;A21:S,CHEMBL207538,2
CHEMBL207538::en3_A3:S;A6:S;A7:R;A10:R;A12:R;A16:S;A18:R;A21:S,CHEMBL207538,3
CHEMBL207538::en4_A3:R;A6:R;A7:S;A10:R;A12:R;A16:S;A18:R;A21:S,CHEMBL207538,4
CHEMBL2078925::en0_A5:R,CHEMBL2078925,0
CHEMBL2078925::en1_A5:S,CHEMBL2078925,1
CHEMBL2079552::en0_A2:R;A4:S;A6:S;A7:R;A10:R;A12:R;A17:S;A19:S;A21:S;A24:S;A26:S;A35:R;A39:R;A41:S;A48:S;A50:S;A53:S;A57:R;A59:S,CHEMBL2079552,0
CHEMBL2079552::en1_A2:R;A4:R;A6:R;A7:R;A10:S;A12:S;A17:R;A19:R;A21:R;A24:S;A26:R;A35:R;A39:S;A41:S;A48:R;A50:S;A53:R;A57:S;A59:R,CHEMBL2079552,1
CHEMBL2079552::en2_A2:S;A4:R;A6:S;A7:R;A10:R;A12:R;A17:R;A19:S;A21:S;A24:R;A26:R;A35:S;A39:S;A41:R;A48:S;A50:S;A53:R;A57:S;A59:R,CHEMBL2079552,2
CHEMBL2079552::en3_A2:S;A4:S;A6:R;A7:S;A10:S;A12:S;A17:S;A19:S;A21:R;A24:S;A26:R;A35:S;A39:S;A41:S;A48:S;A50:S;A53:S;A57:S;A59:R,CHEMBL2079552,3
CHEMBL2079552::en4_A2:S;A4:R;A6:R;A7:S;A10:R;A12:R;A17:S;A19:S;A21:S;A24:R;A26:S;A35:R;A39:S;A41:S;A48:S;A50:R;A53:S;A57:S;A59:R,CHEMBL2079552,4
CHEMBL2079587::en0_A1:S;A9:S;A12:R;A13:S;A16:R;A18:R;A21:S,CHEMBL2079587,0
CHEMBL2079587::en1_A1:R;A9:S;A12:R;A13:S;A16:R;A18:R;A21:S,CHEMBL2079587,1
CHEMBL2079587::en2_A1:S;A9:R;A12:R;A13:S;A16:R;A18:R;A21:S,CHEMBL2079587,2
CHEMBL2079587::en3_A1:R;A9:R;A12:R;A13:S;A16:R;A18:R;A21:S,CHEMBL2079587,3
CHEMBL2079587::en4_A1:S;A9:S;A12:S;A13:S;A16:R;A18:R;A21:S,CHEMBL2079587,4
CHEMBL2079611::en0_A2:S;A7:R;A9:R;A10:R,CHEMBL2079611,0
CHEMBL2079611::en1_A2:R;A7:R;A9:R;A10:R,CHEMBL2079611,1
CHEMBL2079611::en2_A2:S;A7:S;A9:R;A10:R,CHEMBL2079611,2
CHEMBL208427::en0_A18:R,CHEMBL208427,0
CHEMBL208427::en1_A18:S,CHEMBL208427,1
CHEMBL2087003::en0_A5:R,CHEMBL2087003,0
CHEMBL2087003::en1_A5:S,CHEMBL2087003,1
CHEMBL2087337::en0_A10:S;A12:S;A15:R;A19:S,CHEMBL2087337,0
CHEMBL2087337::en1_A10:R;A12:S;A15:R;A19:S,CHEMBL2087337,1
CHEMBL2087337::en2_A10:R;A12:S;A15:R;A19:R,CHEMBL2087337,2
CHEMBL2088033::en0_A4:R,CHEMBL2088033,0
CHEMBL2088033::en1_A4:S,CHEMBL2088033,1
CHEMBL2093999::en0_A1:R;A11:S;A15:R;A16:S;A19:S;A25:R,CHEMBL2093999,0
CHEMBL2093999::en1_A1:S;A11:S;A15:R;A16:S;A19:S;A25:R,CHEMBL2093999,1
CHEMBL2093999::en2_A1:R;A11:R;A15:R;A16:S;A19:S;A25:R,CHEMBL2093999,2
CHEMBL2093999::en3_A1:S;A11:R;A15:R;A16:S;A19:S;A25:R,CHEMBL2093999,3
CHEMBL2093999::en4_A1:R;A11:S;A15:S;A16:S;A19:S;A25:R,CHEMBL2093999,4
CHEMBL2095208::en0_A12:R;A24:R;A27:R,CHEMBL2095208,0
CHEMBL2095208::en1_A12:S;A24:R;A27:R,CHEMBL2095208,1
CHEMBL2095208::en2_A12:R;A24:S;A27:R,CHEMBL2095208,2
CHEMBL2095208::en3_A12:S;A24:S;A27:R,CHEMBL2095208,3
CHEMBL2095208::en4_A12:R;A24:R;A27:S,CHEMBL2095208,4
CHEMBL2095212::en0_A16:R,CHEMBL2095212,0
CHEMBL2095212::en1_A16:S,CHEMBL2095212,1
CHEMBL2096637::en0_A8:S;A13:S;A24:S;A25:S;A32:R;A33:S;A35:R;A39:S;A40:R;A41:R;A42:S,CHEMBL2096637,0
CHEMBL2096637::en1_A8:S;A21:R;A31:S;A35:R;A37:S,CHEMBL2096637,1
CHEMBL2096637::en2_A2:R;A4:S;A8:R;A12:R;A13:S;A21:R;A25:R;A29:S;A30:R;A35:R;A40:S;A45:S,CHEMBL2096637,2
CHEMBL2096637::en3_A2:S;A3:S;A4:R;A5:S;A6:R;A7:R;A8:S;A12:R;A15:R;A17:R;A21:S;A28:R;A29:R;A33:S;A35:R;A39:R;A40:R;A41:R;A42:S,CHEMBL2096637,3
CHEMBL2096637::en4_A8:R;A12:S;A13:R;A14:S;A15:R;A21:S;A29:S;A30:S;A31:R;A32:S;A35:R;A39:R;A40:S,CHEMBL2096637,4
CHEMBL2096895::en0_A14:S;A19:R,CHEMBL2096895,0
CHEMBL2096895::en1_A14:R;A19:R,CHEMBL2096895,1
CHEMBL2096895::en2_A14:S;A19:S,CHEMBL2096895,2
CHEMBL2096895::en3_A14:R;A19:S,CHEMBL2096895,3
CHEMBL2103748::en0_A16:S;A18:R;A20:S;A25:S;A26:R;A28:S;A34:R;A35:S;A41:R;A42:S;A44:R;A56:R;A58:R;A64:S;A65:R,CHEMBL2103748,0
CHEMBL2103748::en1_A16:S;A18:R;A20:R;A25:R;A26:S;A28:S;A34:R;A35:R;A41:S;A42:R;A44:R;A56:S;A58:S;A64:R;A65:R,CHEMBL2103748,1
CHEMBL2103748::en2_A16:S;A18:R;A20:R;A25:S;A26:S;A28:R;A34:R;A35:R;A41:S;A42:S;A44:R;A56:S;A58:R;A64:S;A65:S,CHEMBL2103748,2
CHEMBL2103748::en3_A16:S;A18:R;A20:R;A25:R;A26:S;A28:R;A34:R;A35:R;A41:R;A42:R;A44:S;A56:R;A58:R;A64:S;A65:R,CHEMBL2103748,3
CHEMBL2103748::en4_A16:R;A18:R;A20:S;A25:R;A26:R;A28:S;A34:R;A35:S;A41:R;A42:R;A44:R;A56:S;A58:R;A64:S;A65:S,CHEMBL2103748,4
CHEMBL2103751::en0_A1:R;A10:S;A11:S;A12:R;A15:R;A17:R;A20:R,CHEMBL2103751,0
CHEMBL2103751::en1_A1:S;A10:S;A11:S;A12:R;A15:R;A17:R;A20:R,CHEMBL2103751,1
CHEMBL2103751::en2_A1:R;A10:R;A11:S;A12:R;A15:R;A17:R;A20:R,CHEMBL2103751,2
CHEMBL2103751::en3_A1:S;A10:R;A11:S;A12:R;A15:R;A17:R;A20:R,CHEMBL2103751,3
CHEMBL2103751::en4_A1:R;A10:S;A11:R;A12:R;A15:R;A17:R;A20:R,CHEMBL2103751,4
CHEMBL2103757::en0_A8:R;A12:S;A14:S;A16:R;A25:S;A29:R;A35:R;A50:R;A62:S;A63:S,CHEMBL2103757,0
CHEMBL2103757::en1_A8:R;A12:S;A14:S;A16:R;A25:S;A29:S;A35:R;A50:S;A62:S;A63:R,CHEMBL2103757,1
CHEMBL2103757::en2_A8:R;A12:S;A14:R;A16:R;A25:S;A29:S;A35:S;A50:S;A62:R;A63:S,CHEMBL2103757,2
CHEMBL2103757::en3_A8:R;A12:S;A14:R;A16:S;A25:S;A29:S;A35:R;A50:S;A62:S;A63:R,CHEMBL2103757,3
CHEMBL2103757::en4_A8:R;A12:R;A14:R;A16:S;A25:R;A29:R;A35:R;A50:S;A62:R;A63:S,CHEMBL2103757,4
CHEMBL2103760::en0_A2:R;A5:S;A17:R;A19:R;A23:S;A28:S;A29:S;A31:S,CHEMBL2103760,0
CHEMBL2103760::en1_A2:S;A5:S;A17:R;A19:R;A23:S;A28:S;A29:S;A31:S,CHEMBL2103760,1
CHEMBL2103760::en2_A2:R;A5:R;A17:R;A19:R;A23:S;A28:S;A29:S;A31:S,CHEMBL2103760,2
CHEMBL2103760::en3_A2:S;A5:R;A17:R;A19:R;A23:S;A28:S;A29:S;A31:S,CHEMBL2103760,3
CHEMBL2103760::en4_A2:R;A5:S;A17:S;A19:R;A23:S;A28:S;A29:S;A31:S,CHEMBL2103760,4
CHEMBL2103764::en0_A7:R;A19:R,CHEMBL2103764,0
CHEMBL2103764::en1_A7:S;A19:R,CHEMBL2103764,1
CHEMBL2103764::en2_A7:R;A19:S,CHEMBL2103764,2
CHEMBL2103764::en3_A7:S;A19:S,CHEMBL2103764,3
CHEMBL2103764::en4_A7:R;A19:R,CHEMBL2103764,4
CHEMBL2103774::en0_A2:R;A6:R;A7:R;A8:R;A18:R;A21:S,CHEMBL2103774,0
CHEMBL2103774::en1_A2:S;A6:R;A7:R;A8:R;A18:R;A21:S,CHEMBL2103774,1
CHEMBL2103774::en2_A2:R;A6:S;A7:R;A8:R;A18:R;A21:S,CHEMBL2103774,2
CHEMBL2103774::en3_A2:S;A6:S;A7:R;A8:R;A18:R;A21:S,CHEMBL2103774,3
CHEMBL2103774::en4_A2:R;A6:R;A7:S;A8:R;A18:R;A21:S,CHEMBL2103774,4
CHEMBL2103775::en0_A5:R;A13:R;A17:R,CHEMBL2103775,0
CHEMBL2103775::en1_A5:S;A13:R;A17:R,CHEMBL2103775,1
CHEMBL2103775::en2_A5:R;A13:S;A17:R,CHEMBL2103775,2
CHEMBL2103775::en3_A5:S;A13:S;A17:R,CHEMBL2103775,3
CHEMBL2103775::en4_A5:R;A13:R;A17:S,CHEMBL2103775,4
CHEMBL2103778::en0_A7:S,CHEMBL2103778,0
CHEMBL2103778::en1_A7:R,CHEMBL2103778,1
CHEMBL2103790::en0_A10:S;A15:R,CHEMBL2103790,0
CHEMBL2103790::en1_A10:R;A15:R,CHEMBL2103790,1
CHEMBL2103790::en2_A10:S;A15:S,CHEMBL2103790,2
CHEMBL2103790::en3_A10:R;A15:S,CHEMBL2103790,3
CHEMBL2103799::en0_A2:S;A8:S;A12:S;A13:S;A17:R,CHEMBL2103799,0
CHEMBL2103799::en1_A2:R;A8:S;A12:S;A13:S;A17:R,CHEMBL2103799,1
CHEMBL2103799::en2_A2:S;A8:R;A12:S;A13:S;A17:R,CHEMBL2103799,2
CHEMBL2103799::en3_A2:R;A8:R;A12:S;A13:S;A17:R,CHEMBL2103799,3
CHEMBL2103799::en4_A2:S;A8:S;A12:R;A13:S;A17:R,CHEMBL2103799,4
CHEMBL2103805::en0_A4:R;A6:R;A10:R;A27:S;A32:S,CHEMBL2103805,0
CHEMBL2103805::en1_A4:R;A6:S;A10:R;A27:S;A32:S,CHEMBL2103805,1
CHEMBL2103805::en2_A4:R;A6:R;A10:S;A27:S;A32:S,CHEMBL2103805,2
CHEMBL2103821::en0_A8:S;A10:S;A12:S,CHEMBL2103821,0
CHEMBL2103821::en1_A8:R;A10:S;A12:S,CHEMBL2103821,1
CHEMBL2103821::en2_A8:S;A10:R;A12:S,CHEMBL2103821,2
CHEMBL2103821::en3_A8:R;A10:R;A12:S,CHEMBL2103821,3
CHEMBL2103821::en4_A8:S;A10:S;A12:R,CHEMBL2103821,4
CHEMBL2103822::en0_A6:R;A8:S,CHEMBL2103822,0
CHEMBL2103822::en1_A6:S;A8:S,CHEMBL2103822,1
CHEMBL2103822::en2_A6:R;A8:R,CHEMBL2103822,2
CHEMBL2103822::en3_A6:S;A8:R,CHEMBL2103822,3
CHEMBL2103824::en0_A9:R,CHEMBL2103824,0
CHEMBL2103824::en1_A9:S,CHEMBL2103824,1
CHEMBL2103827::en0_A1:S;A5:R,CHEMBL2103827,0
CHEMBL2103827::en1_A1:R;A5:R,CHEMBL2103827,1
CHEMBL2103827::en2_A1:S;A5:S,CHEMBL2103827,2
CHEMBL2103827::en3_A1:R;A5:S,CHEMBL2103827,3
CHEMBL2103829::en0_A4:R;A9:S,CHEMBL2103829,0
CHEMBL2103829::en1_A4:S;A9:S,CHEMBL2103829,1
CHEMBL2103829::en2_A4:R;A9:R,CHEMBL2103829,2
CHEMBL2103829::en3_A4:S;A9:R,CHEMBL2103829,3
CHEMBL2103831::en0_A8:S,CHEMBL2103831,0
CHEMBL2103831::en1_A8:R,CHEMBL2103831,1
CHEMBL2103834::en0_A2:S;A7:R;A12:R;A14:R;A16:R;A18:R;A20:S;A22:S;A24:R;A27:R;A35:S;A38:R;A42:R;A44:R;A49:S;A58:R;A61:R;A63:R;A65:R;A67:R;A70:R,CHEMBL2103834,0
CHEMBL2103834::en1_A2:S;A7:S;A12:R;A14:R;A16:R;A18:R;A20:R;A22:R;A24:S;A27:R;A35:R;A38:S;A42:S;A44:R;A49:S;A58:R;A61:R;A63:S;A65:R;A67:S;A70:R,CHEMBL2103834,1
CHEMBL2103834::en2_A2:S;A7:S;A12:S;A14:R;A16:S;A18:R;A20:S;A22:S;A24:R;A27:R;A35:S;A38:R;A42:S;A44:R;A49:S;A58:R;A61:S;A63:S;A65:S;A67:S;A70:S,CHEMBL2103834,2
CHEMBL2103834::en3_A2:R;A7:R;A12:R;A14:R;A16:S;A18:R;A20:R;A22:R;A24:S;A27:R;A35:R;A38:R;A42:S;A44:R;A49:R;A58:S;A61:R;A63:R;A65:R;A67:S;A70:R,CHEMBL2103834,3
CHEMBL2103834::en4_A2:R;A7:S;A12:S;A14:R;A16:S;A18:R;A20:R;A22:S;A24:R;A27:S;A35:R;A38:R;A42:R;A44:R;A49:S;A58:S;A61:R;A63:S;A65:R;A67:S;A70:R,CHEMBL2103834,4
CHEMBL2103839::en0_A2:R;A4:S;A7:S;A9:R;A21:S;A25:S;A26:R;A29:S;A32:S;A38:R;A45:S;A50:R;A52:S;A57:R;A60:R,CHEMBL2103839,0
CHEMBL2103839::en1_A2:R;A4:S;A7:R;A9:S;A21:R;A25:R;A26:R;A29:R;A32:S;A38:R;A45:S;A50:R;A52:S;A57:R;A60:S,CHEMBL2103839,1
CHEMBL2103839::en2_A2:R;A4:R;A7:S;A9:R;A21:R;A25:R;A26:R;A29:S;A32:S;A38:S;A45:R;A50:R;A52:R;A57:S;A60:S,CHEMBL2103839,2
CHEMBL2103839::en3_A2:S;A4:R;A7:R;A9:R;A21:R;A25:S;A26:R;A29:R;A32:S;A38:S;A45:R;A50:R;A52:R;A57:S;A60:S,CHEMBL2103839,3
CHEMBL2103839::en4_A2:R;A4:R;A7:S;A9:S;A21:R;A25:S;A26:R;A29:R;A32:S;A38:R;A45:S;A50:S;A52:R;A57:S;A60:R,CHEMBL2103839,4
CHEMBL2103840::en0_A23:R,CHEMBL2103840,0
CHEMBL2103840::en1_A23:S,CHEMBL2103840,1
CHEMBL2103842::en0_A1:R,CHEMBL2103842,0
CHEMBL2103842::en1_A1:S,CHEMBL2103842,1
CHEMBL2103846::en0_A3:S;A7:R;A8:S;A19:S;A30:S,CHEMBL2103846,0
CHEMBL2103846::en1_A3:R;A7:R;A8:R;A19:R;A30:S,CHEMBL2103846,1
CHEMBL2103846::en2_A3:S;A7:S;A8:S;A19:S;A30:S,CHEMBL2103846,2
CHEMBL2103846::en3_A3:R;A7:S;A8:R;A19:R;A30:S,CHEMBL2103846,3
CHEMBL2103846::en4_A3:S;A7:R;A8:R;A19:S;A30:S,CHEMBL2103846,4
CHEMBL2103847::en0_A4:S;A8:S;A23:S,CHEMBL2103847,0
CHEMBL2103847::en1_A4:R;A8:S;A23:S,CHEMBL2103847,1
CHEMBL2103847::en2_A4:S;A8:R;A23:S,CHEMBL2103847,2
CHEMBL2103847::en3_A4:R;A8:R;A23:S,CHEMBL2103847,3
CHEMBL2103847::en4_A4:S;A8:S;A23:R,CHEMBL2103847,4
CHEMBL2103852::en0_A5:S,CHEMBL2103852,0
CHEMBL2103852::en1_A5:R,CHEMBL2103852,1
CHEMBL2103855::en0_A12:S;A22:S,CHEMBL2103855,0
CHEMBL2103855::en1_A12:R;A22:S,CHEMBL2103855,1
CHEMBL2103855::en2_A12:S;A22:R,CHEMBL2103855,2
CHEMBL2103855::en3_A12:R;A22:R,CHEMBL2103855,3
CHEMBL2103858::en0_A13:R;A25:R;A34:S,CHEMBL2103858,0
CHEMBL2103860::en0_A4:S,CHEMBL2103860,0
CHEMBL2103860::en1_A4:R,CHEMBL2103860,1
CHEMBL2103865::en0_A2:S;A4:R;A7:S;A9:S;A21:R;A25:R;A26:S;A29:S;A32:R;A34:R;A40:S;A45:S;A47:S;A52:R;A55:R,CHEMBL2103865,0
CHEMBL2103865::en1_A2:R;A4:S;A7:R;A9:R;A21:S;A25:S;A26:S;A29:R;A32:R;A34:S;A40:S;A45:S;A47:S;A52:S;A55:R,CHEMBL2103865,1
CHEMBL2103865::en2_A2:R;A4:R;A7:R;A9:S;A21:R;A25:S;A26:R;A29:R;A32:R;A34:R;A40:S;A45:S;A47:S;A52:R;A55:S,CHEMBL2103865,2
CHEMBL2103865::en3_A2:S;A4:S;A7:R;A9:S;A21:S;A25:S;A26:S;A29:S;A32:R;A34:R;A40:R;A45:R;A47:R;A52:S;A55:S,CHEMBL2103865,3
CHEMBL2103865::en4_A2:S;A4:R;A7:S;A9:R;A21:S;A25:R;A26:R;A29:S;A32:S;A34:R;A40:S;A45:R;A47:S;A52:R;A55:S,CHEMBL2103865,4
CHEMBL2103869::en0_A3:S;A5:R;A7:R;A23:S,CHEMBL2103869,0
CHEMBL2103869::en1_A3:R;A5:R;A7:R;A23:S,CHEMBL2103869,1
CHEMBL2103869::en2_A3:S;A5:S;A7:R;A23:S,CHEMBL2103869,2
CHEMBL2103869::en3_A3:R;A5:S;A7:R;A23:S,CHEMBL2103869,3
CHEMBL2103869::en4_A3:S;A5:R;A7:S;A23:S,CHEMBL2103869,4
CHEMBL2103872::en0_A23:S;A42:S,CHEMBL2103872,0
CHEMBL2103872::en1_A23:R;A42:S,CHEMBL2103872,1
CHEMBL2103872::en2_A23:S;A42:R,CHEMBL2103872,2
CHEMBL2103872::en3_A23:R;A42:R,CHEMBL2103872,3
CHEMBL2103872::en4_A23:S;A42:S,CHEMBL2103872,4
CHEMBL2103874::en0_A6:S;A9:S,CHEMBL2103874,0
CHEMBL2103874::en1_A6:R;A9:R,CHEMBL2103874,1
CHEMBL2103876::en0_A8:R,CHEMBL2103876,0
CHEMBL2103876::en1_A8:S,CHEMBL2103876,1
CHEMBL2103877::en0_A5:R;A7:R,CHEMBL2103877,0
CHEMBL2103877::en1_A5:S;A7:R,CHEMBL2103877,1
CHEMBL2103877::en2_A5:R;A7:S,CHEMBL2103877,2
CHEMBL2103877::en3_A5:S;A7:S,CHEMBL2103877,3
CHEMBL2103881::en0_A2:R;A4:S;A7:R,CHEMBL2103881,0
CHEMBL2103881::en1_A2:S;A4:S;A7:R,CHEMBL2103881,1
CHEMBL2103881::en2_A2:R;A4:R;A7:S,CHEMBL2103881,2
CHEMBL2103882::en0_A5:S;A18:R,CHEMBL2103882,0
CHEMBL2103882::en1_A5:R;A18:R,CHEMBL2103882,1
CHEMBL2103882::en2_A5:S;A18:S,CHEMBL2103882,2
CHEMBL2103882::en3_A5:R;A18:S,CHEMBL2103882,3
CHEMBL2103886::en0_A4:R;A5:R;A7:R;A23:R;A25:S;A40:R,CHEMBL2103886,0
CHEMBL2103886::en1_A4:S;A5:R;A7:R;A23:R;A25:S;A40:R,CHEMBL2103886,1
CHEMBL2103886::en2_A4:R;A5:S;A7:R;A23:R;A25:S;A40:R,CHEMBL2103886,2
CHEMBL2103886::en3_A4:S;A5:S;A7:R;A23:R;A25:S;A40:R,CHEMBL2103886,3
CHEMBL2103886::en4_A4:R;A5:R;A7:S;A23:R;A25:S;A40:R,CHEMBL2103886,4
CHEMBL2103902::en0_A20:R;A21:R;A25:R,CHEMBL2103902,0
CHEMBL2103902::en1_A20:S;A21:R;A25:R,CHEMBL2103902,1
CHEMBL2103902::en2_A20:R;A21:S;A25:R,CHEMBL2103902,2
CHEMBL2103902::en3_A20:S;A21:S;A25:R,CHEMBL2103902,3
CHEMBL2103902::en4_A20:R;A21:R;A25:S,CHEMBL2103902,4
CHEMBL2103903::en0_A4:R;A7:S;A9:S;A14:R;A16:R;A32:S;A36:R;A38:R;A42:S,CHEMBL2103903,0
CHEMBL2103903::en1_A4:S;A7:S;A9:S;A14:S;A16:R;A32:S;A36:S;A38:R;A42:S,CHEMBL2103903,1
CHEMBL2103903::en2_A4:R;A7:R;A9:S;A14:R;A16:R;A32:S;A36:R;A38:R;A42:S,CHEMBL2103903,2
CHEMBL2103903::en3_A4:S;A7:R;A9:S;A14:R;A16:R;A32:S;A36:R;A38:R;A42:S,CHEMBL2103903,3
CHEMBL2103903::en4_A4:R;A7:S;A9:R;A14:S;A16:R;A32:S;A36:S;A38:R;A42:S,CHEMBL2103903,4
CHEMBL2103905::en0_A3:S;A15:S;A22:R;A36:R;A39:R;A41:R,CHEMBL2103905,0
CHEMBL2103905::en1_A3:R;A15:S;A22:R;A36:R;A39:R;A41:R,CHEMBL2103905,1
CHEMBL2103905::en2_A3:S;A15:R;A22:R;A36:R;A39:R;A41:R,CHEMBL2103905,2
CHEMBL2103905::en3_A3:R;A15:R;A22:R;A36:R;A39:R;A41:R,CHEMBL2103905,3
CHEMBL2103905::en4_A3:S;A15:S;A22:S;A36:R;A39:R;A41:R,CHEMBL2103905,4
CHEMBL2103926::en0_A3:S;A14:R;A16:S;A18:S;A22:S;A28:S,CHEMBL2103926,0
CHEMBL2103926::en1_A3:R;A14:R;A16:S;A18:S;A22:S;A28:S,CHEMBL2103926,1
CHEMBL2103926::en2_A3:S;A14:S;A16:S;A18:S;A22:S;A28:S,CHEMBL2103926,2
CHEMBL2103926::en3_A3:R;A14:S;A16:S;A18:S;A22:S;A28:S,CHEMBL2103926,3
CHEMBL2103926::en4_A3:S;A14:R;A16:R;A18:S;A22:S;A28:S,CHEMBL2103926,4
CHEMBL2103938::en0_A26:S;A31:S;A34:S;A36:R;A41:S;A43:R;A45:S;A47:R;A49:R,CHEMBL2103938,0
CHEMBL2103938::en1_A26:S;A31:S;A34:R;A36:S;A41:S;A43:R;A45:S;A47:S;A49:R,CHEMBL2103938,1
CHEMBL2103938::en2_A26:S;A31:S;A34:R;A36:R;A41:R;A43:R;A45:R;A47:S;A49:R,CHEMBL2103938,2
CHEMBL2103938::en3_A26:R;A31:S;A34:R;A36:S;A41:S;A43:S;A45:R;A47:R;A49:R,CHEMBL2103938,3
CHEMBL2103938::en4_A26:R;A31:R;A34:R;A36:S;A41:R;A43:S;A45:S;A47:R;A49:S,CHEMBL2103938,4
CHEMBL2103942::en0_A3:R;A7:S;A9:R;A15:R;A23:S;A24:R;A26:S;A29:S;A32:S;A34:R;A36:S,CHEMBL2103942,0
CHEMBL2103942::en1_A3:R;A7:S;A9:S;A15:S;A23:R;A24:S;A26:S;A29:R;A32:S;A34:S;A36:S,CHEMBL2103942,1
CHEMBL2103942::en2_A3:R;A7:S;A9:R;A15:S;A23:R;A24:R;A26:R;A29:R;A32:S;A34:R;A36:R,CHEMBL2103942,2
CHEMBL2103942::en3_A3:S;A7:R;A9:R;A15:R;A23:S;A24:R;A26:S;A29:S;A32:S;A34:S;A36:S,CHEMBL2103942,3
CHEMBL2103942::en4_A3:R;A7:S;A9:S;A15:R;A23:R;A24:R;A26:S;A29:S;A32:S;A34:R;A36:R,CHEMBL2103942,4
CHEMBL2103948::en0_A5:R;A19:S;A21:S;A23:S;A32:R;A36:R;A42:R;A57:S;A69:S;A70:S,CHEMBL2103948,0
CHEMBL2103948::en1_A5:R;A19:S;A21:R;A23:S;A32:S;A36:S;A42:S;A57:R;A69:S;A70:R,CHEMBL2103948,1
CHEMBL2103948::en2_A5:R;A19:R;A21:S;A23:S;A32:S;A36:S;A42:R;A57:R;A69:R;A70:S,CHEMBL2103948,2
CHEMBL2103948::en3_A5:R;A19:S;A21:R;A23:S;A32:R;A36:S;A42:S;A57:R;A69:R;A70:S,CHEMBL2103948,3
CHEMBL2103948::en4_A5:S;A19:S;A21:R;A23:R;A32:R;A36:R;A42:S;A57:S;A69:R;A70:S,CHEMBL2103948,4
CHEMBL2103957::en0_A1:S;A4:R;A6:S;A8:R;A11:R;A13:R;A15:S;A18:S;A21:S;A22:R;A25:S;A27:S;A36:R,CHEMBL2103957,0
CHEMBL2103957::en1_A1:R;A4:R;A6:R;A8:R;A11:R;A13:R;A15:S;A18:R;A21:R;A22:S;A25:S;A27:S;A36:R,CHEMBL2103957,1
CHEMBL2103957::en2_A1:R;A4:R;A6:S;A8:R;A11:R;A13:R;A15:R;A18:S;A21:R;A22:S;A25:R;A27:R;A36:R,CHEMBL2103957,2
CHEMBL2103957::en3_A1:S;A4:R;A6:R;A8:R;A11:S;A13:R;A15:R;A18:R;A21:R;A22:S;A25:R;A27:S;A36:R,CHEMBL2103957,3
CHEMBL2103957::en4_A1:R;A4:R;A6:R;A8:S;A11:R;A13:R;A15:R;A18:R;A21:S;A22:S;A25:R;A27:R;A36:S,CHEMBL2103957,4
CHEMBL2103959::en0_A1:R;A3:S;A5:S;A6:S;A11:S;A13:R;A14:S;A19:R;A21:R;A24:R;A26:R;A29:R;A30:R;A33:S;A35:R;A42:R;A47:R;A51:S;A54:S;A57:R;A61:R,CHEMBL2103959,0
CHEMBL2103959::en1_A1:R;A3:S;A5:S;A6:S;A11:R;A13:R;A14:S;A19:R;A21:R;A24:S;A26:R;A29:S;A30:R;A33:R;A35:S;A42:R;A47:S;A51:R;A54:S;A57:R;A61:S,CHEMBL2103959,1
CHEMBL2103959::en2_A1:R;A3:R;A5:S;A6:S;A11:S;A13:R;A14:S;A19:R;A21:S;A24:S;A26:R;A29:S;A30:R;A33:R;A35:R;A42:S;A47:R;A51:S;A54:S;A57:S;A61:S,CHEMBL2103959,2
CHEMBL2103959::en3_A1:R;A3:R;A5:S;A6:S;A11:S;A13:S;A14:R;A19:R;A21:S;A24:S;A26:S;A29:R;A30:R;A33:S;A35:S;A42:R;A47:S;A51:S;A54:R;A57:R;A61:R,CHEMBL2103959,3
CHEMBL2103959::en4_A1:S;A3:R;A5:R;A6:R;A11:R;A13:S;A14:R;A19:R;A21:S;A24:S;A26:S;A29:S;A30:S;A33:S;A35:S;A42:S;A47:R;A51:S;A54:R;A57:R;A61:R,CHEMBL2103959,4
CHEMBL2103968::en0_A2:R;A6:R;A8:S;A10:R;A12:R;A16:S;A18:R;A21:S;A23:R;A25:S;A27:S;A30:S;A36:R;A38:S;A45:S;A47:S;A49:R,CHEMBL2103968,0
CHEMBL2103968::en1_A2:R;A6:S;A8:S;A10:R;A12:S;A16:S;A18:R;A21:R;A23:R;A25:S;A27:R;A30:S;A36:R;A38:S;A45:S;A47:R;A49:R,CHEMBL2103968,1
CHEMBL2103968::en2_A2:S;A6:S;A8:S;A10:S;A12:R;A16:S;A18:R;A21:R;A23:R;A25:S;A27:R;A30:R;A36:S;A38:S;A45:S;A47:R;A49:R,CHEMBL2103968,2
CHEMBL2103968::en3_A2:R;A6:R;A8:R;A10:R;A12:S;A16:R;A18:R;A21:R;A23:R;A25:R;A27:S;A30:S;A36:S;A38:R;A45:S;A47:S;A49:R,CHEMBL2103968,3
CHEMBL2103968::en4_A2:R;A6:S;A8:R;A10:S;A12:S;A16:S;A18:R;A21:R;A23:S;A25:S;A27:R;A30:S;A36:S;A38:S;A45:R;A47:R;A49:R,CHEMBL2103968,4
CHEMBL2103969::en0_A1:S;A27:S,CHEMBL2103969,0
CHEMBL2103969::en1_A1:R;A14:R;A27:S,CHEMBL2103969,1
CHEMBL2103969::en2_A1:R;A14:S;A27:S,CHEMBL2103969,2
CHEMBL2103969::en3_A1:R;A27:R,CHEMBL2103969,3
CHEMBL2103982::en0_A4:R;A5:R;A9:R;A42:R,CHEMBL2103982,0
CHEMBL2103982::en1_A4:S;A5:R;A9:R;A42:R,CHEMBL2103982,1
CHEMBL2103982::en2_A4:R;A5:S;A9:R;A42:R,CHEMBL2103982,2
CHEMBL2103982::en3_A4:S;A5:S;A9:R;A42:R,CHEMBL2103982,3
CHEMBL2103982::en4_A4:R;A5:R;A9:S;A42:R,CHEMBL2103982,4
CHEMBL2103987::en0_A6:R;A7:S;A10:R;A12:R;A15:S;A18:S,CHEMBL2103987,0
CHEMBL2103987::en1_A6:S;A7:S;A10:R;A12:R;A15:S;A18:S,CHEMBL2103987,1
CHEMBL2103987::en2_A6:R;A7:R;A10:R;A12:R;A15:S;A18:S,CHEMBL2103987,2
CHEMBL2103987::en3_A6:S;A7:R;A10:R;A12:R;A15:S;A18:S,CHEMBL2103987,3
CHEMBL2103987::en4_A6:R;A7:S;A10:S;A12:R;A15:S;A18:S,CHEMBL2103987,4
CHEMBL2103998::en0_A3:R;A7:R;A8:R;A19:R;A30:S,CHEMBL2103998,0
CHEMBL2103998::en1_A3:S;A7:R;A8:R;A19:R;A30:S,CHEMBL2103998,1
CHEMBL2103998::en2_A3:R;A7:S;A8:S;A19:S;A30:S,CHEMBL2103998,2
CHEMBL2103998::en3_A3:S;A7:S;A8:S;A19:S;A30:S,CHEMBL2103998,3
CHEMBL2103998::en4_A3:R;A7:R;A8:R;A19:S;A30:S,CHEMBL2103998,4
CHEMBL2104004::en0_A1:S;A5:R,CHEMBL2104004,0
CHEMBL2104004::en1_A1:R;A5:R,CHEMBL2104004,1
CHEMBL2104004::en2_A1:S;A5:S,CHEMBL2104004,2
CHEMBL2104004::en3_A1:R;A5:S,CHEMBL2104004,3
CHEMBL2104011::en0_A4:R;A10:R;A11:R;A21:R;A22:R;A25:S,CHEMBL2104011,0
CHEMBL2104011::en1_A4:S;A10:R;A11:R;A21:R;A22:R;A25:S,CHEMBL2104011,1
CHEMBL2104011::en2_A4:R;A10:S;A11:R;A21:R;A22:R;A25:S,CHEMBL2104011,2
CHEMBL2104011::en3_A4:S;A10:S;A11:R;A21:R;A22:R;A25:S,CHEMBL2104011,3
CHEMBL2104011::en4_A4:R;A10:R;A11:S;A21:R;A22:R;A25:S,CHEMBL2104011,4
CHEMBL2104019::en0_A1:S;A4:S;A7:S;A10:R;A11:S;A14:S;A19:R;A24:R,CHEMBL2104019,0
CHEMBL2104019::en1_A1:R;A4:S;A7:S;A10:R;A11:S;A14:S;A19:R;A24:R,CHEMBL2104019,1
CHEMBL2104019::en2_A1:S;A4:R;A7:S;A10:R;A11:S;A14:S;A19:R;A24:R,CHEMBL2104019,2
CHEMBL2104019::en3_A1:R;A4:R;A7:S;A10:R;A11:S;A14:S;A19:R;A24:R,CHEMBL2104019,3
CHEMBL2104019::en4_A1:S;A4:S;A7:R;A10:R;A11:S;A14:S;A19:R;A24:R,CHEMBL2104019,4
CHEMBL2104023::en0_A1:S;A13:R,CHEMBL2104023,0
CHEMBL2104023::en1_A1:R;A13:R,CHEMBL2104023,1
CHEMBL2104023::en2_A1:S;A13:S,CHEMBL2104023,2
CHEMBL2104023::en3_A1:R;A13:S,CHEMBL2104023,3
CHEMBL2104027::en0_A5:R;A17:S,CHEMBL2104027,0
CHEMBL2104027::en1_A5:S;A17:S,CHEMBL2104027,1
CHEMBL2104027::en2_A5:R;A17:R,CHEMBL2104027,2
CHEMBL2104027::en3_A5:S;A17:R,CHEMBL2104027,3
CHEMBL2104033::en0_A4:R;A7:R;A9:R;A12:R;A14:S;A15:R;A25:R;A26:S;A28:S;A30:S,CHEMBL2104033,0
CHEMBL2104033::en1_A4:S;A7:R;A9:R;A12:R;A14:S;A15:R;A25:R;A26:S;A28:S;A30:S,CHEMBL2104033,1
CHEMBL2104033::en2_A4:R;A7:S;A9:R;A12:R;A14:S;A15:R;A25:R;A26:S;A28:S;A30:S,CHEMBL2104033,2
CHEMBL2104033::en3_A4:S;A7:S;A9:R;A12:R;A14:S;A15:R;A25:R;A26:S;A28:S;A30:S,CHEMBL2104033,3
CHEMBL2104033::en4_A4:R;A7:R;A9:S;A12:R;A14:S;A15:R;A25:R;A26:S;A28:S;A30:S,CHEMBL2104033,4
CHEMBL2104042::en0_A3:R;A8:R,CHEMBL2104042,0
CHEMBL2104042::en1_A3:S;A8:R,CHEMBL2104042,1
CHEMBL2104042::en2_A3:R;A8:S,CHEMBL2104042,2
CHEMBL2104042::en3_A3:S;A8:S,CHEMBL2104042,3
CHEMBL2104043::en0_A1:S;A13:S,CHEMBL2104043,0
CHEMBL2104043::en1_A1:R;A13:S,CHEMBL2104043,1
CHEMBL2104043::en2_A1:S;A13:R,CHEMBL2104043,2
CHEMBL2104043::en3_A1:R;A13:R,CHEMBL2104043,3
CHEMBL2104047::en0_A1:S,CHEMBL2104047,0
CHEMBL2104047::en1_A1:R,CHEMBL2104047,1
CHEMBL2104052::en0_A1:R;A10:R;A13:S;A19:R;A20:R,CHEMBL2104052,0
CHEMBL2104052::en1_A1:S;A10:R;A13:S;A19:R;A20:R,CHEMBL2104052,1
CHEMBL2104052::en2_A1:R;A10:S;A13:S;A19:R;A20:R,CHEMBL2104052,2
CHEMBL2104052::en3_A1:S;A10:S;A13:S;A19:R;A20:R,CHEMBL2104052,3
CHEMBL2104052::en4_A1:R;A10:R;A13:R;A19:R;A20:R,CHEMBL2104052,4
CHEMBL2104067::en0_A15:S;A19:R;A28:S,CHEMBL2104067,0
CHEMBL2104067::en1_A15:R;A19:R;A28:S,CHEMBL2104067,1
CHEMBL2104067::en2_A15:S;A19:S;A28:S,CHEMBL2104067,2
CHEMBL2104067::en3_A15:R;A19:S;A28:S,CHEMBL2104067,3
CHEMBL2104067::en4_A15:S;A19:R;A28:R,CHEMBL2104067,4
CHEMBL2104074::en0_A9:R;A11:S;A13:R;A16:R;A23:R,CHEMBL2104074,0
CHEMBL2104074::en1_A9:S;A11:S;A13:R;A16:R;A23:R,CHEMBL2104074,1
CHEMBL2104074::en2_A9:R;A11:R;A13:R;A16:R;A23:R,CHEMBL2104074,2
CHEMBL2104074::en3_A9:S;A11:R;A13:R;A16:R;A23:R,CHEMBL2104074,3
CHEMBL2104074::en4_A9:R;A11:S;A13:S;A16:R;A23:R,CHEMBL2104074,4
CHEMBL2104086::en0_A5:R;A7:R;A10:S;A12:S;A16:S,CHEMBL2104086,0
CHEMBL2104086::en1_A5:S;A7:R;A10:S;A12:S;A16:S,CHEMBL2104086,1
CHEMBL2104086::en2_A5:R;A7:S;A10:S;A12:S;A16:S,CHEMBL2104086,2
CHEMBL2104086::en3_A5:S;A7:S;A10:S;A12:S;A16:S,CHEMBL2104086,3
CHEMBL2104086::en4_A5:R;A7:R;A10:R;A12:S;A16:S,CHEMBL2104086,4
CHEMBL2104091::en0_A20:S,CHEMBL2104091,0
CHEMBL2104091::en1_A20:R,CHEMBL2104091,1
CHEMBL2104104::en0_A2:R;A6:R;A7:R;A15:R;A16:R;A19:S,CHEMBL2104104,0
CHEMBL2104104::en1_A2:S;A6:R;A7:R;A15:R;A16:R;A19:S,CHEMBL2104104,1
CHEMBL2104104::en2_A2:R;A6:S;A7:R;A15:R;A16:R;A19:S,CHEMBL2104104,2
CHEMBL2104104::en3_A2:S;A6:S;A7:R;A15:R;A16:R;A19:S,CHEMBL2104104,3
CHEMBL2104104::en4_A2:R;A6:R;A7:S;A15:R;A16:R;A19:S,CHEMBL2104104,4
CHEMBL2104123::en0_A7:S;A9:R;A12:R;A13:S;A24:S;A26:S;A28:R;A31:S,CHEMBL2104123,0
CHEMBL2104123::en1_A7:R;A9:R;A12:R;A13:S;A24:S;A26:S;A28:R;A31:S,CHEMBL2104123,1
CHEMBL2104123::en2_A7:S;A9:S;A12:R;A13:S;A24:S;A26:S;A28:R;A31:S,CHEMBL2104123,2
CHEMBL2104123::en3_A7:R;A9:S;A12:R;A13:S;A24:S;A26:S;A28:R;A31:S,CHEMBL2104123,3
CHEMBL2104123::en4_A7:S;A9:R;A12:S;A13:S;A24:S;A26:S;A28:R;A31:S,CHEMBL2104123,4
CHEMBL2104126::en0_A4:R;A8:R;A11:R;A12:R;A22:R;A24:R;A27:S,CHEMBL2104126,0
CHEMBL2104126::en1_A4:S;A8:R;A11:R;A12:R;A22:R;A24:R;A27:S,CHEMBL2104126,1
CHEMBL2104126::en2_A4:R;A8:S;A11:R;A12:R;A22:R;A24:R;A27:S,CHEMBL2104126,2
CHEMBL2104126::en3_A4:S;A8:S;A11:R;A12:R;A22:R;A24:R;A27:S,CHEMBL2104126,3
CHEMBL2104126::en4_A4:R;A8:R;A11:S;A12:R;A22:R;A24:R;A27:S,CHEMBL2104126,4
CHEMBL2104140::en0_A9:S;A26:S,CHEMBL2104140,0
CHEMBL2104140::en1_A9:R;A26:S,CHEMBL2104140,1
CHEMBL2104140::en2_A9:S;A26:R,CHEMBL2104140,2
CHEMBL2104140::en3_A9:R;A26:R,CHEMBL2104140,3
CHEMBL2104152::en0_A7:R;A23:R,CHEMBL2104152,0
CHEMBL2104152::en1_A7:S;A23:R,CHEMBL2104152,1
CHEMBL2104152::en2_A7:R;A23:S,CHEMBL2104152,2
CHEMBL2104152::en3_A7:S;A23:S,CHEMBL2104152,3
CHEMBL2104152::en4_A7:R;A23:R,CHEMBL2104152,4
CHEMBL2104163::en0_A5:S;A9:R;A10:R;A22:R;A24:S,CHEMBL2104163,0
CHEMBL2104163::en1_A5:R;A9:R;A10:R;A22:R;A24:S,CHEMBL2104163,1
CHEMBL2104163::en2_A5:S;A9:S;A10:R;A22:R;A24:S,CHEMBL2104163,2
CHEMBL2104163::en3_A5:R;A9:S;A10:R;A22:R;A24:S,CHEMBL2104163,3
CHEMBL2104163::en4_A5:S;A9:R;A10:S;A22:R;A24:S,CHEMBL2104163,4
CHEMBL2104166::en0_A2:S;A6:R;A7:R;A15:R;A16:R;A19:S,CHEMBL2104166,0
CHEMBL2104166::en1_A2:R;A6:R;A7:R;A15:R;A16:R;A19:S,CHEMBL2104166,1
CHEMBL2104166::en2_A2:S;A6:S;A7:R;A15:R;A16:R;A19:S,CHEMBL2104166,2
CHEMBL2104166::en3_A2:R;A6:S;A7:R;A15:R;A16:R;A19:S,CHEMBL2104166,3
CHEMBL2104166::en4_A2:S;A6:R;A7:S;A15:R;A16:R;A19:S,CHEMBL2104166,4
CHEMBL2104167::en0_A1:S;A4:S;A14:S;A15:S;A18:S;A20:S,CHEMBL2104167,0
CHEMBL2104167::en1_A1:R;A4:S;A14:S;A15:S;A18:S;A20:S,CHEMBL2104167,1
CHEMBL2104167::en2_A1:S;A4:R;A14:S;A15:S;A18:S;A20:S,CHEMBL2104167,2
CHEMBL2104167::en3_A1:R;A4:R;A14:S;A15:S;A18:S;A20:S,CHEMBL2104167,3
CHEMBL2104167::en4_A1:S;A4:S;A14:R;A15:S;A18:S;A20:S,CHEMBL2104167,4
CHEMBL2104168::en0_A5:R;A17:S,CHEMBL2104168,0
CHEMBL2104168::en1_A5:S;A17:S,CHEMBL2104168,1
CHEMBL2104168::en2_A5:R;A17:R,CHEMBL2104168,2
CHEMBL2104168::en3_A5:S;A17:R,CHEMBL2104168,3
CHEMBL2104172::en0_A9:R;A27:R,CHEMBL2104172,0
CHEMBL2104172::en1_A9:S;A27:R,CHEMBL2104172,1
CHEMBL2104172::en2_A9:R;A27:S,CHEMBL2104172,2
CHEMBL2104172::en3_A9:S;A27:S,CHEMBL2104172,3
CHEMBL2104178::en0_A7:R;A22:S;A24:R,CHEMBL2104178,0
CHEMBL2104178::en1_A7:S;A22:S;A24:R,CHEMBL2104178,1
CHEMBL2104178::en2_A7:R;A22:R;A24:R,CHEMBL2104178,2
CHEMBL2104178::en3_A7:S;A22:R;A24:R,CHEMBL2104178,3
CHEMBL2104178::en4_A7:R;A22:S;A24:S,CHEMBL2104178,4
CHEMBL2104181::en0_A2:S;A4:S;A6:R;A8:R;A14:R;A15:R,CHEMBL2104181,0
CHEMBL2104181::en1_A2:R;A4:S;A6:R;A8:R;A14:R;A15:R,CHEMBL2104181,1
CHEMBL2104181::en2_A2:S;A4:R;A6:R;A8:R;A14:R;A15:R,CHEMBL2104181,2
CHEMBL2104181::en3_A2:R;A4:R;A6:R;A8:R;A14:R;A15:R,CHEMBL2104181,3
CHEMBL2104181::en4_A2:S;A4:S;A6:S;A8:R;A14:R;A15:R,CHEMBL2104181,4
CHEMBL2104182::en1_A12:S,CHEMBL2104182,1
CHEMBL2104182::en2_A4:R;A5:S;A10:R;A12:S;A14:R;A16:S,CHEMBL2104182,2
CHEMBL2104184::en0_A4:R;A5:R;A15:R;A18:S,CHEMBL2104184,0
CHEMBL2104187::en0_A6:R;A13:R;A14:S;A23:R;A25:R;A26:R;A29:S,CHEMBL2104187,0
CHEMBL2104187::en1_A6:S;A13:R;A14:S;A23:R;A25:R;A26:R;A29:S,CHEMBL2104187,1
CHEMBL2104187::en2_A6:R;A13:S;A14:S;A23:R;A25:R;A26:R;A29:S,CHEMBL2104187,2
CHEMBL2104187::en3_A6:S;A13:S;A14:S;A23:R;A25:R;A26:R;A29:S,CHEMBL2104187,3
CHEMBL2104187::en4_A6:R;A13:R;A14:R;A23:R;A25:R;A26:R;A29:S,CHEMBL2104187,4
CHEMBL2104195::en0_A9:R,CHEMBL2104195,0
CHEMBL2104195::en1_A9:S,CHEMBL2104195,1
CHEMBL2104211::en0_A8:R;A22:S,CHEMBL2104211,0
CHEMBL2104211::en1_A8:S;A22:S,CHEMBL2104211,1
CHEMBL2104211::en2_A8:R;A22:R,CHEMBL2104211,2
CHEMBL2104211::en3_A8:S;A22:R,CHEMBL2104211,3
CHEMBL2104221::en0_A1:R;A9:S;A10:S;A13:R;A18:R;A19:S,CHEMBL2104221,0
CHEMBL2104221::en1_A1:S;A9:S;A10:S;A13:R;A18:R;A19:S,CHEMBL2104221,1
CHEMBL2104221::en2_A1:R;A9:R;A10:S;A13:R;A18:R;A19:S,CHEMBL2104221,2
CHEMBL2104221::en3_A1:S;A9:R;A10:S;A13:R;A18:R;A19:S,CHEMBL2104221,3
CHEMBL2104221::en4_A1:R;A9:S;A10:R;A13:R;A18:R;A19:S,CHEMBL2104221,4
CHEMBL2104224::en0_A13:S;A16:R;A18:R;A21:R,CHEMBL2104224,0
CHEMBL2104224::en1_A13:R;A16:R;A18:R;A21:R,CHEMBL2104224,1
CHEMBL2104224::en2_A13:S;A16:S;A18:R;A21:R,CHEMBL2104224,2
CHEMBL2104224::en3_A13:R;A16:S;A18:R;A21:R,CHEMBL2104224,3
CHEMBL2104224::en4_A13:S;A16:R;A18:S;A21:R,CHEMBL2104224,4
CHEMBL2104231::en0_A3:R;A7:R;A8:S;A21:S,CHEMBL2104231,0
CHEMBL2104231::en1_A3:S;A7:R;A8:S;A21:S,CHEMBL2104231,1
CHEMBL2104231::en2_A3:R;A7:S;A8:S;A21:S,CHEMBL2104231,2
CHEMBL2104231::en3_A3:S;A7:S;A8:S;A21:S,CHEMBL2104231,3
CHEMBL2104231::en4_A3:R;A7:R;A8:R;A21:S,CHEMBL2104231,4
CHEMBL2104239::en0_A1:R;A11:R;A12:S;A15:R;A17:R;A20:S,CHEMBL2104239,0
CHEMBL2104239::en1_A1:S;A11:R;A12:S;A15:R;A17:R;A20:S,CHEMBL2104239,1
CHEMBL2104239::en2_A1:R;A11:S;A12:S;A15:R;A17:R;A20:S,CHEMBL2104239,2
CHEMBL2104239::en3_A1:S;A11:S;A12:S;A15:R;A17:R;A20:S,CHEMBL2104239,3
CHEMBL2104239::en4_A1:R;A11:R;A12:R;A15:R;A17:R;A20:S,CHEMBL2104239,4
CHEMBL2104242::en0_A2:S;A5:R;A7:R,CHEMBL2104242,0
CHEMBL2104242::en1_A2:R;A5:S;A7:S,CHEMBL2104242,1
CHEMBL2104246::en0_A1:R;A5:S,CHEMBL2104246,0
CHEMBL2104246::en1_A1:S;A5:S,CHEMBL2104246,1
CHEMBL2104246::en2_A1:R;A5:R,CHEMBL2104246,2
CHEMBL2104256::en0_A3:S;A7:R;A8:R;A10:S;A18:R;A20:R;A23:S,CHEMBL2104256,0
CHEMBL2104256::en1_A3:R;A7:R;A8:R;A10:S;A18:R;A20:R;A23:S,CHEMBL2104256,1
CHEMBL2104256::en2_A3:S;A7:S;A8:R;A10:S;A18:R;A20:R;A23:S,CHEMBL2104256,2
CHEMBL2104256::en3_A3:R;A7:S;A8:R;A10:S;A18:R;A20:R;A23:S,CHEMBL2104256,3
CHEMBL2104256::en4_A3:S;A7:R;A8:S;A10:S;A18:R;A20:R;A23:S,CHEMBL2104256,4
CHEMBL2104266::en0_A4:R;A5:R;A9:R;A20:R,CHEMBL2104266,0
CHEMBL2104266::en1_A4:S;A5:R;A9:R;A20:R,CHEMBL2104266,1
CHEMBL2104266::en2_A4:R;A5:S;A9:R;A20:R,CHEMBL2104266,2
CHEMBL2104266::en3_A4:S;A5:S;A9:R;A20:R,CHEMBL2104266,3
CHEMBL2104266::en4_A4:R;A5:R;A9:S;A20:R,CHEMBL2104266,4
CHEMBL2104267::en0_A5:S,CHEMBL2104267,0
CHEMBL2104267::en1_A5:R,CHEMBL2104267,1
CHEMBL2104273::en0_A3:S;A6:R;A8:R,CHEMBL2104273,0
CHEMBL2104273::en1_A3:R;A6:S;A8:S,CHEMBL2104273,1
CHEMBL2104285::en0_A9:R;A10:S;A26:R;A29:S,CHEMBL2104285,0
CHEMBL2104285::en1_A9:S;A10:S;A26:R;A29:S,CHEMBL2104285,1
CHEMBL2104285::en2_A9:R;A10:R;A26:R;A29:S,CHEMBL2104285,2
CHEMBL2104285::en3_A9:S;A10:R;A26:R;A29:S,CHEMBL2104285,3
CHEMBL2104285::en4_A9:R;A10:S;A26:S;A29:S,CHEMBL2104285,4
CHEMBL2104303::en0_A1:S;A14:R;A15:S;A18:R,CHEMBL2104303,0
CHEMBL2104303::en1_A1:R;A14:R;A15:S;A18:R,CHEMBL2104303,1
CHEMBL2104303::en2_A1:S;A14:S;A15:S;A18:R,CHEMBL2104303,2
CHEMBL2104303::en3_A1:R;A14:S;A15:S;A18:R,CHEMBL2104303,3
CHEMBL2104303::en4_A1:S;A14:R;A15:R;A18:R,CHEMBL2104303,4
CHEMBL2104328::en0_A3:S;A7:R;A8:R;A10:S;A18:R;A20:R;A23:S,CHEMBL2104328,0
CHEMBL2104328::en1_A3:R;A7:R;A8:R;A10:S;A18:R;A20:R;A23:S,CHEMBL2104328,1
CHEMBL2104328::en2_A3:S;A7:S;A8:R;A10:S;A18:R;A20:R;A23:S,CHEMBL2104328,2
CHEMBL2104328::en3_A3:R;A7:S;A8:R;A10:S;A18:R;A20:R;A23:S,CHEMBL2104328,3
CHEMBL2104328::en4_A3:S;A7:R;A8:S;A10:S;A18:R;A20:R;A23:S,CHEMBL2104328,4
CHEMBL2104330::en0_A9:R;A14:S,CHEMBL2104330,0
CHEMBL2104330::en1_A9:S;A14:S,CHEMBL2104330,1
CHEMBL2104330::en2_A9:R;A14:R,CHEMBL2104330,2
CHEMBL2104330::en3_A9:S;A14:R,CHEMBL2104330,3
CHEMBL2104338::en0_A4:R;A10:R;A11:R;A20:R;A22:R;A25:S,CHEMBL2104338,0
CHEMBL2104338::en1_A4:S;A10:R;A11:R;A20:R;A22:R;A25:S,CHEMBL2104338,1
CHEMBL2104338::en2_A4:R;A10:S;A11:R;A20:R;A22:R;A25:S,CHEMBL2104338,2
CHEMBL2104338::en3_A4:S;A10:S;A11:R;A20:R;A22:R;A25:S,CHEMBL2104338,3
CHEMBL2104338::en4_A4:R;A10:R;A11:S;A20:R;A22:R;A25:S,CHEMBL2104338,4
CHEMBL2104340::en0_A6:S;A8:S;A10:S,CHEMBL2104340,0
CHEMBL2104340::en1_A6:R;A8:S;A10:S,CHEMBL2104340,1
CHEMBL2104340::en2_A6:S;A8:R;A10:S,CHEMBL2104340,2
CHEMBL2104340::en3_A6:R;A8:R;A10:S,CHEMBL2104340,3
CHEMBL2104340::en4_A6:S;A8:S;A10:R,CHEMBL2104340,4
CHEMBL2104358::en0_A12:R;A15:R;A16:S;A19:S;A25:R;A27:R;A30:S,CHEMBL2104358,0
CHEMBL2104358::en1_A12:S;A15:R;A16:S;A19:S;A25:R;A27:R;A30:S,CHEMBL2104358,1
CHEMBL2104358::en2_A12:R;A15:S;A16:S;A19:S;A25:R;A27:R;A30:S,CHEMBL2104358,2
CHEMBL2104358::en3_A12:S;A15:S;A16:S;A19:S;A25:R;A27:R;A30:S,CHEMBL2104358,3
CHEMBL2104358::en4_A12:R;A15:R;A16:R;A19:S;A25:R;A27:R;A30:S,CHEMBL2104358,4
CHEMBL2104380::en0_A15:R;A26:R;A36:R;A44:S;A46:R,CHEMBL2104380,0
CHEMBL2104380::en1_A15:S;A26:R;A36:R;A44:S;A46:R,CHEMBL2104380,1
CHEMBL2104380::en2_A15:R;A26:S;A36:R;A44:S;A46:R,CHEMBL2104380,2
CHEMBL2104380::en3_A15:S;A26:S;A36:R;A44:S;A46:R,CHEMBL2104380,3
CHEMBL2104380::en4_A15:R;A26:R;A36:S;A44:S;A46:R,CHEMBL2104380,4
CHEMBL2104398::en0_A2:S;A4:S;A6:R;A8:R;A12:R;A14:R;A17:R;A19:S;A21:S,CHEMBL2104398,0
CHEMBL2104398::en1_A2:R;A4:S;A6:R;A8:R;A12:R;A14:R;A17:R;A19:S;A21:S,CHEMBL2104398,1
CHEMBL2104398::en2_A2:S;A4:R;A6:R;A8:R;A12:R;A14:R;A17:R;A19:S;A21:S,CHEMBL2104398,2
CHEMBL2104398::en3_A2:R;A4:R;A6:R;A8:R;A12:R;A14:R;A17:R;A19:S;A21:S,CHEMBL2104398,3
CHEMBL2104398::en4_A2:S;A4:S;A6:S;A8:R;A12:R;A14:R;A17:R;A19:S;A21:S,CHEMBL2104398,4
CHEMBL2104399::en0_A13:S;A45:R,CHEMBL2104399,0
CHEMBL2104399::en1_A13:R;A45:R,CHEMBL2104399,1
CHEMBL2104399::en2_A13:S;A45:S,CHEMBL2104399,2
CHEMBL2104401::en0_A13:S;A24:R;A26:S;A28:S;A30:S;A32:S,CHEMBL2104401,0
CHEMBL2104401::en1_A13:R;A24:R;A26:S;A28:S;A30:S;A32:S,CHEMBL2104401,1
CHEMBL2104401::en2_A13:S;A24:S;A26:S;A28:S;A30:S;A32:S,CHEMBL2104401,2
CHEMBL2104401::en3_A13:R;A24:S;A26:S;A28:S;A30:S;A32:S,CHEMBL2104401,3
CHEMBL2104401::en4_A13:S;A24:R;A26:R;A28:S;A30:S;A32:S,CHEMBL2104401,4
CHEMBL2104404::en0_A4:R;A8:R;A26:R;A34:R;A40:R;A48:R;A66:R;A74:R,CHEMBL2104404,0
CHEMBL2104404::en1_A4:S;A8:R;A26:R;A34:R;A40:R;A48:R;A66:R;A74:R,CHEMBL2104404,1
CHEMBL2104404::en2_A4:R;A8:S;A26:R;A34:R;A40:R;A48:R;A66:R;A74:R,CHEMBL2104404,2
CHEMBL2104404::en3_A4:S;A8:S;A26:R;A34:R;A40:R;A48:R;A66:R;A74:R,CHEMBL2104404,3
CHEMBL2104404::en4_A4:R;A8:R;A26:S;A34:R;A40:R;A48:R;A66:R;A74:R,CHEMBL2104404,4
CHEMBL2104408::en0_A1:S;A3:S;A5:S;A8:R;A9:R;A12:S;A14:S;A18:R;A25:S;A28:R;A29:S;A32:R;A34:S;A38:S;A39:R;A42:R,CHEMBL2104408,0
CHEMBL2104408::en1_A1:R;A3:R;A5:S;A8:S;A9:R;A12:R;A14:R;A18:S;A25:R;A28:R;A29:S;A32:R;A34:S;A38:R;A39:S;A42:R,CHEMBL2104408,1
CHEMBL2104408::en2_A1:R;A3:R;A5:S;A8:S;A9:R;A12:R;A14:R;A18:S;A25:R;A28:S;A29:R;A32:R;A34:R;A38:R;A39:S;A42:R,CHEMBL2104408,2
CHEMBL2104408::en3_A1:S;A3:S;A5:S;A8:R;A9:S;A12:S;A14:R;A18:R;A25:S;A28:R;A29:R;A32:S;A34:S;A38:R;A39:R;A42:R,CHEMBL2104408,3
CHEMBL2104408::en4_A1:S;A3:R;A5:S;A8:R;A9:S;A12:R;A14:S;A18:R;A25:S;A28:S;A29:S;A32:S;A34:S;A38:S;A39:R;A42:S,CHEMBL2104408,4
CHEMBL2104415::en0_A5:S;A7:S;A9:R;A15:R;A23:S;A24:R;A29:R;A33:R;A37:R;A44:R,CHEMBL2104415,0
CHEMBL2104415::en1_A5:S;A7:R;A9:R;A15:R;A23:R;A24:R;A29:R;A33:R;A37:R;A44:R,CHEMBL2104415,1
CHEMBL2104415::en2_A5:R;A7:S;A9:S;A15:R;A23:S;A24:R;A29:R;A33:S;A37:S;A44:S,CHEMBL2104415,2
CHEMBL2104415::en3_A5:R;A7:S;A9:R;A15:R;A23:S;A24:R;A29:S;A33:S;A37:R;A44:S,CHEMBL2104415,3
CHEMBL2104415::en4_A5:R;A7:R;A9:S;A15:S;A23:R;A24:R;A29:S;A33:S;A37:S;A44:R,CHEMBL2104415,4
CHEMBL2104416::en0_A1:R;A3:S;A5:S;A8:R;A9:R;A12:R;A14:R;A17:R;A26:R;A29:S;A30:S;A33:R;A35:S;A38:S;A41:R;A44:R,CHEMBL2104416,0
CHEMBL2104416::en1_A1:S;A3:R;A5:S;A8:R;A9:S;A12:S;A14:S;A17:R;A26:S;A29:R;A30:R;A33:S;A35:S;A38:R;A41:S;A44:S,CHEMBL2104416,1
CHEMBL2104416::en2_A1:S;A3:S;A5:R;A8:S;A9:R;A12:R;A14:S;A17:R;A26:S;A29:S;A30:R;A33:R;A35:R;A38:S;A41:S;A44:S,CHEMBL2104416,2
CHEMBL2104416::en3_A1:S;A3:R;A5:R;A8:R;A9:S;A12:R;A14:R;A17:S;A26:S;A29:R;A30:R;A33:S;A35:S;A38:S;A41:R;A44:S,CHEMBL2104416,3
CHEMBL2104416::en4_A1:R;A3:R;A5:R;A8:R;A9:R;A12:S;A14:R;A17:S;A26:R;A29:S;A30:R;A33:R;A35:S;A38:R;A41:S;A44:S,CHEMBL2104416,4
CHEMBL2104423::en0_A2:R;A6:R;A8:S;A9:R;A11:S;A13:S;A17:S;A20:R;A22:S;A25:R;A27:S;A30:R;A32:S;A35:S;A39:R;A44:R;A47:S;A49:R;A52:R,CHEMBL2104423,0
CHEMBL2104423::en1_A2:S;A6:S;A8:S;A9:S;A11:R;A13:R;A17:R;A20:R;A22:R;A25:R;A27:S;A30:R;A32:S;A35:R;A39:S;A44:S;A47:S;A49:S;A52:S,CHEMBL2104423,1
CHEMBL2104423::en2_A2:R;A6:R;A8:S;A9:R;A11:S;A13:R;A17:R;A20:S;A22:S;A25:S;A27:S;A30:R;A32:R;A35:S;A39:R;A44:R;A47:S;A49:S;A52:S,CHEMBL2104423,2
CHEMBL2104423::en3_A2:S;A6:S;A8:S;A9:S;A11:S;A13:R;A17:S;A20:S;A22:R;A25:R;A27:R;A30:S;A32:S;A35:R;A39:S;A44:S;A47:R;A49:R;A52:R,CHEMBL2104423,3
CHEMBL2104423::en4_A2:R;A6:S;A8:R;A9:S;A11:R;A13:S;A17:S;A20:S;A22:R;A25:R;A27:S;A30:S;A32:S;A35:R;A39:R;A44:S;A47:R;A49:R;A52:S,CHEMBL2104423,4
CHEMBL2104433::en0_A4:S;A8:S;A9:R;A11:S;A20:R;A29:R;A32:S;A35:S;A38:S;A41:S;A43:R;A45:S;A47:R;A50:R;A52:S;A57:R;A62:R;A67:R;A71:R;A73:R,CHEMBL2104433,0
CHEMBL2104433::en1_A4:S;A8:R;A9:R;A11:R;A20:S;A29:R;A32:S;A35:S;A38:S;A41:S;A43:S;A45:S;A47:S;A50:R;A52:S;A57:R;A62:S;A67:R;A71:S;A73:R,CHEMBL2104433,1
CHEMBL2104433::en2_A4:S;A8:R;A9:R;A11:R;A20:R;A29:S;A32:R;A35:R;A38:S;A41:S;A43:R;A45:R;A47:R;A50:S;A52:R;A57:R;A62:S;A67:S;A71:R;A73:R,CHEMBL2104433,2
CHEMBL2104433::en3_A4:S;A8:S;A9:R;A11:R;A20:R;A29:R;A32:S;A35:S;A38:S;A41:R;A43:R;A45:R;A47:S;A50:S;A52:R;A57:S;A62:R;A67:S;A71:S;A73:S,CHEMBL2104433,3
CHEMBL2104433::en4_A4:R;A8:R;A9:S;A11:S;A20:S;A29:R;A32:R;A35:R;A38:S;A41:S;A43:S;A45:S;A47:S;A50:R;A52:S;A57:R;A62:R;A67:R;A71:R;A73:S,CHEMBL2104433,4
CHEMBL2104436::en0_A4:R;A13:S;A14:R;A19:S;A20:S,CHEMBL2104436,0
CHEMBL2104436::en1_A4:R;A13:R;A14:R;A19:S;A20:S,CHEMBL2104436,1
CHEMBL2104438::en0_A10:R;A29:R,CHEMBL2104438,0
CHEMBL2104438::en1_A10:S;A29:R,CHEMBL2104438,1
CHEMBL2104438::en2_A10:R;A29:S,CHEMBL2104438,2
CHEMBL2104438::en3_A10:S;A29:S,CHEMBL2104438,3
CHEMBL2104438::en4_A10:R;A29:R,CHEMBL2104438,4
CHEMBL2104453::en0_A6:S;A22:S,CHEMBL2104453,0
CHEMBL2104453::en1_A6:R;A22:S,CHEMBL2104453,1
CHEMBL2104453::en2_A6:S;A22:R,CHEMBL2104453,2
CHEMBL2104453::en3_A6:R;A22:R,CHEMBL2104453,3
CHEMBL2104468::en0_A2:R;A4:R;A7:R;A8:R;A23:R;A26:S,CHEMBL2104468,0
CHEMBL2104468::en1_A2:S;A4:R;A7:R;A8:R;A23:R;A26:S,CHEMBL2104468,1
CHEMBL2104468::en2_A2:R;A4:S;A7:R;A8:R;A23:R;A26:S,CHEMBL2104468,2
CHEMBL2104468::en3_A2:S;A4:S;A7:R;A8:R;A23:R;A26:S,CHEMBL2104468,3
CHEMBL2104468::en4_A2:R;A4:R;A7:S;A8:R;A23:R;A26:S,CHEMBL2104468,4
CHEMBL2104469::en0_A11:S;A24:S,CHEMBL2104469,0
CHEMBL2104469::en1_A11:R;A24:S,CHEMBL2104469,1
CHEMBL2104469::en2_A11:S;A24:R,CHEMBL2104469,2
CHEMBL2104469::en3_A11:R;A24:R,CHEMBL2104469,3
CHEMBL2104469::en4_A11:S;A24:S,CHEMBL2104469,4
CHEMBL2104489::en0_A4:R;A10:R;A11:R;A13:S;A20:R;A22:R;A25:S,CHEMBL2104489,0
CHEMBL2104489::en1_A4:S;A10:R;A11:R;A13:S;A20:R;A22:R;A25:S,CHEMBL2104489,1
CHEMBL2104489::en2_A4:R;A10:S;A11:R;A13:S;A20:R;A22:R;A25:S,CHEMBL2104489,2
CHEMBL2104489::en3_A4:S;A10:S;A11:R;A13:S;A20:R;A22:R;A25:S,CHEMBL2104489,3
CHEMBL2104489::en4_A4:R;A10:R;A11:S;A13:S;A20:R;A22:R;A25:S,CHEMBL2104489,4
CHEMBL2104497::en0_A2:S;A7:S,CHEMBL2104497,0
CHEMBL2104497::en1_A2:R;A7:S,CHEMBL2104497,1
CHEMBL2104497::en2_A2:S;A7:R,CHEMBL2104497,2
CHEMBL2104497::en3_A2:R;A7:R,CHEMBL2104497,3
CHEMBL2104514::en0_A7:S;A13:R;A14:R;A16:R,CHEMBL2104514,0
CHEMBL2104514::en2_A1:S;A4:S;A7:R;A13:S;A14:R;A15:S;A16:S;A19:S,CHEMBL2104514,2
CHEMBL2104514::en3_A4:S;A6:S;A7:R;A13:S;A16:S;A19:S,CHEMBL2104514,3
CHEMBL2104515::en0_A5:R;A7:S;A10:R,CHEMBL2104515,0
CHEMBL2104515::en1_A5:S;A7:S;A10:R,CHEMBL2104515,1
CHEMBL2104522::en0_A8:S;A10:S,CHEMBL2104522,0
CHEMBL2104522::en1_A8:R;A10:S,CHEMBL2104522,1
CHEMBL2104522::en2_A8:S;A10:R,CHEMBL2104522,2
CHEMBL2104522::en3_A8:R;A10:R,CHEMBL2104522,3
CHEMBL2104522::en4_A8:S;A10:S,CHEMBL2104522,4
CHEMBL2104532::en0_A8:S;A14:R,CHEMBL2104532,0
CHEMBL2104532::en1_A8:R;A14:R,CHEMBL2104532,1
CHEMBL2104532::en2_A8:S;A14:S,CHEMBL2104532,2
CHEMBL2104532::en3_A8:R;A14:S,CHEMBL2104532,3
CHEMBL2104538::en0_A9:R,CHEMBL2104538,0
CHEMBL2104538::en1_A9:S,CHEMBL2104538,1
CHEMBL2104540::en0_A4:R;A11:S;A16:S;A17:S;A20:R;A22:R;A25:S;A28:S,CHEMBL2104540,0
CHEMBL2104540::en1_A4:S;A11:S;A16:S;A17:S;A20:R;A22:R;A25:S;A28:S,CHEMBL2104540,1
CHEMBL2104540::en2_A4:R;A11:R;A16:S;A17:S;A20:R;A22:R;A25:S;A28:S,CHEMBL2104540,2
CHEMBL2104540::en3_A4:S;A11:R;A16:S;A17:S;A20:R;A22:R;A25:S;A28:S,CHEMBL2104540,3
CHEMBL2104540::en4_A4:R;A11:S;A16:R;A17:S;A20:R;A22:R;A25:S;A28:S,CHEMBL2104540,4
CHEMBL2104550::en0_A4:R;A11:R;A14:R;A21:S;A23:R;A30:S,CHEMBL2104550,0
CHEMBL2104550::en1_A4:S;A11:R;A14:R;A21:S;A23:R;A30:S,CHEMBL2104550,1
CHEMBL2104550::en2_A4:R;A11:S;A14:S;A21:S;A23:R;A30:S,CHEMBL2104550,2
CHEMBL2104560::en0_A5:S;A16:S,CHEMBL2104560,0
CHEMBL2104560::en1_A5:R;A16:S,CHEMBL2104560,1
CHEMBL2104560::en2_A5:S;A16:R,CHEMBL2104560,2
CHEMBL2104560::en3_A5:R;A16:R,CHEMBL2104560,3
CHEMBL2104568::en0_A3:R;A6:R;A7:S;A21:R;A23:R;A26:S,CHEMBL2104568,0
CHEMBL2104568::en1_A3:S;A6:R;A7:S;A21:R;A23:R;A26:S,CHEMBL2104568,1
CHEMBL2104568::en2_A3:R;A6:S;A7:S;A21:R;A23:R;A26:S,CHEMBL2104568,2
CHEMBL2104568::en3_A3:S;A6:S;A7:S;A21:R;A23:R;A26:S,CHEMBL2104568,3
CHEMBL2104568::en4_A3:R;A6:R;A7:R;A21:R;A23:R;A26:S,CHEMBL2104568,4
CHEMBL2104574::en0_A5:S;A9:R;A32:S,CHEMBL2104574,0
CHEMBL2104574::en1_A5:R;A9:R;A32:S,CHEMBL2104574,1
CHEMBL2104574::en2_A5:S;A9:S;A32:S,CHEMBL2104574,2
CHEMBL2104574::en3_A5:R;A9:S;A32:S,CHEMBL2104574,3
CHEMBL2104574::en4_A5:S;A9:R;A32:R,CHEMBL2104574,4
CHEMBL2104578::en0_A3:S;A13:R;A21:R,CHEMBL2104578,0
CHEMBL2104578::en1_A3:R;A13:R;A21:R,CHEMBL2104578,1
CHEMBL2104578::en2_A3:S;A13:S;A21:R,CHEMBL2104578,2
CHEMBL2104578::en3_A3:R;A13:S;A21:R,CHEMBL2104578,3
CHEMBL2104578::en4_A3:S;A13:R;A21:S,CHEMBL2104578,4
CHEMBL2104586::en0_A6:S;A8:S;A16:R;A18:R;A22:S;A24:S;A27:R,CHEMBL2104586,0
CHEMBL2104586::en1_A6:R;A8:S;A16:R;A18:R;A22:S;A24:S;A27:R,CHEMBL2104586,1
CHEMBL2104586::en2_A6:S;A8:R;A16:R;A18:R;A22:S;A24:S;A27:R,CHEMBL2104586,2
CHEMBL2104586::en3_A6:R;A8:R;A16:R;A18:R;A22:S;A24:S;A27:R,CHEMBL2104586,3
CHEMBL2104586::en4_A6:S;A8:S;A16:S;A18:R;A22:S;A24:S;A27:R,CHEMBL2104586,4
CHEMBL2104590::en0_A4:R;A5:R;A9:S;A24:R,CHEMBL2104590,0
CHEMBL2104590::en1_A4:S;A5:R;A9:S;A24:R,CHEMBL2104590,1
CHEMBL2104590::en2_A4:R;A5:S;A9:S;A24:R,CHEMBL2104590,2
CHEMBL2104590::en3_A4:S;A5:S;A9:S;A24:R,CHEMBL2104590,3
CHEMBL2104590::en4_A4:R;A5:R;A9:R;A24:R,CHEMBL2104590,4
CHEMBL2104598::en0_A4:R;A10:R;A11:R;A21:R;A23:R;A26:S,CHEMBL2104598,0
CHEMBL2104598::en1_A4:S;A10:R;A11:R;A21:R;A23:R;A26:S,CHEMBL2104598,1
CHEMBL2104598::en2_A4:R;A10:S;A11:R;A21:R;A23:R;A26:S,CHEMBL2104598,2
CHEMBL2104598::en3_A4:S;A10:S;A11:R;A21:R;A23:R;A26:S,CHEMBL2104598,3
CHEMBL2104598::en4_A4:R;A10:R;A11:S;A21:R;A23:R;A26:S,CHEMBL2104598,4
CHEMBL2104604::en0_A6:S;A8:S;A10:S,CHEMBL2104604,0
CHEMBL2104604::en1_A6:R;A8:S;A10:S,CHEMBL2104604,1
CHEMBL2104604::en2_A6:S;A8:R;A10:S,CHEMBL2104604,2
CHEMBL2104604::en3_A6:R;A8:R;A10:S,CHEMBL2104604,3
CHEMBL2104604::en4_A6:S;A8:S;A10:R,CHEMBL2104604,4
CHEMBL2104617::en0_A5:R;A13:R,CHEMBL2104617,0
CHEMBL2104617::en1_A5:S;A13:R,CHEMBL2104617,1
CHEMBL2104617::en2_A5:R;A13:S,CHEMBL2104617,2
CHEMBL2104617::en3_A5:S;A13:S,CHEMBL2104617,3
CHEMBL2104623::en0_A9:S;A10:R;A22:S;A23:S;A29:R,CHEMBL2104623,0
CHEMBL2104623::en1_A9:R;A10:R;A22:S;A23:S;A29:R,CHEMBL2104623,1
CHEMBL2104623::en2_A9:S;A10:S;A22:S;A23:S;A29:R,CHEMBL2104623,2
CHEMBL2104623::en3_A9:R;A10:S;A22:S;A23:S;A29:R,CHEMBL2104623,3
CHEMBL2104623::en4_A9:S;A10:R;A22:R;A23:S;A29:R,CHEMBL2104623,4
CHEMBL2104631::en0_A3:R;A6:R;A7:S;A9:S;A17:R;A19:R;A20:R;A23:S,CHEMBL2104631,0
CHEMBL2104631::en1_A3:S;A6:R;A7:S;A9:S;A17:R;A19:R;A20:R;A23:S,CHEMBL2104631,1
CHEMBL2104631::en2_A3:R;A6:S;A7:S;A9:S;A17:R;A19:R;A20:R;A23:S,CHEMBL2104631,2
CHEMBL2104631::en3_A3:S;A6:S;A7:S;A9:S;A17:R;A19:R;A20:R;A23:S,CHEMBL2104631,3
CHEMBL2104631::en4_A3:R;A6:R;A7:R;A9:S;A17:R;A19:R;A20:R;A23:S,CHEMBL2104631,4
CHEMBL2104632::en0_A9:R;A12:R,CHEMBL2104632,0
CHEMBL2104632::en1_A9:S;A12:R,CHEMBL2104632,1
CHEMBL2104632::en2_A9:R;A12:S,CHEMBL2104632,2
CHEMBL2104632::en3_A9:S;A12:S,CHEMBL2104632,3
CHEMBL2104639::en0_A7:S,CHEMBL2104639,0
CHEMBL2104639::en1_A7:R,CHEMBL2104639,1
CHEMBL2104640::en0_A9:S,CHEMBL2104640,0
CHEMBL2104640::en1_A1:R;A7:S;A9:R,CHEMBL2104640,1
CHEMBL2104642::en0_A2:S;A3:R;A5:R;A6:S;A8:S;A9:R;A11:S;A13:R;A18:S;A20:R;A26:R;A28:R;A33:R;A36:S;A38:S,CHEMBL2104642,0
CHEMBL2104642::en1_A2:R;A3:R;A5:R;A6:R;A8:R;A9:S;A11:R;A13:S;A18:S;A20:R;A26:R;A28:R;A33:R;A36:R;A38:R,CHEMBL2104642,1
CHEMBL2104642::en2_A2:R;A3:R;A5:S;A6:R;A8:S;A9:R;A11:R;A13:S;A18:R;A20:S;A26:R;A28:R;A33:R;A36:R;A38:R,CHEMBL2104642,2
CHEMBL2104642::en3_A2:R;A3:R;A5:S;A6:S;A8:S;A9:S;A11:S;A13:R;A18:S;A20:R;A26:S;A28:S;A33:R;A36:R;A38:S,CHEMBL2104642,3
CHEMBL2104642::en4_A2:S;A3:R;A5:R;A6:R;A8:R;A9:R;A11:S;A13:S;A18:S;A20:R;A26:S;A28:R;A33:R;A36:R;A38:S,CHEMBL2104642,4
CHEMBL2104645::en0_A16:R;A17:S,CHEMBL2104645,0
CHEMBL2104645::en1_A16:S;A17:S,CHEMBL2104645,1
CHEMBL2104645::en2_A16:R;A17:R,CHEMBL2104645,2
CHEMBL2104645::en3_A16:S;A17:R,CHEMBL2104645,3
CHEMBL2104655::en0_A10:R;A27:S,CHEMBL2104655,0
CHEMBL2104655::en1_A10:S;A27:S,CHEMBL2104655,1
CHEMBL2104655::en2_A10:R;A27:R,CHEMBL2104655,2
CHEMBL2104655::en3_A10:S;A27:R,CHEMBL2104655,3
CHEMBL2104659::en0_A3:S;A12:R,CHEMBL2104659,0
CHEMBL2104659::en1_A3:R;A12:R,CHEMBL2104659,1
CHEMBL2104659::en2_A3:S;A12:S,CHEMBL2104659,2
CHEMBL2104659::en3_A3:R;A12:S,CHEMBL2104659,3
CHEMBL2104660::en0_A5:R,CHEMBL2104660,0
CHEMBL2104660::en1_A5:S,CHEMBL2104660,1
CHEMBL2104661::en0_A6:R;A16:R;A17:S;A19:S;A27:R;A29:R;A30:R;A33:S,CHEMBL2104661,0
CHEMBL2104661::en1_A6:S;A16:R;A17:S;A19:S;A27:R;A29:R;A30:R;A33:S,CHEMBL2104661,1
CHEMBL2104661::en2_A6:R;A16:S;A17:S;A19:S;A27:R;A29:R;A30:R;A33:S,CHEMBL2104661,2
CHEMBL2104661::en3_A6:S;A16:S;A17:S;A19:S;A27:R;A29:R;A30:R;A33:S,CHEMBL2104661,3
CHEMBL2104661::en4_A6:R;A16:R;A17:R;A19:S;A27:R;A29:R;A30:R;A33:S,CHEMBL2104661,4
CHEMBL2104662::en0_A10:R;A11:R;A14:R;A24:R;A27:S,CHEMBL2104662,0
CHEMBL2104662::en1_A10:S;A11:R;A14:R;A24:R;A27:S,CHEMBL2104662,1
CHEMBL2104662::en2_A10:R;A11:S;A14:R;A24:R;A27:S,CHEMBL2104662,2
CHEMBL2104662::en3_A10:S;A11:S;A14:R;A24:R;A27:S,CHEMBL2104662,3
CHEMBL2104662::en4_A10:R;A11:R;A14:S;A24:R;A27:S,CHEMBL2104662,4
CHEMBL2104687::en0_A5:S;A13:S;A31:R,CHEMBL2104687,0
CHEMBL2104687::en1_A5:R;A13:S;A31:R,CHEMBL2104687,1
CHEMBL2104687::en2_A5:S;A13:R;A31:R,CHEMBL2104687,2
CHEMBL2104687::en3_A5:R;A13:R;A31:R,CHEMBL2104687,3
CHEMBL2104687::en4_A5:S;A13:S;A31:S,CHEMBL2104687,4
CHEMBL2104698::en0_A6:S;A14:R;A17:R,CHEMBL2104698,0
CHEMBL2104698::en1_A6:R;A14:R;A17:R,CHEMBL2104698,1
CHEMBL2104698::en2_A6:S;A14:S;A17:S,CHEMBL2104698,2
CHEMBL2104709::en0_A6:R,CHEMBL2104709,0
CHEMBL2104709::en1_A6:S,CHEMBL2104709,1
CHEMBL2104712::en0_A4:R;A7:R;A8:R;A11:R;A25:R;A28:S;A30:R;A33:S,CHEMBL2104712,0
CHEMBL2104712::en1_A4:S;A7:R;A8:R;A11:R;A25:R;A28:S;A30:R;A33:S,CHEMBL2104712,1
CHEMBL2104712::en2_A4:R;A7:S;A8:R;A11:R;A25:R;A28:S;A30:R;A33:S,CHEMBL2104712,2
CHEMBL2104712::en3_A4:S;A7:S;A8:R;A11:R;A25:R;A28:S;A30:R;A33:S,CHEMBL2104712,3
CHEMBL2104712::en4_A4:R;A7:R;A8:S;A11:R;A25:R;A28:S;A30:R;A33:S,CHEMBL2104712,4
CHEMBL2104719::en0_A7:R;A14:R;A15:S;A24:R;A26:R;A27:R;A30:S,CHEMBL2104719,0
CHEMBL2104719::en1_A7:S;A14:R;A15:S;A24:R;A26:R;A27:R;A30:S,CHEMBL2104719,1
CHEMBL2104719::en2_A7:R;A14:S;A15:S;A24:R;A26:R;A27:R;A30:S,CHEMBL2104719,2
CHEMBL2104719::en3_A7:S;A14:S;A15:S;A24:R;A26:R;A27:R;A30:S,CHEMBL2104719,3
CHEMBL2104719::en4_A7:R;A14:R;A15:R;A24:R;A26:R;A27:R;A30:S,CHEMBL2104719,4
CHEMBL2104724::en0_A4:S;A6:S;A10:R;A11:S;A24:R;A26:S,CHEMBL2104724,0
CHEMBL2104724::en1_A4:R;A6:S;A10:R;A11:S;A24:R;A26:S,CHEMBL2104724,1
CHEMBL2104724::en2_A4:S;A6:R;A10:R;A11:S;A24:R;A26:S,CHEMBL2104724,2
CHEMBL2104724::en3_A4:R;A6:R;A10:R;A11:S;A24:R;A26:S,CHEMBL2104724,3
CHEMBL2104724::en4_A4:S;A6:S;A10:S;A11:S;A24:R;A26:S,CHEMBL2104724,4
CHEMBL2104731::en0_A3:R;A24:S,CHEMBL2104731,0
CHEMBL2104731::en1_A3:S;A24:S,CHEMBL2104731,1
CHEMBL2104731::en2_A3:R;A24:R,CHEMBL2104731,2
CHEMBL2104731::en3_A3:S;A24:R,CHEMBL2104731,3
CHEMBL2104733::en0_A4:R;A5:R;A25:R,CHEMBL2104733,0
CHEMBL2104733::en1_A4:S;A5:R;A25:R,CHEMBL2104733,1
CHEMBL2104733::en2_A4:R;A5:S;A25:R,CHEMBL2104733,2
CHEMBL2104733::en3_A4:S;A5:S;A25:R,CHEMBL2104733,3
CHEMBL2104733::en4_A4:R;A5:R;A25:S,CHEMBL2104733,4
CHEMBL2104743::en0_A9:S,CHEMBL2104743,0
CHEMBL2104743::en1_A9:R,CHEMBL2104743,1
CHEMBL2104744::en0_A4:R;A10:R;A11:R;A20:R;A21:R;A22:R;A25:S,CHEMBL2104744,0
CHEMBL2104744::en1_A4:S;A10:R;A11:R;A20:R;A21:R;A22:R;A25:S,CHEMBL2104744,1
CHEMBL2104744::en2_A4:R;A10:S;A11:R;A20:R;A21:R;A22:R;A25:S,CHEMBL2104744,2
CHEMBL2104744::en3_A4:S;A10:S;A11:R;A20:R;A21:R;A22:R;A25:S,CHEMBL2104744,3
CHEMBL2104744::en4_A4:R;A10:R;A11:S;A20:R;A21:R;A22:R;A25:S,CHEMBL2104744,4
CHEMBL2104748::en0_A1:R;A3:S,CHEMBL2104748,0
CHEMBL2104748::en1_A1:S;A3:S,CHEMBL2104748,1
CHEMBL2104748::en2_A1:R;A3:R,CHEMBL2104748,2
CHEMBL2104751::en0_A9:S;A17:S;A18:S;A24:R,CHEMBL2104751,0
CHEMBL2104751::en1_A9:R;A17:S;A18:S;A24:R,CHEMBL2104751,1
CHEMBL2104751::en2_A9:S;A17:R;A18:S;A24:R,CHEMBL2104751,2
CHEMBL2104751::en3_A9:R;A17:R;A18:S;A24:R,CHEMBL2104751,3
CHEMBL2104765::en0_A1:S;A5:R;A9:R;A10:S;A23:S,CHEMBL2104765,0
CHEMBL2104765::en1_A1:R;A5:R;A9:R;A10:S;A23:S,CHEMBL2104765,1
CHEMBL2104765::en2_A1:S;A5:S;A9:R;A10:S;A23:S,CHEMBL2104765,2
CHEMBL2104765::en3_A1:R;A5:S;A9:R;A10:S;A23:S,CHEMBL2104765,3
CHEMBL2104765::en4_A1:S;A5:R;A9:S;A10:S;A23:S,CHEMBL2104765,4
CHEMBL2104801::en0_A3:S;A7:R;A8:R;A22:R;A24:R;A27:S,CHEMBL2104801,0
CHEMBL2104801::en1_A3:R;A7:R;A8:R;A22:R;A24:R;A27:S,CHEMBL2104801,1
CHEMBL2104801::en2_A3:S;A7:S;A8:R;A22:R;A24:R;A27:S,CHEMBL2104801,2
CHEMBL2104801::en3_A3:R;A7:S;A8:R;A22:R;A24:R;A27:S,CHEMBL2104801,3
CHEMBL2104801::en4_A3:S;A7:R;A8:S;A22:R;A24:R;A27:S,CHEMBL2104801,4
CHEMBL2104845::en0_A8:R,CHEMBL2104845,0
CHEMBL2104845::en1_A8:S,CHEMBL2104845,1
CHEMBL2104849::en0_A1:R;A15:R;A16:S;A19:R;A21:R;A24:S,CHEMBL2104849,0
CHEMBL2104849::en1_A1:S;A15:R;A16:S;A19:R;A21:R;A24:S,CHEMBL2104849,1
CHEMBL2104849::en2_A1:R;A15:S;A16:S;A19:R;A21:R;A24:S,CHEMBL2104849,2
CHEMBL2104849::en3_A1:S;A15:S;A16:S;A19:R;A21:R;A24:S,CHEMBL2104849,3
CHEMBL2104849::en4_A1:R;A15:R;A16:R;A19:R;A21:R;A24:S,CHEMBL2104849,4
CHEMBL2104851::en0_A4:S;A5:S;A14:R;A19:R,CHEMBL2104851,0
CHEMBL2104851::en1_A4:R;A5:S;A14:R;A19:R,CHEMBL2104851,1
CHEMBL2104860::en0_A4:R;A7:R;A8:R;A11:R;A13:S;A15:R;A17:S;A19:R;A22:S,CHEMBL2104860,0
CHEMBL2104860::en1_A4:S;A7:R;A8:R;A11:R;A13:S;A15:R;A17:S;A19:R;A22:S,CHEMBL2104860,1
CHEMBL2104860::en2_A4:R;A7:S;A8:R;A11:R;A13:S;A15:R;A17:S;A19:R;A22:S,CHEMBL2104860,2
CHEMBL2104860::en3_A4:S;A7:S;A8:R;A11:R;A13:S;A15:R;A17:S;A19:R;A22:S,CHEMBL2104860,3
CHEMBL2104860::en4_A4:R;A7:R;A8:S;A11:R;A13:S;A15:R;A17:S;A19:R;A22:S,CHEMBL2104860,4
CHEMBL2104862::en0_A1:S,CHEMBL2104862,0
CHEMBL2104862::en1_A1:R,CHEMBL2104862,1
CHEMBL2104879::en0_A9:R;A10:S;A13:S;A22:R;A25:S,CHEMBL2104879,0
CHEMBL2104879::en1_A9:S;A10:S;A13:S;A22:R;A25:S,CHEMBL2104879,1
CHEMBL2104879::en2_A9:R;A10:R;A13:S;A22:R;A25:S,CHEMBL2104879,2
CHEMBL2104879::en3_A9:S;A10:R;A13:S;A22:R;A25:S,CHEMBL2104879,3
CHEMBL2104879::en4_A9:R;A10:S;A13:R;A22:R;A25:S,CHEMBL2104879,4
CHEMBL2104885::en0_A3:S;A25:S,CHEMBL2104885,0
CHEMBL2104885::en1_A3:R;A25:S,CHEMBL2104885,1
CHEMBL2104885::en2_A3:S;A25:R,CHEMBL2104885,2
CHEMBL2104885::en3_A3:R;A25:R,CHEMBL2104885,3
CHEMBL2104888::en0_A3:R;A11:S;A17:S;A19:R,CHEMBL2104888,0
CHEMBL2104888::en1_A3:S;A11:S;A17:S;A19:R,CHEMBL2104888,1
CHEMBL2104888::en2_A3:R;A11:R;A17:S;A19:R,CHEMBL2104888,2
CHEMBL2104888::en3_A3:S;A11:R;A17:S;A19:R,CHEMBL2104888,3
CHEMBL2104888::en4_A3:R;A11:S;A17:R;A19:R,CHEMBL2104888,4
CHEMBL2104890::en0_A11:R;A12:S;A15:R;A23:R;A26:S,CHEMBL2104890,0
CHEMBL2104890::en1_A11:S;A12:S;A15:R;A23:R;A26:S,CHEMBL2104890,1
CHEMBL2104890::en2_A11:R;A12:R;A15:R;A23:R;A26:S,CHEMBL2104890,2
CHEMBL2104890::en3_A11:S;A12:R;A15:R;A23:R;A26:S,CHEMBL2104890,3
CHEMBL2104890::en4_A11:R;A12:S;A15:S;A23:R;A26:S,CHEMBL2104890,4
CHEMBL2104906::en0_A1:R;A4:R;A8:R;A11:R;A12:R;A21:R;A22:R;A25:S,CHEMBL2104906,0
CHEMBL2104906::en1_A1:S;A4:R;A8:S;A11:R;A12:R;A21:R;A22:R;A25:S,CHEMBL2104906,1
CHEMBL2104906::en2_A1:R;A4:R;A8:R;A11:S;A12:R;A21:R;A22:R;A25:S,CHEMBL2104906,2
CHEMBL2104917::en0_A4:R;A5:S,CHEMBL2104917,0
CHEMBL2104917::en1_A4:S;A5:S,CHEMBL2104917,1
CHEMBL2104917::en2_A4:R;A5:R,CHEMBL2104917,2
CHEMBL2104917::en3_A4:S;A5:R,CHEMBL2104917,3
CHEMBL2104928::en0_A2:S;A36:S,CHEMBL2104928,0
CHEMBL2104928::en1_A2:R;A36:S,CHEMBL2104928,1
CHEMBL2104928::en2_A2:S;A36:R,CHEMBL2104928,2
CHEMBL2104928::en3_A2:R;A36:R,CHEMBL2104928,3
CHEMBL2104932::en0_A3:S;A7:R;A8:R;A10:S;A21:R;A23:R;A26:S,CHEMBL2104932,0
CHEMBL2104932::en1_A3:R;A7:R;A8:R;A10:S;A21:R;A23:R;A26:S,CHEMBL2104932,1
CHEMBL2104932::en2_A3:S;A7:S;A8:R;A10:S;A21:R;A23:R;A26:S,CHEMBL2104932,2
CHEMBL2104932::en3_A3:R;A7:S;A8:R;A10:S;A21:R;A23:R;A26:S,CHEMBL2104932,3
CHEMBL2104932::en4_A3:S;A7:R;A8:S;A10:S;A21:R;A23:R;A26:S,CHEMBL2104932,4
CHEMBL2104946::en0_A2:S;A18:R;A21:S,CHEMBL2104946,0
CHEMBL2104946::en1_A2:R;A18:R;A21:S,CHEMBL2104946,1
CHEMBL2104946::en2_A2:S;A18:S;A21:S,CHEMBL2104946,2
CHEMBL2104946::en3_A2:R;A18:S;A21:S,CHEMBL2104946,3
CHEMBL2104946::en4_A2:S;A18:R;A21:R,CHEMBL2104946,4
CHEMBL2104960::en0_A6:S,CHEMBL2104960,0
CHEMBL2104960::en1_A6:R,CHEMBL2104960,1
CHEMBL2104967::en0_A15:S,CHEMBL2104967,0
CHEMBL2104967::en1_A15:R,CHEMBL2104967,1
CHEMBL2104968::en0_A2:R,CHEMBL2104968,0
CHEMBL2104968::en1_A2:S,CHEMBL2104968,1
CHEMBL2104968::en2_A2:R,CHEMBL2104968,2
CHEMBL2104968::en3_A2:S,CHEMBL2104968,3
CHEMBL2104975::en0_A2:S;A22:R;A25:R,CHEMBL2104975,0
CHEMBL2104975::en1_A2:R;A22:R;A25:R,CHEMBL2104975,1
CHEMBL2104975::en2_A2:S;A22:S;A25:R,CHEMBL2104975,2
CHEMBL2104975::en3_A2:R;A22:S;A25:R,CHEMBL2104975,3
CHEMBL2104975::en4_A2:S;A22:R;A25:S,CHEMBL2104975,4
CHEMBL2104978::en0_A14:R,CHEMBL2104978,0
CHEMBL2104978::en1_A14:S,CHEMBL2104978,1
CHEMBL2104994::en0_A3:S;A5:S;A19:R,CHEMBL2104994,0
CHEMBL2104994::en1_A3:R;A19:R,CHEMBL2104994,1
CHEMBL2104994::en2_A3:S;A5:R;A19:R,CHEMBL2104994,2
CHEMBL2104994::en3_A3:S;A19:S,CHEMBL2104994,3
CHEMBL2104996::en0_A6:R;A11:S;A12:S,CHEMBL2104996,0
CHEMBL2104996::en1_A6:S;A11:S;A12:S,CHEMBL2104996,1
CHEMBL2104996::en2_A6:R;A11:R;A12:S,CHEMBL2104996,2
CHEMBL2104996::en3_A6:S;A11:R;A12:S,CHEMBL2104996,3
CHEMBL2104996::en4_A6:R;A11:S;A12:R,CHEMBL2104996,4
CHEMBL2105010::en0_A1:R;A12:R;A13:S;A16:R;A18:R;A21:S,CHEMBL2105010,0
CHEMBL2105010::en1_A1:S;A12:R;A13:S;A16:R;A18:R;A21:S,CHEMBL2105010,1
CHEMBL2105010::en2_A1:R;A12:S;A13:S;A16:R;A18:R;A21:S,CHEMBL2105010,2
CHEMBL2105010::en3_A1:S;A12:S;A13:S;A16:R;A18:R;A21:S,CHEMBL2105010,3
CHEMBL2105010::en4_A1:R;A12:R;A13:R;A16:R;A18:R;A21:S,CHEMBL2105010,4
CHEMBL2105014::en0_A2:R,CHEMBL2105014,0
CHEMBL2105014::en1_A2:S,CHEMBL2105014,1
CHEMBL2105032::en0_A5:S;A7:R,CHEMBL2105032,0
CHEMBL2105032::en1_A5:R;A7:R,CHEMBL2105032,1
CHEMBL2105032::en2_A5:S;A7:S,CHEMBL2105032,2
CHEMBL2105032::en3_A5:R;A7:S,CHEMBL2105032,3
CHEMBL2105033::en0_A25:S,CHEMBL2105033,0
CHEMBL2105033::en1_A25:R,CHEMBL2105033,1
CHEMBL2105050::en0_A2:S;A12:S,CHEMBL2105050,0
CHEMBL2105050::en1_A2:R;A12:R,CHEMBL2105050,1
CHEMBL2105063::en0_A9:R;A10:S;A27:R;A30:S,CHEMBL2105063,0
CHEMBL2105063::en1_A9:S;A10:S;A27:R;A30:S,CHEMBL2105063,1
CHEMBL2105063::en2_A9:R;A10:R;A27:R;A30:S,CHEMBL2105063,2
CHEMBL2105063::en3_A9:S;A10:R;A27:R;A30:S,CHEMBL2105063,3
CHEMBL2105063::en4_A9:R;A10:S;A27:S;A30:S,CHEMBL2105063,4
CHEMBL2105086::en0_A2:S;A7:S,CHEMBL2105086,0
CHEMBL2105086::en1_A2:R;A7:S,CHEMBL2105086,1
CHEMBL2105086::en2_A2:S;A7:R,CHEMBL2105086,2
CHEMBL2105086::en3_A2:R;A7:R,CHEMBL2105086,3
CHEMBL2105087::en0_A9:R;A10:R;A13:R;A14:S;A16:S;A24:R;A26:R;A27:R;A30:S,CHEMBL2105087,0
CHEMBL2105087::en1_A9:S;A10:R;A13:R;A14:S;A16:S;A24:R;A26:R;A27:R;A30:S,CHEMBL2105087,1
CHEMBL2105087::en2_A9:R;A10:S;A13:R;A14:S;A16:S;A24:R;A26:R;A27:R;A30:S,CHEMBL2105087,2
CHEMBL2105087::en3_A9:S;A10:S;A13:R;A14:S;A16:S;A24:R;A26:R;A27:R;A30:S,CHEMBL2105087,3
CHEMBL2105087::en4_A9:R;A10:R;A13:S;A14:S;A16:S;A24:R;A26:R;A27:R;A30:S,CHEMBL2105087,4
CHEMBL2105099::en0_A1:R;A3:R;A12:R;A14:S;A16:S,CHEMBL2105099,0
CHEMBL2105099::en1_A1:S;A3:R;A12:R;A14:S;A16:S,CHEMBL2105099,1
CHEMBL2105099::en2_A1:R;A3:S;A12:R;A14:S;A16:S,CHEMBL2105099,2
CHEMBL2105099::en3_A1:S;A3:S;A12:R;A14:S;A16:S,CHEMBL2105099,3
CHEMBL2105099::en4_A1:R;A3:R;A12:S;A14:S;A16:S,CHEMBL2105099,4
CHEMBL2105103::en0_A3:S;A5:S;A7:R;A8:S;A16:R;A18:S;A19:S;A21:R;A24:R,CHEMBL2105103,0
CHEMBL2105103::en1_A3:R;A5:R;A7:R;A8:S;A16:R;A18:S;A19:S;A21:R;A24:R,CHEMBL2105103,1
CHEMBL2105104::en0_A1:S,CHEMBL2105104,0
CHEMBL2105104::en1_A1:R,CHEMBL2105104,1
CHEMBL2105107::en0_A1:R;A9:S;A12:R;A18:S;A21:R;A27:R,CHEMBL2105107,0
CHEMBL2105107::en1_A1:S;A9:S;A12:R;A18:S;A21:R;A27:R,CHEMBL2105107,1
CHEMBL2105107::en2_A1:R;A9:R;A12:R;A18:S;A21:R;A27:R,CHEMBL2105107,2
CHEMBL2105107::en3_A1:S;A9:R;A12:R;A18:S;A21:R;A27:R,CHEMBL2105107,3
CHEMBL2105107::en4_A1:R;A9:S;A12:S;A18:S;A21:R;A27:R,CHEMBL2105107,4
CHEMBL2105116::en0_A10:R;A12:R;A15:R;A17:S,CHEMBL2105116,0
CHEMBL2105116::en1_A10:S;A12:R;A15:R;A17:S,CHEMBL2105116,1
CHEMBL2105116::en2_A10:R;A12:S;A15:R;A17:S,CHEMBL2105116,2
CHEMBL2105116::en3_A10:S;A12:S;A15:R;A17:S,CHEMBL2105116,3
CHEMBL2105116::en4_A10:R;A12:R;A15:S;A17:S,CHEMBL2105116,4
CHEMBL2105118::en0_A3:R,CHEMBL2105118,0
CHEMBL2105118::en1_A3:S,CHEMBL2105118,1
CHEMBL2105134::en0_A2:S;A6:R;A7:R;A16:R;A17:R;A20:S,CHEMBL2105134,0
CHEMBL2105134::en1_A2:R;A6:R;A7:R;A16:R;A17:R;A20:S,CHEMBL2105134,1
CHEMBL2105134::en2_A2:S;A6:S;A7:R;A16:R;A17:R;A20:S,CHEMBL2105134,2
CHEMBL2105134::en3_A2:R;A6:S;A7:R;A16:R;A17:R;A20:S,CHEMBL2105134,3
CHEMBL2105134::en4_A2:S;A6:R;A7:S;A16:R;A17:R;A20:S,CHEMBL2105134,4
CHEMBL2105135::en0_A8:S,CHEMBL2105135,0
CHEMBL2105135::en1_A8:R,CHEMBL2105135,1
CHEMBL2105136::en0_A9:S;A10:R;A22:S;A23:S;A29:R,CHEMBL2105136,0
CHEMBL2105136::en1_A9:R;A10:R;A22:S;A23:S;A29:R,CHEMBL2105136,1
CHEMBL2105136::en2_A9:S;A10:S;A22:S;A23:S;A29:R,CHEMBL2105136,2
CHEMBL2105136::en3_A9:R;A10:S;A22:S;A23:S;A29:R,CHEMBL2105136,3
CHEMBL2105136::en4_A9:S;A10:R;A22:R;A23:S;A29:R,CHEMBL2105136,4
CHEMBL2105160::en0_A1:S,CHEMBL2105160,0
CHEMBL2105160::en1_A1:R,CHEMBL2105160,1
CHEMBL2105160::en2_A1:S,CHEMBL2105160,2
CHEMBL2105160::en3_A1:R,CHEMBL2105160,3
CHEMBL2105162::en0_A14:R;A22:S,CHEMBL2105162,0
CHEMBL2105162::en1_A14:S;A22:S,CHEMBL2105162,1
CHEMBL2105162::en2_A14:R;A22:R,CHEMBL2105162,2
CHEMBL2105162::en3_A14:S;A22:R,CHEMBL2105162,3
CHEMBL2105166::en0_A19:S;A28:S,CHEMBL2105166,0
CHEMBL2105166::en1_A19:R;A28:S,CHEMBL2105166,1
CHEMBL2105166::en2_A19:S;A28:R,CHEMBL2105166,2
CHEMBL2105166::en3_A19:R;A28:R,CHEMBL2105166,3
CHEMBL2105170::en0_A1:S;A4:R;A5:S;A15:R;A16:S;A19:S,CHEMBL2105170,0
CHEMBL2105170::en1_A1:R;A4:R;A5:S;A15:R;A16:S;A19:S,CHEMBL2105170,1
CHEMBL2105170::en2_A1:S;A4:S;A5:S;A15:R;A16:S;A19:S,CHEMBL2105170,2
CHEMBL2105170::en3_A1:R;A4:S;A5:S;A15:R;A16:S;A19:S,CHEMBL2105170,3
CHEMBL2105170::en4_A1:S;A4:R;A5:R;A15:R;A16:S;A19:S,CHEMBL2105170,4
CHEMBL2105172::en0_A11:R;A13:S;A15:R;A18:R;A26:R,CHEMBL2105172,0
CHEMBL2105172::en1_A11:S;A13:S;A15:R;A18:R;A26:R,CHEMBL2105172,1
CHEMBL2105172::en2_A11:R;A13:R;A15:R;A18:R;A26:R,CHEMBL2105172,2
CHEMBL2105172::en3_A11:S;A13:R;A15:R;A18:R;A26:R,CHEMBL2105172,3
CHEMBL2105172::en4_A11:R;A13:S;A15:S;A18:R;A26:R,CHEMBL2105172,4
CHEMBL2105187::en0_A2:R;A8:S;A10:R,CHEMBL2105187,0
CHEMBL2105187::en1_A2:S;A8:S;A10:R,CHEMBL2105187,1
CHEMBL2105187::en2_A2:R;A8:R;A10:R,CHEMBL2105187,2
CHEMBL2105187::en3_A2:S;A8:R;A10:R,CHEMBL2105187,3
CHEMBL2105187::en4_A2:R;A8:S;A10:S,CHEMBL2105187,4
CHEMBL2105197::en0_A1:S;A6:S;A23:R,CHEMBL2105197,0
CHEMBL2105197::en1_A1:R;A6:S;A23:R,CHEMBL2105197,1
CHEMBL2105197::en2_A1:S;A6:R;A23:R,CHEMBL2105197,2
CHEMBL2105197::en3_A1:R;A6:R;A23:R,CHEMBL2105197,3
CHEMBL2105197::en4_A1:S;A6:S;A23:S,CHEMBL2105197,4
CHEMBL2105209::en0_A3:R;A5:R;A7:R;A10:S;A11:S;A12:R;A17:S;A19:R;A25:S;A27:S,CHEMBL2105209,0
CHEMBL2105209::en1_A3:S;A5:R;A7:R;A10:S;A11:S;A12:R;A17:S;A19:R;A25:S;A27:S,CHEMBL2105209,1
CHEMBL2105209::en2_A3:R;A5:S;A7:R;A10:S;A11:S;A12:R;A17:S;A19:R;A25:S;A27:S,CHEMBL2105209,2
CHEMBL2105209::en3_A3:S;A5:S;A7:R;A10:S;A11:S;A12:R;A17:S;A19:R;A25:S;A27:S,CHEMBL2105209,3
CHEMBL2105209::en4_A3:R;A5:R;A7:S;A10:S;A11:S;A12:R;A17:S;A19:R;A25:S;A27:S,CHEMBL2105209,4
CHEMBL2105210::en0_A6:R;A10:R;A12:S;A15:R,CHEMBL2105210,0
CHEMBL2105210::en1_A6:S;A10:R;A12:S;A15:R,CHEMBL2105210,1
CHEMBL2105210::en2_A6:R;A10:S;A12:S;A15:R,CHEMBL2105210,2
CHEMBL2105210::en3_A6:S;A10:S;A12:S;A15:R,CHEMBL2105210,3
CHEMBL2105224::en0_A4:R;A21:S;A22:R;A26:S;A27:S,CHEMBL2105224,0
CHEMBL2105224::en1_A4:R;A21:R;A22:R;A26:S;A27:S,CHEMBL2105224,1
CHEMBL2105234::en0_A1:R;A11:R;A12:S;A15:S;A21:R,CHEMBL2105234,0
CHEMBL2105234::en1_A1:S;A11:R;A12:S;A15:S;A21:R,CHEMBL2105234,1
CHEMBL2105234::en2_A1:R;A11:S;A12:S;A15:S;A21:R,CHEMBL2105234,2
CHEMBL2105234::en3_A1:S;A11:S;A12:S;A15:S;A21:R,CHEMBL2105234,3
CHEMBL2105234::en4_A1:R;A11:R;A12:R;A15:S;A21:R,CHEMBL2105234,4
CHEMBL2105236::en0_A5:S;A10:R;A11:S;A14:R;A16:R;A19:R;A23:S,CHEMBL2105236,0
CHEMBL2105236::en1_A5:R;A10:R;A11:S;A14:R;A16:R;A19:R;A23:S,CHEMBL2105236,1
CHEMBL2105236::en2_A5:S;A10:S;A11:S;A14:R;A16:R;A19:R;A23:S,CHEMBL2105236,2
CHEMBL2105236::en3_A5:R;A10:S;A11:S;A14:R;A16:R;A19:R;A23:S,CHEMBL2105236,3
CHEMBL2105236::en4_A5:S;A10:R;A11:R;A14:R;A16:R;A19:R;A23:S,CHEMBL2105236,4
CHEMBL2105244::en0_A5:S;A14:S,CHEMBL2105244,0
CHEMBL2105244::en1_A5:R;A14:R,CHEMBL2105244,1
CHEMBL2105249::en0_A11:S,CHEMBL2105249,0
CHEMBL2105249::en1_A11:R,CHEMBL2105249,1
CHEMBL2105261::en0_A3:S;A12:R;A13:S;A16:S;A22:R,CHEMBL2105261,0
CHEMBL2105261::en1_A3:R;A12:R;A13:S;A16:S;A22:R,CHEMBL2105261,1
CHEMBL2105261::en2_A3:S;A12:S;A13:S;A16:S;A22:R,CHEMBL2105261,2
CHEMBL2105261::en3_A3:R;A12:S;A13:S;A16:S;A22:R,CHEMBL2105261,3
CHEMBL2105261::en4_A3:S;A12:R;A13:R;A16:S;A22:R,CHEMBL2105261,4
CHEMBL2105291::en0_A2:R;A9:R;A10:R;A24:R;A25:R;A28:S,CHEMBL2105291,0
CHEMBL2105291::en1_A2:S;A9:R;A10:R;A24:R;A25:R;A28:S,CHEMBL2105291,1
CHEMBL2105291::en2_A2:R;A9:S;A10:R;A24:R;A25:R;A28:S,CHEMBL2105291,2
CHEMBL2105291::en3_A2:S;A9:S;A10:R;A24:R;A25:R;A28:S,CHEMBL2105291,3
CHEMBL2105291::en4_A2:R;A9:R;A10:S;A24:R;A25:R;A28:S,CHEMBL2105291,4
CHEMBL2105318::en0_A1:S;A4:R;A5:S;A15:R;A16:S;A19:S,CHEMBL2105318,0
CHEMBL2105318::en1_A1:R;A4:R;A5:S;A15:R;A16:S;A19:S,CHEMBL2105318,1
CHEMBL2105318::en2_A1:S;A4:S;A5:S;A15:R;A16:S;A19:S,CHEMBL2105318,2
CHEMBL2105318::en3_A1:R;A4:S;A5:S;A15:R;A16:S;A19:S,CHEMBL2105318,3
CHEMBL2105318::en4_A1:S;A4:R;A5:R;A15:R;A16:S;A19:S,CHEMBL2105318,4
CHEMBL2105320::en0_A13:R;A14:S;A17:S;A19:R;A29:R,CHEMBL2105320,0
CHEMBL2105320::en1_A13:S;A14:S;A17:S;A19:R;A29:R,CHEMBL2105320,1
CHEMBL2105320::en2_A13:R;A14:R;A17:S;A19:R;A29:R,CHEMBL2105320,2
CHEMBL2105320::en3_A13:S;A14:R;A17:S;A19:R;A29:R,CHEMBL2105320,3
CHEMBL2105320::en4_A13:R;A14:S;A17:R;A19:R;A29:R,CHEMBL2105320,4
CHEMBL2105330::en0_A7:S;A9:R;A12:R;A14:S,CHEMBL2105330,0
CHEMBL2105330::en1_A7:R;A9:R;A12:R;A14:S,CHEMBL2105330,1
CHEMBL2105330::en2_A7:S;A9:S;A12:R;A14:S,CHEMBL2105330,2
CHEMBL2105330::en3_A7:R;A9:S;A12:R;A14:S,CHEMBL2105330,3
CHEMBL2105330::en4_A7:S;A9:R;A12:S;A14:S,CHEMBL2105330,4
CHEMBL2105348::en0_A2:R;A4:R;A15:R;A17:S;A19:S,CHEMBL2105348,0
CHEMBL2105348::en1_A2:S;A4:R;A15:R;A17:S;A19:S,CHEMBL2105348,1
CHEMBL2105348::en2_A2:R;A4:S;A15:R;A17:S;A19:S,CHEMBL2105348,2
CHEMBL2105348::en3_A2:S;A4:S;A15:R;A17:S;A19:S,CHEMBL2105348,3
CHEMBL2105348::en4_A2:R;A4:R;A15:S;A17:S;A19:S,CHEMBL2105348,4
CHEMBL2105359::en0_A3:R;A4:S;A13:R;A15:R;A16:R;A19:S;A21:S,CHEMBL2105359,0
CHEMBL2105359::en1_A3:S;A4:S;A13:R;A15:R;A16:R;A19:S;A21:S,CHEMBL2105359,1
CHEMBL2105359::en2_A3:R;A4:R;A13:R;A15:R;A16:R;A19:S;A21:S,CHEMBL2105359,2
CHEMBL2105359::en3_A3:S;A4:R;A13:R;A15:R;A16:R;A19:S;A21:S,CHEMBL2105359,3
CHEMBL2105359::en4_A3:R;A4:S;A13:S;A15:R;A16:R;A19:S;A21:S,CHEMBL2105359,4
CHEMBL2105373::en0_A3:R;A6:R;A7:S;A12:R;A23:R;A25:R;A28:S,CHEMBL2105373,0
CHEMBL2105373::en1_A3:S;A6:R;A7:S;A12:R;A23:R;A25:R;A28:S,CHEMBL2105373,1
CHEMBL2105373::en2_A3:R;A6:S;A7:S;A12:R;A23:R;A25:R;A28:S,CHEMBL2105373,2
CHEMBL2105373::en3_A3:S;A6:S;A7:S;A12:R;A23:R;A25:R;A28:S,CHEMBL2105373,3
CHEMBL2105373::en4_A3:R;A6:R;A7:R;A12:R;A23:R;A25:R;A28:S,CHEMBL2105373,4
CHEMBL2105375::en0_A9:R,CHEMBL2105375,0
CHEMBL2105375::en1_A9:S,CHEMBL2105375,1
CHEMBL2105394::en0_A12:R;A13:S;A16:S;A18:R;A23:R,CHEMBL2105394,0
CHEMBL2105394::en1_A12:S;A13:S;A16:S;A18:R;A23:R,CHEMBL2105394,1
CHEMBL2105394::en2_A12:R;A13:R;A16:S;A18:R;A23:R,CHEMBL2105394,2
CHEMBL2105394::en3_A12:S;A13:R;A16:S;A18:R;A23:R,CHEMBL2105394,3
CHEMBL2105394::en4_A12:R;A13:S;A16:R;A18:R;A23:R,CHEMBL2105394,4
CHEMBL2105402::en0_A1:R;A13:S;A14:S;A15:R;A18:R;A20:R;A23:S,CHEMBL2105402,0
CHEMBL2105402::en1_A1:S;A13:S;A14:S;A15:R;A18:R;A20:R;A23:S,CHEMBL2105402,1
CHEMBL2105402::en2_A1:R;A13:R;A14:S;A15:R;A18:R;A20:R;A23:S,CHEMBL2105402,2
CHEMBL2105402::en3_A1:S;A13:R;A14:S;A15:R;A18:R;A20:R;A23:S,CHEMBL2105402,3
CHEMBL2105402::en4_A1:R;A13:S;A14:R;A15:R;A18:R;A20:R;A23:S,CHEMBL2105402,4
CHEMBL2105403::en0_A2:S;A3:R;A5:S;A7:S;A8:S;A10:S;A12:R;A19:S;A21:S;A24:R;A28:S,CHEMBL2105403,0
CHEMBL2105403::en1_A2:R;A3:S;A5:S;A7:R;A8:R;A10:R;A12:S;A19:S;A21:S;A24:R;A28:R,CHEMBL2105403,1
CHEMBL2105403::en2_A2:R;A3:S;A5:R;A7:R;A8:R;A10:S;A12:S;A19:S;A21:S;A24:S;A28:R,CHEMBL2105403,2
CHEMBL2105403::en3_A2:S;A3:S;A5:R;A7:S;A8:S;A10:S;A12:S;A19:S;A21:S;A24:S;A28:R,CHEMBL2105403,3
CHEMBL2105403::en4_A2:S;A3:S;A5:R;A7:S;A8:S;A10:R;A12:S;A19:R;A21:S;A24:R;A28:R,CHEMBL2105403,4
CHEMBL2105404::en0_A6:S;A10:S;A14:S;A25:S,CHEMBL2105404,0
CHEMBL2105404::en1_A6:R;A10:S;A14:S;A25:S,CHEMBL2105404,1
CHEMBL2105404::en2_A6:S;A10:R;A14:S;A25:S,CHEMBL2105404,2
CHEMBL2105404::en3_A6:R;A10:R;A14:S;A25:S,CHEMBL2105404,3
CHEMBL2105404::en4_A6:S;A10:S;A14:R;A25:S,CHEMBL2105404,4
CHEMBL2105430::en0_A15:S;A19:S;A30:S,CHEMBL2105430,0
CHEMBL2105430::en1_A15:R;A19:S;A30:S,CHEMBL2105430,1
CHEMBL2105430::en2_A15:S;A19:R;A30:S,CHEMBL2105430,2
CHEMBL2105430::en3_A15:R;A19:R;A30:S,CHEMBL2105430,3
CHEMBL2105430::en4_A15:S;A19:S;A30:R,CHEMBL2105430,4
CHEMBL2105440::en0_A2:R;A6:R;A7:R;A16:R;A19:S,CHEMBL2105440,0
CHEMBL2105440::en1_A2:S;A6:R;A7:R;A16:R;A19:S,CHEMBL2105440,1
CHEMBL2105440::en2_A2:R;A6:S;A7:R;A16:R;A19:S,CHEMBL2105440,2
CHEMBL2105440::en3_A2:S;A6:S;A7:R;A16:R;A19:S,CHEMBL2105440,3
CHEMBL2105440::en4_A2:R;A6:R;A7:S;A16:R;A19:S,CHEMBL2105440,4
CHEMBL2105448::en0_A10:S;A14:S;A28:S,CHEMBL2105448,0
CHEMBL2105448::en1_A10:R;A14:S;A28:S,CHEMBL2105448,1
CHEMBL2105448::en2_A10:S;A14:R;A28:S,CHEMBL2105448,2
CHEMBL2105448::en3_A10:R;A14:R;A28:S,CHEMBL2105448,3
CHEMBL2105448::en4_A10:S;A14:S;A28:R,CHEMBL2105448,4
CHEMBL2105460::en0_A4:S;A11:S;A18:S;A25:S;A30:R;A32:S,CHEMBL2105460,0
CHEMBL2105460::en1_A4:R;A11:S;A18:S;A25:S;A30:R;A32:S,CHEMBL2105460,1
CHEMBL2105460::en2_A4:S;A11:R;A18:S;A25:S;A30:R;A32:S,CHEMBL2105460,2
CHEMBL2105460::en3_A4:R;A11:R;A18:S;A25:S;A30:R;A32:S,CHEMBL2105460,3
CHEMBL2105460::en4_A4:S;A11:S;A18:R;A25:S;A30:R;A32:S,CHEMBL2105460,4
CHEMBL2105462::en0_A1:S;A9:S,CHEMBL2105462,0
CHEMBL2105462::en1_A1:R;A9:S,CHEMBL2105462,1
CHEMBL2105462::en2_A1:S;A9:R,CHEMBL2105462,2
CHEMBL2105462::en3_A1:R;A9:R,CHEMBL2105462,3
CHEMBL2105469::en0_A1:R;A6:S;A11:S;A12:S;A13:R;A16:R;A18:R;A21:R,CHEMBL2105469,0
CHEMBL2105469::en1_A1:S;A6:S;A11:S;A12:S;A13:R;A16:R;A18:R;A21:R,CHEMBL2105469,1
CHEMBL2105469::en2_A1:R;A6:R;A11:S;A12:S;A13:R;A16:R;A18:R;A21:R,CHEMBL2105469,2
CHEMBL2105469::en3_A1:S;A6:R;A11:S;A12:S;A13:R;A16:R;A18:R;A21:R,CHEMBL2105469,3
CHEMBL2105469::en4_A1:R;A6:S;A11:R;A12:S;A13:R;A16:R;A18:R;A21:R,CHEMBL2105469,4
CHEMBL2105470::en0_A1:R;A3:S;A8:S,CHEMBL2105470,0
CHEMBL2105470::en1_A1:S;A3:S;A8:S,CHEMBL2105470,1
CHEMBL2105470::en2_A1:R;A3:R;A8:S,CHEMBL2105470,2
CHEMBL2105470::en3_A1:S;A3:R;A8:S,CHEMBL2105470,3
CHEMBL2105470::en4_A1:R;A3:S;A8:R,CHEMBL2105470,4
CHEMBL2105502::en0_A5:R;A18:R;A25:S,CHEMBL2105502,0
CHEMBL2105502::en1_A5:S;A18:R;A25:S,CHEMBL2105502,1
CHEMBL2105502::en2_A5:R;A18:S;A25:S,CHEMBL2105502,2
CHEMBL2105502::en3_A5:S;A18:S;A25:S,CHEMBL2105502,3
CHEMBL2105502::en4_A5:R;A18:R;A25:R,CHEMBL2105502,4
CHEMBL2105514::en0_A4:R;A12:R;A14:R;A17:R;A19:R;A22:S;A27:R,CHEMBL2105514,0
CHEMBL2105514::en1_A4:S;A12:R;A14:R;A17:R;A19:R;A22:S;A27:R,CHEMBL2105514,1
CHEMBL2105514::en2_A4:R;A12:S;A14:R;A17:R;A19:R;A22:S;A27:R,CHEMBL2105514,2
CHEMBL2105514::en3_A4:S;A12:S;A14:R;A17:R;A19:R;A22:S;A27:R,CHEMBL2105514,3
CHEMBL2105514::en4_A4:R;A12:R;A14:S;A17:R;A19:R;A22:S;A27:R,CHEMBL2105514,4
CHEMBL2105529::en0_A3:S;A6:S,CHEMBL2105529,0
CHEMBL2105529::en1_A3:R;A6:S,CHEMBL2105529,1
CHEMBL2105529::en2_A3:S;A6:R,CHEMBL2105529,2
CHEMBL2105529::en3_A3:R;A6:R,CHEMBL2105529,3
CHEMBL2105532::en0_A5:S,CHEMBL2105532,0
CHEMBL2105532::en1_A5:R,CHEMBL2105532,1
CHEMBL2105533::en0_A3:S;A7:R;A8:S;A19:S;A32:S,CHEMBL2105533,0
CHEMBL2105533::en1_A3:R;A7:R;A8:R;A19:R;A32:S,CHEMBL2105533,1
CHEMBL2105533::en2_A3:S;A7:S;A8:S;A19:S;A32:S,CHEMBL2105533,2
CHEMBL2105533::en3_A3:R;A7:S;A8:S;A19:S;A32:S,CHEMBL2105533,3
CHEMBL2105533::en4_A3:S;A7:R;A8:R;A19:S;A32:S,CHEMBL2105533,4
CHEMBL2105537::en0_A20:S;A22:S;A24:R;A26:R;A28:S;A30:S;A33:S;A36:S,CHEMBL2105537,0
CHEMBL2105537::en1_A20:R;A22:S;A24:R;A26:R;A28:S;A30:S;A33:S;A36:S,CHEMBL2105537,1
CHEMBL2105537::en2_A20:S;A22:R;A24:R;A26:R;A28:S;A30:S;A33:S;A36:S,CHEMBL2105537,2
CHEMBL2105537::en3_A20:R;A22:R;A24:R;A26:R;A28:S;A30:S;A33:S;A36:S,CHEMBL2105537,3
CHEMBL2105537::en4_A20:S;A22:S;A24:S;A26:R;A28:S;A30:S;A33:S;A36:S,CHEMBL2105537,4
CHEMBL2105540::en0_A3:S;A7:R;A8:S;A17:R;A19:R;A20:R;A23:S,CHEMBL2105540,0
CHEMBL2105540::en1_A3:R;A7:R;A8:S;A17:R;A19:R;A20:R;A23:S,CHEMBL2105540,1
CHEMBL2105540::en2_A3:S;A7:S;A8:S;A17:R;A19:R;A20:R;A23:S,CHEMBL2105540,2
CHEMBL2105540::en3_A3:R;A7:S;A8:S;A17:R;A19:R;A20:R;A23:S,CHEMBL2105540,3
CHEMBL2105540::en4_A3:S;A7:R;A8:R;A17:R;A19:R;A20:R;A23:S,CHEMBL2105540,4
CHEMBL2105545::en0_A2:S;A18:S;A23:S;A27:S,CHEMBL2105545,0
CHEMBL2105545::en1_A2:R;A18:S;A23:S;A27:S,CHEMBL2105545,1
CHEMBL2105545::en2_A2:S;A18:R;A23:S;A27:S,CHEMBL2105545,2
CHEMBL2105545::en3_A2:R;A18:R;A23:S;A27:S,CHEMBL2105545,3
CHEMBL2105545::en4_A2:S;A18:S;A23:R;A27:S,CHEMBL2105545,4
CHEMBL2105551::en0_A7:S,CHEMBL2105551,0
CHEMBL2105551::en1_A7:R,CHEMBL2105551,1
CHEMBL2105559::en0_A2:S;A20:S,CHEMBL2105559,0
CHEMBL2105559::en1_A2:R;A20:S,CHEMBL2105559,1
CHEMBL2105559::en2_A2:S;A20:R,CHEMBL2105559,2
CHEMBL2105559::en3_A2:R;A20:R,CHEMBL2105559,3
CHEMBL2105565::en0_A12:R,CHEMBL2105565,0
CHEMBL2105565::en1_A12:S,CHEMBL2105565,1
CHEMBL2105598::en0_A9:S;A13:R;A15:S;A18:R,CHEMBL2105598,0
CHEMBL2105598::en1_A9:R;A13:R;A15:S;A18:R,CHEMBL2105598,1
CHEMBL2105598::en2_A9:S;A13:S;A15:S;A18:R,CHEMBL2105598,2
CHEMBL2105598::en3_A9:R;A13:S;A15:S;A18:R,CHEMBL2105598,3
CHEMBL2105600::en0_A3:R;A20:R;A24:R;A28:R,CHEMBL2105600,0
CHEMBL2105600::en1_A3:S;A20:R;A24:R;A28:R,CHEMBL2105600,1
CHEMBL2105600::en2_A3:R;A20:S;A24:R;A28:R,CHEMBL2105600,2
CHEMBL2105600::en3_A3:S;A20:S;A24:R;A28:R,CHEMBL2105600,3
CHEMBL2105600::en4_A3:R;A20:R;A24:S;A28:R,CHEMBL2105600,4
CHEMBL2105602::en0_A2:S;A5:R;A7:R;A9:R,CHEMBL2105602,0
CHEMBL2105602::en1_A2:R;A5:S;A7:S;A9:R,CHEMBL2105602,1
CHEMBL2105604::en0_A5:S;A7:S;A11:S;A12:R;A25:R;A27:S,CHEMBL2105604,0
CHEMBL2105604::en1_A5:R;A7:S;A11:S;A12:R;A25:R;A27:S,CHEMBL2105604,1
CHEMBL2105604::en2_A5:S;A7:R;A11:S;A12:R;A25:R;A27:S,CHEMBL2105604,2
CHEMBL2105604::en3_A5:R;A7:R;A11:S;A12:R;A25:R;A27:S,CHEMBL2105604,3
CHEMBL2105604::en4_A5:S;A7:S;A11:R;A12:R;A25:R;A27:S,CHEMBL2105604,4
CHEMBL2105618::en0_A3:R;A7:R;A8:R;A16:R;A17:R;A20:S,CHEMBL2105618,0
CHEMBL2105618::en1_A3:S;A7:R;A8:R;A16:R;A17:R;A20:S,CHEMBL2105618,1
CHEMBL2105618::en2_A3:R;A7:S;A8:R;A16:R;A17:R;A20:S,CHEMBL2105618,2
CHEMBL2105618::en3_A3:S;A7:S;A8:R;A16:R;A17:R;A20:S,CHEMBL2105618,3
CHEMBL2105618::en4_A3:R;A7:R;A8:S;A16:R;A17:R;A20:S,CHEMBL2105618,4
CHEMBL2105631::en0_A2:S,CHEMBL2105631,0
CHEMBL2105631::en1_A2:R,CHEMBL2105631,1
CHEMBL2105634::en0_A2:S;A6:S;A9:R;A11:S;A14:R;A15:S;A18:R;A20:R;A21:R;A31:R;A34:R;A36:S;A41:S;A42:R;A44:R,CHEMBL2105634,0
CHEMBL2105634::en1_A2:S;A6:R;A9:R;A11:R;A14:R;A15:S;A18:S;A20:R;A21:S;A31:S;A34:R;A36:S;A41:S;A42:R;A44:S,CHEMBL2105634,1
CHEMBL2105634::en2_A2:R;A6:S;A9:R;A11:R;A14:S;A15:S;A18:R;A20:S;A21:S;A31:R;A34:S;A36:S;A41:R;A42:S;A44:S,CHEMBL2105634,2
CHEMBL2105634::en3_A2:S;A6:S;A9:R;A11:S;A14:S;A15:S;A18:S;A20:R;A21:R;A31:R;A34:S;A36:R;A41:S;A42:R;A44:S,CHEMBL2105634,3
CHEMBL2105634::en4_A2:S;A6:S;A9:S;A11:S;A14:S;A15:R;A18:S;A20:R;A21:R;A31:S;A34:R;A36:S;A41:S;A42:S;A44:S,CHEMBL2105634,4
CHEMBL2105653::en0_A2:S,CHEMBL2105653,0
CHEMBL2105653::en1_A2:R,CHEMBL2105653,1
CHEMBL2105661::en0_A10:S,CHEMBL2105661,0
CHEMBL2105661::en1_A10:R,CHEMBL2105661,1
CHEMBL2105665::en0_A21:S;A23:S;A32:R;A34:S,CHEMBL2105665,0
CHEMBL2105665::en1_A21:R;A23:S;A32:R;A34:S,CHEMBL2105665,1
CHEMBL2105665::en2_A21:S;A23:R;A32:R;A34:S,CHEMBL2105665,2
CHEMBL2105665::en3_A21:R;A23:R;A32:R;A34:S,CHEMBL2105665,3
CHEMBL2105665::en4_A21:S;A23:S;A32:S;A34:S,CHEMBL2105665,4
CHEMBL2105666::en0_A29:S;A34:R;A39:R;A62:S,CHEMBL2105666,0
CHEMBL2105666::en1_A29:R;A34:R;A39:R;A62:S,CHEMBL2105666,1
CHEMBL2105666::en2_A29:S;A34:S;A39:R;A62:S,CHEMBL2105666,2
CHEMBL2105666::en3_A29:R;A34:S;A39:R;A62:S,CHEMBL2105666,3
CHEMBL2105666::en4_A29:S;A34:R;A39:S;A62:S,CHEMBL2105666,4
CHEMBL2105669::en0_A15:R,CHEMBL2105669,0
CHEMBL2105669::en1_A15:S,CHEMBL2105669,1
CHEMBL2105681::en0_A22:R;A24:R;A27:R;A29:S,CHEMBL2105681,0
CHEMBL2105681::en1_A22:S;A24:R;A27:R;A29:S,CHEMBL2105681,1
CHEMBL2105681::en2_A22:R;A24:S;A27:R;A29:S,CHEMBL2105681,2
CHEMBL2105681::en3_A22:S;A24:S;A27:R;A29:S,CHEMBL2105681,3
CHEMBL2105681::en4_A22:R;A24:R;A27:S;A29:S,CHEMBL2105681,4
CHEMBL2105683::en0_A8:S,CHEMBL2105683,0
CHEMBL2105683::en1_A8:R,CHEMBL2105683,1
CHEMBL2105689::en0_A6:S,CHEMBL2105689,0
CHEMBL2105689::en1_A6:R,CHEMBL2105689,1
CHEMBL2105689::en2_A6:S,CHEMBL2105689,2
CHEMBL2105689::en3_A6:R,CHEMBL2105689,3
CHEMBL2105695::en0_A5:R;A16:R,CHEMBL2105695,0
CHEMBL2105695::en1_A5:S;A16:R,CHEMBL2105695,1
CHEMBL2105695::en2_A5:R;A16:S,CHEMBL2105695,2
CHEMBL2105695::en3_A5:S;A16:S,CHEMBL2105695,3
CHEMBL2105721::en0_A3:S;A7:R;A12:S,CHEMBL2105721,0
CHEMBL2105721::en1_A3:R;A7:R;A12:S,CHEMBL2105721,1
CHEMBL2105721::en2_A3:S;A7:S;A12:S,CHEMBL2105721,2
CHEMBL2105721::en3_A3:R;A7:S;A12:S,CHEMBL2105721,3
CHEMBL2105721::en4_A3:S;A7:R;A12:R,CHEMBL2105721,4
CHEMBL2105722::en0_A3:S;A7:R;A8:S;A18:R;A19:R;A22:S,CHEMBL2105722,0
CHEMBL2105722::en1_A3:R;A7:R;A8:S;A18:R;A19:R;A22:S,CHEMBL2105722,1
CHEMBL2105722::en2_A3:S;A7:S;A8:S;A18:R;A19:R;A22:S,CHEMBL2105722,2
CHEMBL2105722::en3_A3:R;A7:S;A8:S;A18:R;A19:R;A22:S,CHEMBL2105722,3
CHEMBL2105722::en4_A3:S;A7:R;A8:R;A18:R;A19:R;A22:S,CHEMBL2105722,4
CHEMBL2105735::en0_A2:S;A4:R;A8:S;A10:S;A29:R,CHEMBL2105735,0
CHEMBL2105735::en1_A2:R;A4:R;A8:S;A10:S;A29:R,CHEMBL2105735,1
CHEMBL2105735::en2_A2:S;A4:S;A8:S;A10:S;A29:R,CHEMBL2105735,2
CHEMBL2105735::en3_A2:R;A4:S;A8:S;A10:S;A29:R,CHEMBL2105735,3
CHEMBL2105735::en4_A2:S;A4:R;A8:R;A10:S;A29:R,CHEMBL2105735,4
CHEMBL2105737::en0_A12:S;A15:R,CHEMBL2105737,0
CHEMBL2105737::en1_A12:R;A15:R,CHEMBL2105737,1
CHEMBL2105737::en2_A12:S;A15:S,CHEMBL2105737,2
CHEMBL2105738::en0_A1:R;A4:S;A10:R;A11:S;A14:S;A28:R,CHEMBL2105738,0
CHEMBL2105738::en1_A1:S;A4:S;A10:R;A11:S;A14:S;A28:R,CHEMBL2105738,1
CHEMBL2105738::en2_A1:R;A4:R;A10:R;A11:S;A14:S;A28:R,CHEMBL2105738,2
CHEMBL2105738::en3_A1:S;A4:R;A10:R;A11:S;A14:S;A28:R,CHEMBL2105738,3
CHEMBL2105738::en4_A1:R;A4:S;A10:S;A11:S;A14:S;A28:R,CHEMBL2105738,4
CHEMBL2105750::en0_A2:S;A4:S;A8:S;A10:S;A34:R,CHEMBL2105750,0
CHEMBL2105755::en0_A9:R;A18:S;A26:R;A28:S,CHEMBL2105755,0
CHEMBL2105755::en1_A9:S;A18:S;A26:R;A28:S,CHEMBL2105755,1
CHEMBL2105755::en2_A9:R;A18:R;A26:S;A28:S,CHEMBL2105755,2
CHEMBL2105761::en0_A1:R;A23:R,CHEMBL2105761,0
CHEMBL2105761::en1_A1:S;A23:R,CHEMBL2105761,1
CHEMBL2105761::en2_A1:R;A23:S,CHEMBL2105761,2
CHEMBL2105761::en3_A1:S;A23:S,CHEMBL2105761,3
CHEMBL2105762::en0_A11:S;A14:R;A23:R,CHEMBL2105762,0
CHEMBL2105762::en1_A11:R;A14:R;A23:R,CHEMBL2105762,1
CHEMBL2105762::en2_A11:S;A14:S;A23:R,CHEMBL2105762,2
CHEMBL2105762::en3_A11:R;A14:S;A23:R,CHEMBL2105762,3
CHEMBL2105762::en4_A11:S;A14:R;A23:S,CHEMBL2105762,4
CHEMBL2105768::en0_A4:R;A5:R;A7:R;A22:R;A24:S;A40:R,CHEMBL2105768,0
CHEMBL2105768::en1_A4:S;A5:R;A7:R;A22:R;A24:S;A40:R,CHEMBL2105768,1
CHEMBL2105768::en2_A4:R;A5:S;A7:R;A22:R;A24:S;A40:R,CHEMBL2105768,2
CHEMBL2105768::en3_A4:S;A5:S;A7:R;A22:R;A24:S;A40:R,CHEMBL2105768,3
CHEMBL2105768::en4_A4:R;A5:R;A7:S;A22:R;A24:S;A40:R,CHEMBL2105768,4
CHEMBL2105769::en0_A2:R;A7:S;A8:R;A10:S;A11:S;A15:S;A19:R;A20:S;A23:R;A25:R;A27:S;A29:R;A33:S;A40:S;A42:R;A43:S;A48:S;A53:R;A54:S,CHEMBL2105769,0
CHEMBL2105774::en0_A27:S;A31:R;A32:S;A41:R;A43:R;A44:R;A47:S,CHEMBL2105774,0
CHEMBL2105774::en1_A27:R;A31:R;A32:S;A41:R;A43:R;A44:R;A47:S,CHEMBL2105774,1
CHEMBL2105774::en2_A27:S;A31:S;A32:S;A41:R;A43:R;A44:R;A47:S,CHEMBL2105774,2
CHEMBL2105774::en3_A27:R;A31:S;A32:S;A41:R;A43:R;A44:R;A47:S,CHEMBL2105774,3
CHEMBL2105774::en4_A27:S;A31:R;A32:R;A41:R;A43:R;A44:R;A47:S,CHEMBL2105774,4
CHEMBL2105791::en0_A4:R;A6:R;A7:S;A16:S;A18:S;A20:R;A23:S;A25:S,CHEMBL2105791,0
CHEMBL2105791::en1_A4:S;A6:R;A7:S;A16:S;A18:S;A20:R;A23:S;A25:S,CHEMBL2105791,1
CHEMBL2105791::en2_A4:R;A6:S;A7:S;A16:S;A18:S;A20:R;A23:S;A25:S,CHEMBL2105791,2
CHEMBL2105791::en3_A4:S;A6:S;A7:S;A16:S;A18:S;A20:R;A23:S;A25:S,CHEMBL2105791,3
CHEMBL2105791::en4_A4:R;A6:R;A7:R;A16:S;A18:S;A20:R;A23:S;A25:S,CHEMBL2105791,4
CHEMBL2105798::en0_A1:R;A18:R;A24:R;A26:R;A27:S;A36:S;A38:S;A40:R;A43:R,CHEMBL2105798,0
CHEMBL2105798::en1_A1:S;A18:R;A24:R;A26:R;A27:S;A36:S;A38:S;A40:R;A43:R,CHEMBL2105798,1
CHEMBL2105798::en2_A1:R;A18:S;A24:R;A26:R;A27:S;A36:S;A38:S;A40:R;A43:R,CHEMBL2105798,2
CHEMBL2105798::en3_A1:S;A18:S;A24:R;A26:R;A27:S;A36:S;A38:S;A40:R;A43:R,CHEMBL2105798,3
CHEMBL2105798::en4_A1:R;A18:R;A24:S;A26:R;A27:S;A36:S;A38:S;A40:R;A43:R,CHEMBL2105798,4
CHEMBL2105804::en0_A19:R;A23:S,CHEMBL2105804,0
CHEMBL2105804::en1_A19:S;A23:S,CHEMBL2105804,1
CHEMBL2105804::en2_A19:R;A23:R,CHEMBL2105804,2
CHEMBL2105804::en3_A19:S;A23:R,CHEMBL2105804,3
CHEMBL2105819::en0_A5:S;A10:S;A13:S;A15:S;A18:S;A20:R;A23:S;A27:R;A29:S;A31:R;A33:S;A35:S;A37:R;A40:R;A46:R;A49:R;A53:R;A55:R,CHEMBL2105819,0
CHEMBL2105819::en1_A5:R;A10:R;A13:S;A15:S;A18:R;A20:R;A23:S;A27:S;A29:S;A31:S;A33:R;A35:R;A37:S;A40:R;A46:R;A49:R;A53:R;A55:R,CHEMBL2105819,1
CHEMBL2105819::en2_A5:R;A10:S;A13:R;A15:S;A18:S;A20:R;A23:R;A27:R;A29:R;A31:S;A33:S;A35:S;A37:R;A40:S;A46:R;A49:R;A53:R;A55:R,CHEMBL2105819,2
CHEMBL2105819::en3_A5:S;A10:R;A13:R;A15:S;A18:R;A20:S;A23:S;A27:R;A29:S;A31:R;A33:R;A35:R;A37:R;A40:R;A46:S;A49:R;A53:R;A55:S,CHEMBL2105819,3
CHEMBL2105819::en4_A5:R;A10:S;A13:R;A15:R;A18:S;A20:R;A23:S;A27:R;A29:S;A31:R;A33:S;A35:S;A37:S;A40:R;A46:S;A49:S;A53:S;A55:S,CHEMBL2105819,4
CHEMBL2105824::en0_A3:S;A22:R;A36:R;A39:R;A41:R,CHEMBL2105824,0
CHEMBL2105824::en1_A3:R;A22:R;A36:R;A39:R;A41:R,CHEMBL2105824,1
CHEMBL2105824::en2_A3:S;A22:S;A36:R;A39:R;A41:R,CHEMBL2105824,2
CHEMBL2105824::en3_A3:R;A22:S;A36:R;A39:R;A41:R,CHEMBL2105824,3
CHEMBL2105824::en4_A3:S;A22:R;A36:S;A39:R;A41:R,CHEMBL2105824,4
CHEMBL2105829::en0_A36:S,CHEMBL2105829,0
CHEMBL2105829::en1_A36:R,CHEMBL2105829,1
CHEMBL2105842::en0_A7:S;A9:R;A12:R;A13:S;A31:R;A33:R;A34:R;A37:S,CHEMBL2105842,0
CHEMBL2105842::en1_A7:R;A9:R;A12:R;A13:S;A31:R;A33:R;A34:R;A37:S,CHEMBL2105842,1
CHEMBL2105842::en2_A7:S;A9:S;A12:R;A13:S;A31:R;A33:R;A34:R;A37:S,CHEMBL2105842,2
CHEMBL2105842::en3_A7:R;A9:S;A12:R;A13:S;A31:R;A33:R;A34:R;A37:S,CHEMBL2105842,3
CHEMBL2105842::en4_A7:S;A9:R;A12:S;A13:S;A31:R;A33:R;A34:R;A37:S,CHEMBL2105842,4
CHEMBL2105845::en0_A21:R;A27:R,CHEMBL2105845,0
CHEMBL2105845::en1_A21:S;A27:R,CHEMBL2105845,1
CHEMBL2105845::en2_A21:R;A27:S,CHEMBL2105845,2
CHEMBL2105845::en3_A21:S;A27:S,CHEMBL2105845,3
CHEMBL2105850::en0_A9:S;A13:R;A20:R;A28:R,CHEMBL2105850,0
CHEMBL2105850::en1_A9:R;A13:R;A20:R;A28:R,CHEMBL2105850,1
CHEMBL2105850::en2_A9:S;A13:S;A20:R;A28:R,CHEMBL2105850,2
CHEMBL2105850::en3_A9:R;A13:S;A20:R;A28:R,CHEMBL2105850,3
CHEMBL2105850::en4_A9:S;A13:R;A20:S;A28:R,CHEMBL2105850,4
CHEMBL2105857::en0_A2:R;A6:R;A10:S;A26:S;A28:R;A30:S;A32:S;A35:S,CHEMBL2105857,0
CHEMBL2105857::en1_A2:S;A6:R;A10:S;A26:S;A28:R;A30:S;A32:S;A35:S,CHEMBL2105857,1
CHEMBL2105857::en2_A2:R;A6:S;A10:S;A26:S;A28:R;A30:S;A32:S;A35:S,CHEMBL2105857,2
CHEMBL2105857::en3_A2:S;A6:S;A10:S;A26:S;A28:R;A30:S;A32:S;A35:S,CHEMBL2105857,3
CHEMBL2105857::en4_A2:R;A6:R;A10:R;A26:S;A28:R;A30:S;A32:S;A35:S,CHEMBL2105857,4
CHEMBL2105909::en0_A8:R;A12:R;A17:S,CHEMBL2105909,0
CHEMBL2105909::en1_A8:S;A12:R;A17:S,CHEMBL2105909,1
CHEMBL2105909::en2_A8:R;A12:S;A17:S,CHEMBL2105909,2
CHEMBL2105909::en3_A8:S;A12:S;A17:S,CHEMBL2105909,3
CHEMBL2105909::en4_A8:R;A12:R;A17:R,CHEMBL2105909,4
CHEMBL2105926::en0_A16:R;A18:S;A26:S,CHEMBL2105926,0
CHEMBL2105926::en1_A16:S;A18:S;A26:S,CHEMBL2105926,1
CHEMBL2105926::en2_A16:R;A18:R;A26:S,CHEMBL2105926,2
CHEMBL2105926::en3_A16:S;A18:R;A26:S,CHEMBL2105926,3
CHEMBL2105926::en4_A16:R;A18:S;A26:R,CHEMBL2105926,4
CHEMBL2105934::en0_A4:R;A6:R;A7:S;A9:S;A17:S;A19:S;A21:R;A24:S;A26:S,CHEMBL2105934,0
CHEMBL2105934::en1_A4:S;A6:R;A7:S;A9:S;A17:S;A19:S;A21:R;A24:S;A26:S,CHEMBL2105934,1
CHEMBL2105934::en2_A4:R;A6:S;A7:S;A9:S;A17:S;A19:S;A21:R;A24:S;A26:S,CHEMBL2105934,2
CHEMBL2105934::en3_A4:S;A6:S;A7:S;A9:S;A17:S;A19:S;A21:R;A24:S;A26:S,CHEMBL2105934,3
CHEMBL2105934::en4_A4:R;A6:R;A7:R;A9:S;A17:S;A19:S;A21:R;A24:S;A26:S,CHEMBL2105934,4
CHEMBL2105953::en0_A7:R;A25:R,CHEMBL2105953,0
CHEMBL2105953::en1_A7:S;A25:R,CHEMBL2105953,1
CHEMBL2105953::en2_A7:R;A25:S,CHEMBL2105953,2
CHEMBL2105953::en3_A7:S;A25:S,CHEMBL2105953,3
CHEMBL2105953::en4_A7:R;A25:R,CHEMBL2105953,4
CHEMBL2105974::en0_A3:R;A4:R;A7:R;A8:S;A10:S;A18:R;A20:R;A23:S,CHEMBL2105974,0
CHEMBL2105974::en1_A3:S;A4:R;A7:R;A8:S;A10:S;A18:R;A20:R;A23:S,CHEMBL2105974,1
CHEMBL2105974::en2_A3:R;A4:S;A7:R;A8:S;A10:S;A18:R;A20:R;A23:S,CHEMBL2105974,2
CHEMBL2105974::en3_A3:S;A4:S;A7:R;A8:S;A10:S;A18:R;A20:R;A23:S,CHEMBL2105974,3
CHEMBL2105974::en4_A3:R;A4:R;A7:S;A8:S;A10:S;A18:R;A20:R;A23:S,CHEMBL2105974,4
CHEMBL2105987::en0_A9:R;A10:S;A13:S;A19:R;A20:R,CHEMBL2105987,0
CHEMBL2105987::en1_A9:S;A10:S;A13:S;A19:R;A20:R,CHEMBL2105987,1
CHEMBL2105987::en2_A9:R;A10:R;A13:S;A19:R;A20:R,CHEMBL2105987,2
CHEMBL2105987::en3_A9:S;A10:R;A13:S;A19:R;A20:R,CHEMBL2105987,3
CHEMBL2105987::en4_A9:R;A10:S;A13:R;A19:R;A20:R,CHEMBL2105987,4
CHEMBL2106009::en0_A3:S;A5:R;A12:R;A23:S,CHEMBL2106009,0
CHEMBL2106009::en1_A3:R;A5:R;A12:R;A23:S,CHEMBL2106009,1
CHEMBL2106009::en2_A3:S;A5:S;A12:R;A23:S,CHEMBL2106009,2
CHEMBL2106009::en3_A3:R;A5:S;A12:R;A23:S,CHEMBL2106009,3
CHEMBL2106009::en4_A3:S;A5:R;A12:S;A23:S,CHEMBL2106009,4
CHEMBL2106011::en0_A7:R;A8:R;A11:R;A12:S;A14:S;A22:S;A24:S;A26:R;A29:S,CHEMBL2106011,0
CHEMBL2106011::en1_A7:S;A8:R;A11:R;A12:S;A14:S;A22:S;A24:S;A26:R;A29:S,CHEMBL2106011,1
CHEMBL2106011::en2_A7:R;A8:S;A11:R;A12:S;A14:S;A22:S;A24:S;A26:R;A29:S,CHEMBL2106011,2
CHEMBL2106011::en3_A7:S;A8:S;A11:R;A12:S;A14:S;A22:S;A24:S;A26:R;A29:S,CHEMBL2106011,3
CHEMBL2106011::en4_A7:R;A8:R;A11:S;A12:S;A14:S;A22:S;A24:S;A26:R;A29:S,CHEMBL2106011,4
CHEMBL2106016::en0_A5:S;A6:R;A12:R;A14:R;A16:S;A18:S,CHEMBL2106016,0
CHEMBL2106016::en1_A5:R;A6:R;A12:R;A14:R;A16:S;A18:S,CHEMBL2106016,1
CHEMBL2106016::en2_A5:R;A6:S;A12:R;A14:S;A16:S;A18:S,CHEMBL2106016,2
CHEMBL2106016::en3_A5:S;A6:S;A12:R;A14:S;A16:S;A18:S,CHEMBL2106016,3
CHEMBL2106016::en4_A5:R;A6:R;A12:S;A14:S;A16:S;A18:S,CHEMBL2106016,4
CHEMBL2106026::en0_A4:R;A6:R;A10:R,CHEMBL2106026,0
CHEMBL2106026::en1_A4:S;A6:R;A10:R,CHEMBL2106026,1
CHEMBL2106026::en2_A4:R;A6:S;A10:S,CHEMBL2106026,2
CHEMBL2106030::en0_A10:R,CHEMBL2106030,0
CHEMBL2106030::en1_A10:S,CHEMBL2106030,1
CHEMBL2106036::en0_A6:R;A12:R;A29:R;A32:S;A36:S;A40:R,CHEMBL2106036,0
CHEMBL2106036::en1_A6:S;A12:R;A29:R;A32:S;A36:S;A40:R,CHEMBL2106036,1
CHEMBL2106036::en2_A6:R;A12:S;A29:R;A32:S;A36:S;A40:R,CHEMBL2106036,2
CHEMBL2106036::en3_A6:S;A12:S;A29:R;A32:S;A36:S;A40:R,CHEMBL2106036,3
CHEMBL2106036::en4_A6:R;A12:R;A29:S;A32:S;A36:S;A40:R,CHEMBL2106036,4
CHEMBL2106037::en0_A2:R;A4:R;A6:S;A8:R;A9:S;A13:S;A16:R;A18:S;A21:S;A25:R;A27:S;A28:S,CHEMBL2106037,0
CHEMBL2106037::en1_A2:R;A4:R;A6:S;A8:R;A9:S;A13:S;A16:S;A18:R;A21:R;A25:S;A27:R;A28:S,CHEMBL2106037,1
CHEMBL2106037::en2_A2:R;A4:S;A6:S;A8:R;A9:S;A13:R;A16:S;A18:S;A21:S;A25:R;A27:S;A28:R,CHEMBL2106037,2
CHEMBL2106037::en3_A2:S;A4:S;A6:R;A8:R;A9:S;A13:R;A16:S;A18:S;A21:S;A25:R;A27:S;A28:R,CHEMBL2106037,3
CHEMBL2106037::en4_A2:S;A4:R;A6:S;A8:S;A9:S;A13:S;A16:R;A18:S;A21:R;A25:R;A27:R;A28:S,CHEMBL2106037,4
CHEMBL2106046::en0_A2:R;A6:R;A7:S;A8:R;A35:R;A38:S,CHEMBL2106046,0
CHEMBL2106046::en1_A2:S;A6:R;A7:S;A8:R;A35:R;A38:S,CHEMBL2106046,1
CHEMBL2106046::en2_A2:R;A6:S;A7:S;A8:R;A35:R;A38:S,CHEMBL2106046,2
CHEMBL2106046::en3_A2:S;A6:S;A7:S;A8:R;A35:R;A38:S,CHEMBL2106046,3
CHEMBL2106046::en4_A2:R;A6:R;A7:R;A8:R;A35:R;A38:S,CHEMBL2106046,4
CHEMBL2106047::en0_A1:S;A3:S;A6:S;A8:R;A39:R;A41:R;A43:S;A45:R;A47:R;A49:S,CHEMBL2106047,0
CHEMBL2106047::en1_A1:R;A3:S;A6:S;A8:R;A39:R;A41:R;A43:S;A45:R;A47:R;A49:S,CHEMBL2106047,1
CHEMBL2106047::en2_A1:S;A3:R;A6:S;A8:R;A39:R;A41:R;A43:S;A45:R;A47:R;A49:S,CHEMBL2106047,2
CHEMBL2106047::en3_A1:R;A3:R;A6:S;A8:R;A39:R;A41:R;A43:S;A45:R;A47:R;A49:S,CHEMBL2106047,3
CHEMBL2106047::en4_A1:S;A3:S;A6:R;A8:R;A39:R;A41:R;A43:S;A45:R;A47:R;A49:S,CHEMBL2106047,4
CHEMBL2106051::en0_A3:S;A7:S;A12:R;A18:S;A20:S;A25:R;A27:R;A34:R;A38:R;A40:S;A44:R,CHEMBL2106051,0
CHEMBL2106051::en1_A3:R;A7:S;A12:S;A18:S;A20:S;A25:S;A27:R;A34:R;A38:R;A40:R;A44:R,CHEMBL2106051,1
CHEMBL2106051::en2_A3:R;A7:S;A12:S;A18:R;A20:S;A25:R;A27:S;A34:R;A38:S;A40:R;A44:R,CHEMBL2106051,2
CHEMBL2106051::en3_A3:R;A7:S;A12:S;A18:S;A20:S;A25:S;A27:S;A34:S;A38:R;A40:S;A44:S,CHEMBL2106051,3
CHEMBL2106051::en4_A3:S;A7:S;A12:S;A18:S;A20:S;A25:S;A27:R;A34:R;A38:S;A40:R;A44:S,CHEMBL2106051,4
CHEMBL2106053::en0_A14:R;A19:R,CHEMBL2106053,0
CHEMBL2106053::en1_A14:S;A19:R,CHEMBL2106053,1
CHEMBL2106053::en2_A14:S;A19:S,CHEMBL2106053,2
CHEMBL2106056::en0_A15:S;A32:R,CHEMBL2106056,0
CHEMBL2106056::en1_A15:R;A32:R,CHEMBL2106056,1
CHEMBL2106056::en2_A15:S;A32:S,CHEMBL2106056,2
CHEMBL2106056::en3_A15:R;A32:S,CHEMBL2106056,3
CHEMBL2106058::en0_A7:R;A26:R;A34:S,CHEMBL2106058,0
CHEMBL2106058::en1_A7:S;A26:R;A34:S,CHEMBL2106058,1
CHEMBL2106058::en2_A7:R;A26:S;A34:S,CHEMBL2106058,2
CHEMBL2106058::en3_A7:S;A26:S;A34:S,CHEMBL2106058,3
CHEMBL2106058::en4_A7:R;A26:R;A34:R,CHEMBL2106058,4
CHEMBL2106059::en0_A13:R;A16:R;A17:R;A26:R;A28:R;A31:S,CHEMBL2106059,0
CHEMBL2106059::en1_A13:S;A16:R;A17:R;A26:R;A28:R;A31:S,CHEMBL2106059,1
CHEMBL2106059::en2_A13:R;A16:S;A17:R;A26:R;A28:R;A31:S,CHEMBL2106059,2
CHEMBL2106059::en3_A13:S;A16:S;A17:R;A26:R;A28:R;A31:S,CHEMBL2106059,3
CHEMBL2106059::en4_A13:R;A16:R;A17:S;A26:R;A28:R;A31:S,CHEMBL2106059,4
CHEMBL2106066::en0_A5:R;A11:R;A14:R;A15:S;A17:S;A25:S;A27:S;A29:R;A32:S,CHEMBL2106066,0
CHEMBL2106066::en1_A5:S;A11:R;A14:R;A15:S;A17:S;A25:S;A27:S;A29:R;A32:S,CHEMBL2106066,1
CHEMBL2106066::en2_A5:R;A11:S;A14:R;A15:S;A17:S;A25:S;A27:S;A29:R;A32:S,CHEMBL2106066,2
CHEMBL2106066::en3_A5:S;A11:S;A14:R;A15:S;A17:S;A25:S;A27:S;A29:R;A32:S,CHEMBL2106066,3
CHEMBL2106066::en4_A5:R;A11:R;A14:S;A15:S;A17:S;A25:S;A27:S;A29:R;A32:S,CHEMBL2106066,4
CHEMBL2106091::en0_A2:S;A5:R;A7:R,CHEMBL2106091,0
CHEMBL2106091::en1_A2:R;A5:S;A7:S,CHEMBL2106091,1
CHEMBL2106101::en0_A8:R;A17:R;A35:R,CHEMBL2106101,0
CHEMBL2106101::en1_A8:S;A17:R;A32:R;A35:R,CHEMBL2106101,1
CHEMBL2106101::en2_A8:R;A17:S;A35:R,CHEMBL2106101,2
CHEMBL2106101::en3_A8:S;A17:S;A35:R,CHEMBL2106101,3
CHEMBL2106101::en4_A8:R;A17:R;A35:S,CHEMBL2106101,4
CHEMBL2106102::en0_A7:R;A32:R,CHEMBL2106102,0
CHEMBL2106102::en1_A7:S;A32:R,CHEMBL2106102,1
CHEMBL2106102::en2_A7:R;A32:S,CHEMBL2106102,2
CHEMBL2106102::en3_A7:S;A32:S,CHEMBL2106102,3
CHEMBL2106102::en4_A7:R;A32:R,CHEMBL2106102,4
CHEMBL2106117::en0_A1:S;A3:S;A8:S,CHEMBL2106117,0
CHEMBL2106117::en1_A1:R;A3:S;A8:S,CHEMBL2106117,1
CHEMBL2106117::en2_A1:S;A3:R;A8:S,CHEMBL2106117,2
CHEMBL2106117::en3_A1:R;A3:R;A8:S,CHEMBL2106117,3
CHEMBL2106117::en4_A1:S;A3:S;A8:R,CHEMBL2106117,4
CHEMBL2106121::en0_A3:R;A5:S;A7:S;A16:S;A18:R;A20:R;A29:S;A31:R;A35:S;A44:R;A46:S,CHEMBL2106121,0
CHEMBL2106161::en0_A1:S;A3:S;A5:R;A7:S;A10:R;A11:S;A14:S;A16:R;A20:R,CHEMBL2106161,0
CHEMBL2106161::en1_A1:R;A3:S;A5:R;A7:S;A10:R;A11:S;A14:S;A16:R;A20:R,CHEMBL2106161,1
CHEMBL2106161::en2_A1:S;A3:R;A5:R;A7:S;A10:R;A11:S;A14:S;A16:R;A20:R,CHEMBL2106161,2
CHEMBL2106161::en3_A1:R;A3:R;A5:R;A7:S;A10:R;A11:S;A14:S;A16:R;A20:R,CHEMBL2106161,3
CHEMBL2106161::en4_A1:S;A3:S;A5:S;A7:S;A10:R;A11:S;A14:S;A16:R;A20:R,CHEMBL2106161,4
CHEMBL2106163::en0_A11:S;A14:S,CHEMBL2106163,0
CHEMBL2106163::en1_A11:R;A14:R,CHEMBL2106163,1
CHEMBL2106179::en0_A4:R,CHEMBL2106179,0
CHEMBL2106179::en1_A4:S,CHEMBL2106179,1
CHEMBL2106181::en0_A3:R;A6:S;A10:R,CHEMBL2106181,0
CHEMBL2106181::en1_A3:S;A6:R;A10:R,CHEMBL2106181,1
CHEMBL2106182::en0_A6:R;A7:S;A9:R;A10:R;A12:S;A14:S;A16:R;A20:R;A22:S;A25:R;A30:S;A33:R;A36:S;A38:S;A42:R;A45:R;A49:R;A52:S,CHEMBL2106182,0
CHEMBL2106182::en1_A6:R;A7:R;A9:S;A10:S;A12:S;A14:S;A16:S;A20:S;A22:R;A25:R;A30:R;A33:R;A36:R;A38:S;A42:S;A45:R;A49:R;A52:R,CHEMBL2106182,1
CHEMBL2106182::en2_A6:R;A7:S;A9:R;A10:R;A12:R;A14:R;A16:S;A20:R;A22:S;A25:S;A30:R;A33:S;A36:S;A38:S;A42:R;A45:S;A49:R;A52:S,CHEMBL2106182,2
CHEMBL2106182::en3_A6:S;A7:R;A9:S;A10:R;A12:S;A14:R;A16:S;A20:S;A22:S;A25:S;A30:R;A33:S;A36:S;A38:S;A42:S;A45:R;A49:S;A52:S,CHEMBL2106182,3
CHEMBL2106182::en4_A6:S;A7:S;A9:R;A10:R;A12:S;A14:S;A16:R;A20:S;A22:S;A25:S;A30:S;A33:S;A36:S;A38:S;A42:S;A45:S;A49:S;A52:R,CHEMBL2106182,4
CHEMBL2106205::en0_A1:S,CHEMBL2106205,0
CHEMBL2106205::en1_A1:R,CHEMBL2106205,1
CHEMBL2106214::en0_A6:R;A18:S;A19:R;A26:S;A27:S,CHEMBL2106214,0
CHEMBL2106214::en1_A6:R;A18:R;A19:R;A26:S;A27:S,CHEMBL2106214,1
CHEMBL2106218::en0_A1:S;A5:R;A6:S;A9:R;A11:R;A19:R;A21:R;A24:S,CHEMBL2106218,0
CHEMBL2106218::en1_A1:R;A5:R;A6:S;A9:R;A11:R;A19:R;A21:R;A24:S,CHEMBL2106218,1
CHEMBL2106218::en2_A1:S;A5:S;A6:S;A9:R;A11:R;A19:R;A21:R;A24:S,CHEMBL2106218,2
CHEMBL2106218::en3_A1:R;A5:S;A6:S;A9:R;A11:R;A19:R;A21:R;A24:S,CHEMBL2106218,3
CHEMBL2106218::en4_A1:S;A5:R;A6:R;A9:R;A11:R;A19:R;A21:R;A24:S,CHEMBL2106218,4
CHEMBL2106236::en0_A10:R;A11:S;A14:S;A16:S;A18:R;A21:R,CHEMBL2106236,0
CHEMBL2106236::en1_A10:S;A11:S;A14:S;A16:S;A18:R;A21:R,CHEMBL2106236,1
CHEMBL2106236::en2_A10:R;A11:R;A14:S;A16:S;A18:R;A21:R,CHEMBL2106236,2
CHEMBL2106236::en3_A10:S;A11:R;A14:S;A16:S;A18:R;A21:R,CHEMBL2106236,3
CHEMBL2106236::en4_A10:R;A11:S;A14:R;A16:S;A18:R;A21:R,CHEMBL2106236,4
CHEMBL2106248::en0_A3:S;A8:S,CHEMBL2106248,0
CHEMBL2106248::en1_A3:R;A8:S,CHEMBL2106248,1
CHEMBL2106248::en2_A3:S;A8:R,CHEMBL2106248,2
CHEMBL2106248::en3_A3:R;A8:R,CHEMBL2106248,3
CHEMBL2106252::en0_A1:S,CHEMBL2106252,0
CHEMBL2106252::en1_A1:R,CHEMBL2106252,1
CHEMBL2106274::en0_A4:R;A13:R;A17:S;A18:S,CHEMBL2106274,0
CHEMBL2106274::en1_A4:R;A13:S;A17:S;A18:S,CHEMBL2106274,1
CHEMBL2106277::en0_A1:R;A3:R;A4:S;A6:S;A14:S;A16:S;A18:R;A21:S;A23:R,CHEMBL2106277,0
CHEMBL2106277::en1_A1:S;A3:R;A4:S;A6:S;A14:S;A16:S;A18:R;A21:S;A23:R,CHEMBL2106277,1
CHEMBL2106277::en2_A1:R;A3:S;A4:S;A6:S;A14:S;A16:S;A18:R;A21:S;A23:R,CHEMBL2106277,2
CHEMBL2106277::en3_A1:S;A3:S;A4:S;A6:S;A14:S;A16:S;A18:R;A21:S;A23:R,CHEMBL2106277,3
CHEMBL2106277::en4_A1:R;A3:R;A4:R;A6:S;A14:S;A16:S;A18:R;A21:S;A23:R,CHEMBL2106277,4
CHEMBL2106290::en0_A8:S,CHEMBL2106290,0
CHEMBL2106290::en1_A8:R,CHEMBL2106290,1
CHEMBL2106290::en2_A8:S,CHEMBL2106290,2
CHEMBL2106290::en3_A8:R,CHEMBL2106290,3
CHEMBL2106296::en0_A6:R;A14:R;A17:R;A18:S;A27:S;A29:S;A31:R;A34:S,CHEMBL2106296,0
CHEMBL2106296::en1_A6:S;A14:R;A17:R;A18:S;A27:S;A29:S;A31:R;A34:S,CHEMBL2106296,1
CHEMBL2106296::en2_A6:R;A14:S;A17:R;A18:S;A27:S;A29:S;A31:R;A34:S,CHEMBL2106296,2
CHEMBL2106296::en3_A6:S;A14:S;A17:R;A18:S;A27:S;A29:S;A31:R;A34:S,CHEMBL2106296,3
CHEMBL2106296::en4_A6:R;A14:R;A17:S;A18:S;A27:S;A29:S;A31:R;A34:S,CHEMBL2106296,4
CHEMBL2106298::en0_A4:R;A5:R;A9:R;A26:R,CHEMBL2106298,0
CHEMBL2106298::en1_A4:S;A5:R;A9:R;A26:R,CHEMBL2106298,1
CHEMBL2106298::en2_A4:R;A5:S;A9:R;A26:R,CHEMBL2106298,2
CHEMBL2106298::en3_A4:S;A5:S;A9:R;A26:R,CHEMBL2106298,3
CHEMBL2106298::en4_A4:R;A5:R;A9:S;A26:R,CHEMBL2106298,4
CHEMBL2106304::en0_A14:S;A16:S;A18:R;A20:S,CHEMBL2106304,0
CHEMBL2106304::en1_A14:R;A16:S;A18:R;A20:S,CHEMBL2106304,1
CHEMBL2106304::en2_A14:S;A16:R;A18:R;A20:S,CHEMBL2106304,2
CHEMBL2106304::en3_A14:R;A16:R;A18:R;A20:S,CHEMBL2106304,3
CHEMBL2106304::en4_A14:S;A16:S;A18:S;A20:S,CHEMBL2106304,4
CHEMBL2106309::en0_A5:R;A15:R;A16:S;A25:R;A27:R;A28:R;A31:S,CHEMBL2106309,0
CHEMBL2106309::en1_A5:S;A15:R;A16:S;A25:R;A27:R;A28:R;A31:S,CHEMBL2106309,1
CHEMBL2106309::en2_A5:R;A15:S;A16:S;A25:R;A27:R;A28:R;A31:S,CHEMBL2106309,2
CHEMBL2106309::en3_A5:S;A15:S;A16:S;A25:R;A27:R;A28:R;A31:S,CHEMBL2106309,3
CHEMBL2106309::en4_A5:R;A15:R;A16:R;A25:R;A27:R;A28:R;A31:S,CHEMBL2106309,4
CHEMBL2106341::en0_A2:S;A4:S;A14:S;A16:S,CHEMBL2106341,0
CHEMBL2106341::en1_A2:R;A4:S;A14:S;A16:S,CHEMBL2106341,1
CHEMBL2106341::en2_A2:S;A4:R;A14:S;A16:S,CHEMBL2106341,2
CHEMBL2106341::en3_A2:R;A4:R;A14:S;A16:S,CHEMBL2106341,3
CHEMBL2106341::en4_A2:S;A4:S;A14:R;A16:S,CHEMBL2106341,4
CHEMBL2106346::en0_A1:R;A3:R;A4:S;A13:S;A15:S;A17:R;A20:S;A22:R,CHEMBL2106346,0
CHEMBL2106346::en1_A1:S;A3:R;A4:S;A13:S;A15:S;A17:R;A20:S;A22:R,CHEMBL2106346,1
CHEMBL2106346::en2_A1:R;A3:S;A4:S;A13:S;A15:S;A17:R;A20:S;A22:R,CHEMBL2106346,2
CHEMBL2106346::en3_A1:S;A3:S;A4:S;A13:S;A15:S;A17:R;A20:S;A22:R,CHEMBL2106346,3
CHEMBL2106346::en4_A1:R;A3:R;A4:R;A13:S;A15:S;A17:R;A20:S;A22:R,CHEMBL2106346,4
CHEMBL2106347::en0_A3:S;A7:R;A8:R;A10:S;A18:R;A20:R;A23:S,CHEMBL2106347,0
CHEMBL2106347::en1_A3:R;A7:R;A8:R;A10:S;A18:R;A20:R;A23:S,CHEMBL2106347,1
CHEMBL2106347::en2_A3:S;A7:S;A8:R;A10:S;A18:R;A20:R;A23:S,CHEMBL2106347,2
CHEMBL2106347::en3_A3:R;A7:S;A8:R;A10:S;A18:R;A20:R;A23:S,CHEMBL2106347,3
CHEMBL2106347::en4_A3:S;A7:R;A8:S;A10:S;A18:R;A20:R;A23:S,CHEMBL2106347,4
CHEMBL2106350::en0_A12:R;A14:R;A30:R;A31:S,CHEMBL2106350,0
CHEMBL2106350::en1_A12:S;A14:R;A30:R;A31:S,CHEMBL2106350,1
CHEMBL2106350::en2_A12:R;A14:S;A30:R;A31:S,CHEMBL2106350,2
CHEMBL2106350::en3_A12:S;A14:S;A30:R;A31:S,CHEMBL2106350,3
CHEMBL2106350::en4_A12:R;A14:R;A30:S;A31:S,CHEMBL2106350,4
CHEMBL2106351::en0_A15:S,CHEMBL2106351,0
CHEMBL2106351::en1_A15:R,CHEMBL2106351,1
CHEMBL2106353::en0_A1:R;A3:R;A4:S;A6:S;A14:S;A16:S;A18:R;A21:S;A23:R,CHEMBL2106353,0
CHEMBL2106353::en1_A1:S;A3:R;A4:S;A6:S;A14:S;A16:S;A18:R;A21:S;A23:R,CHEMBL2106353,1
CHEMBL2106353::en2_A1:R;A3:S;A4:S;A6:S;A14:S;A16:S;A18:R;A21:S;A23:R,CHEMBL2106353,2
CHEMBL2106353::en3_A1:S;A3:S;A4:S;A6:S;A14:S;A16:S;A18:R;A21:S;A23:R,CHEMBL2106353,3
CHEMBL2106353::en4_A1:R;A3:R;A4:R;A6:S;A14:S;A16:S;A18:R;A21:S;A23:R,CHEMBL2106353,4
CHEMBL2106368::en0_A11:R;A14:R;A16:S;A18:S,CHEMBL2106368,0
CHEMBL2106368::en1_A11:S;A14:R;A16:S;A18:S,CHEMBL2106368,1
CHEMBL2106368::en2_A11:R;A14:S;A16:S;A18:S,CHEMBL2106368,2
CHEMBL2106368::en3_A11:S;A14:S;A16:S;A18:S,CHEMBL2106368,3
CHEMBL2106368::en4_A11:R;A14:R;A16:R;A18:S,CHEMBL2106368,4
CHEMBL2106381::en0_A1:S;A4:S;A22:S;A23:S;A26:S,CHEMBL2106381,0
CHEMBL2106381::en1_A1:R;A4:S;A22:S;A23:S;A26:S,CHEMBL2106381,1
CHEMBL2106381::en2_A1:S;A4:R;A22:S;A23:S;A26:S,CHEMBL2106381,2
CHEMBL2106381::en3_A1:R;A4:R;A22:S;A23:S;A26:S,CHEMBL2106381,3
CHEMBL2106381::en4_A1:S;A4:S;A22:R;A23:S;A26:S,CHEMBL2106381,4
CHEMBL2106397::en0_A2:S;A6:S;A8:S;A10:S;A12:R;A16:R;A18:S;A21:S;A23:S;A25:R;A27:S;A30:R;A34:R;A36:S;A40:R;A46:R;A48:S;A50:R,CHEMBL2106397,0
CHEMBL2106397::en1_A2:S;A6:S;A8:R;A10:R;A12:S;A16:S;A18:S;A21:S;A23:R;A25:R;A27:R;A30:R;A34:R;A36:R;A40:R;A46:R;A48:S;A50:R,CHEMBL2106397,1
CHEMBL2106397::en2_A2:R;A6:R;A8:S;A10:R;A12:R;A16:R;A18:R;A21:R;A23:S;A25:R;A27:R;A30:S;A34:S;A36:R;A40:R;A46:R;A48:R;A50:R,CHEMBL2106397,2
CHEMBL2106397::en3_A2:S;A6:S;A8:S;A10:S;A12:R;A16:R;A18:S;A21:R;A23:S;A25:S;A27:R;A30:S;A34:R;A36:R;A40:S;A46:R;A48:S;A50:S,CHEMBL2106397,3
CHEMBL2106397::en4_A2:S;A6:R;A8:S;A10:S;A12:S;A16:S;A18:S;A21:R;A23:R;A25:S;A27:R;A30:R;A34:R;A36:S;A40:R;A46:R;A48:S;A50:S,CHEMBL2106397,4
CHEMBL2106399::en0_A2:S;A3:S;A5:S;A7:R;A9:R;A11:R;A13:R;A16:S;A24:R;A27:S;A31:R;A33:R;A38:R;A40:S;A47:S;A53:S,CHEMBL2106399,0
CHEMBL2106399::en1_A2:R;A3:R;A5:S;A7:R;A9:S;A11:S;A13:R;A16:R;A24:S;A27:S;A31:S;A33:S;A38:S;A40:R;A47:S;A53:R,CHEMBL2106399,1
CHEMBL2106399::en2_A2:R;A3:S;A5:R;A7:S;A9:R;A11:R;A13:R;A16:R;A24:R;A27:R;A31:S;A33:S;A38:S;A40:R;A47:R;A53:S,CHEMBL2106399,2
CHEMBL2106399::en3_A2:R;A3:S;A5:R;A7:R;A9:R;A11:S;A13:S;A16:S;A24:S;A27:R;A31:S;A33:S;A38:R;A40:R;A47:S;A53:R,CHEMBL2106399,3
CHEMBL2106399::en4_A2:R;A3:S;A5:S;A7:R;A9:S;A11:R;A13:S;A16:S;A24:R;A27:S;A31:R;A33:S;A38:S;A40:R;A47:R;A53:S,CHEMBL2106399,4
CHEMBL2106403::en0_A2:S;A6:S;A8:R;A10:S;A12:R;A16:R;A18:R;A21:R;A23:S;A25:S;A27:R;A30:S;A34:S;A36:S;A40:R;A45:R;A47:S;A49:R,CHEMBL2106403,0
CHEMBL2106403::en1_A2:S;A6:S;A8:S;A10:R;A12:S;A16:R;A18:S;A21:R;A23:R;A25:S;A27:R;A30:S;A34:S;A36:S;A40:R;A45:S;A47:S;A49:S,CHEMBL2106403,1
CHEMBL2106403::en2_A2:S;A6:R;A8:R;A10:S;A12:R;A16:S;A18:R;A21:R;A23:S;A25:S;A27:S;A30:S;A34:S;A36:R;A40:R;A45:S;A47:S;A49:R,CHEMBL2106403,2
CHEMBL2106403::en3_A2:R;A6:S;A8:R;A10:S;A12:R;A16:S;A18:R;A21:S;A23:S;A25:S;A27:R;A30:R;A34:R;A36:S;A40:R;A45:S;A47:S;A49:S,CHEMBL2106403,3
CHEMBL2106403::en4_A2:S;A6:R;A8:S;A10:S;A12:R;A16:S;A18:R;A21:R;A23:S;A25:S;A27:S;A30:R;A34:S;A36:R;A40:S;A45:S;A47:S;A49:S,CHEMBL2106403,4
CHEMBL2106405::en0_A3:R;A14:S;A19:R;A20:S;A22:R;A29:S;A33:S;A35:S;A39:S,CHEMBL2106405,0
CHEMBL2106405::en1_A3:S;A14:S;A19:R;A20:S;A22:R;A29:S;A33:S;A35:S;A39:S,CHEMBL2106405,1
CHEMBL2106405::en2_A3:R;A14:S;A19:R;A20:S;A22:R;A29:S;A33:S;A35:R;A39:S,CHEMBL2106405,2
CHEMBL2106405::en3_A3:S;A14:R;A19:R;A20:S;A22:R;A29:S;A33:S;A35:S;A39:S,CHEMBL2106405,3
CHEMBL2106405::en4_A3:R;A14:S;A19:S;A20:S;A22:R;A29:S;A33:S;A35:S;A39:S,CHEMBL2106405,4
CHEMBL2106423::en0_A9:S;A16:R;A19:R;A20:S;A29:S;A31:S;A33:R;A36:S,CHEMBL2106423,0
CHEMBL2106423::en1_A9:R;A16:R;A19:R;A20:S;A29:S;A31:S;A33:R;A36:S,CHEMBL2106423,1
CHEMBL2106423::en2_A9:S;A16:S;A19:R;A20:S;A29:S;A31:S;A33:R;A36:S,CHEMBL2106423,2
CHEMBL2106423::en3_A9:R;A16:S;A19:R;A20:S;A29:S;A31:S;A33:R;A36:S,CHEMBL2106423,3
CHEMBL2106423::en4_A9:S;A16:R;A19:S;A20:S;A29:S;A31:S;A33:R;A36:S,CHEMBL2106423,4
CHEMBL2106431::en0_A3:S;A4:S;A15:R;A26:R;A36:R,CHEMBL2106431,0
CHEMBL2106431::en1_A3:R;A4:S;A15:R;A26:R;A36:R,CHEMBL2106431,1
CHEMBL2106431::en2_A3:S;A4:R;A15:R;A26:R;A36:R,CHEMBL2106431,2
CHEMBL2106431::en3_A3:R;A4:R;A15:R;A26:R;A36:R,CHEMBL2106431,3
CHEMBL2106431::en4_A3:S;A4:S;A15:S;A26:R;A36:R,CHEMBL2106431,4
CHEMBL2106432::en0_A1:R;A3:R;A4:S;A13:S;A15:S;A17:R;A20:S;A22:R,CHEMBL2106432,0
CHEMBL2106432::en1_A1:S;A3:R;A4:S;A13:S;A15:S;A17:R;A20:S;A22:R,CHEMBL2106432,1
CHEMBL2106432::en2_A1:R;A3:S;A4:S;A13:S;A15:S;A17:R;A20:S;A22:R,CHEMBL2106432,2
CHEMBL2106432::en3_A1:S;A3:S;A4:S;A13:S;A15:S;A17:R;A20:S;A22:R,CHEMBL2106432,3
CHEMBL2106432::en4_A1:R;A3:R;A4:R;A13:S;A15:S;A17:R;A20:S;A22:R,CHEMBL2106432,4
CHEMBL2106447::en0_A3:S;A5:S;A20:S;A22:R;A31:R;A33:R;A34:R;A37:S,CHEMBL2106447,0
CHEMBL2106447::en1_A3:R;A5:S;A20:S;A22:R;A31:R;A33:R;A34:R;A37:S,CHEMBL2106447,1
CHEMBL2106447::en2_A3:S;A5:R;A20:R;A22:R;A31:R;A33:R;A34:R;A37:S,CHEMBL2106447,2
CHEMBL2106449::en0_A3:R;A7:R;A9:R;A14:S;A30:S;A38:R;A39:R;A41:R;A44:R;A47:S;A49:S,CHEMBL2106449,0
CHEMBL2106449::en1_A3:R;A7:S;A9:R;A14:S;A30:S;A38:S;A39:S;A41:S;A44:S;A47:S;A49:R,CHEMBL2106449,1
CHEMBL2106449::en2_A3:S;A7:S;A9:R;A14:R;A30:S;A38:S;A39:S;A41:S;A44:R;A47:S;A49:R,CHEMBL2106449,2
CHEMBL2106449::en3_A3:R;A7:R;A9:S;A14:R;A30:R;A38:S;A39:R;A41:R;A44:R;A47:S;A49:S,CHEMBL2106449,3
CHEMBL2106449::en4_A3:R;A7:R;A9:S;A14:S;A30:R;A38:S;A39:R;A41:R;A44:R;A47:R;A49:S,CHEMBL2106449,4
CHEMBL2106450::en0_A2:S;A4:R;A7:S;A10:S;A12:S;A17:S;A33:R;A41:R;A42:R;A47:R;A51:S,CHEMBL2106450,0
CHEMBL2106450::en1_A2:R;A4:R;A7:R;A10:S;A12:R;A17:R;A33:R;A41:R;A42:S;A47:R;A51:S,CHEMBL2106450,1
CHEMBL2106450::en2_A2:R;A4:S;A7:S;A10:S;A12:S;A17:S;A33:R;A41:S;A42:R;A47:S;A51:R,CHEMBL2106450,2
CHEMBL2106450::en3_A2:S;A4:R;A7:S;A10:R;A12:S;A17:S;A33:R;A41:S;A42:S;A47:S;A51:R,CHEMBL2106450,3
CHEMBL2106450::en4_A2:R;A4:R;A7:R;A10:R;A12:S;A17:S;A33:R;A41:S;A42:R;A47:S;A51:S,CHEMBL2106450,4
CHEMBL2106451::en0_A21:R;A33:S;A35:R;A37:R;A39:R;A41:S;A43:S,CHEMBL2106451,0
CHEMBL2106451::en1_A21:S;A33:S;A35:R;A37:R;A39:R;A41:S;A43:S,CHEMBL2106451,1
CHEMBL2106451::en2_A21:R;A33:R;A35:R;A37:R;A39:R;A41:S;A43:S,CHEMBL2106451,2
CHEMBL2106451::en3_A21:S;A33:R;A35:R;A37:R;A39:R;A41:S;A43:S,CHEMBL2106451,3
CHEMBL2106451::en4_A21:R;A33:S;A35:S;A37:R;A39:R;A41:S;A43:S,CHEMBL2106451,4
CHEMBL2106469::en0_A9:R;A31:R,CHEMBL2106469,0
CHEMBL2106469::en1_A9:S;A31:R,CHEMBL2106469,1
CHEMBL2106469::en2_A9:R;A31:S,CHEMBL2106469,2
CHEMBL2106469::en3_A9:S;A31:S,CHEMBL2106469,3
CHEMBL2106475::en0_A6:S;A10:S;A14:S;A26:S,CHEMBL2106475,0
CHEMBL2106475::en1_A6:R;A10:S;A14:S;A26:S,CHEMBL2106475,1
CHEMBL2106475::en2_A6:S;A10:R;A14:S;A26:S,CHEMBL2106475,2
CHEMBL2106475::en3_A6:R;A10:R;A14:S;A26:S,CHEMBL2106475,3
CHEMBL2106475::en4_A6:S;A10:S;A14:R;A26:S,CHEMBL2106475,4
CHEMBL2106477::en0_A9:S;A13:R;A23:S,CHEMBL2106477,0
CHEMBL2106477::en1_A9:R;A13:R;A23:S,CHEMBL2106477,1
CHEMBL2106477::en2_A9:S;A13:S;A23:S,CHEMBL2106477,2
CHEMBL2106477::en3_A9:R;A13:S;A23:S,CHEMBL2106477,3
CHEMBL2106477::en4_A9:S;A13:R;A23:R,CHEMBL2106477,4
CHEMBL2106484::en0_A4:S;A10:R;A11:S;A14:R;A16:R;A19:R;A27:S,CHEMBL2106484,0
CHEMBL2106484::en1_A4:R;A10:R;A11:S;A14:R;A16:R;A19:R;A27:S,CHEMBL2106484,1
CHEMBL2106484::en2_A4:S;A10:S;A11:S;A14:R;A16:R;A19:R;A27:S,CHEMBL2106484,2
CHEMBL2106484::en3_A4:R;A10:S;A11:S;A14:R;A16:R;A19:R;A27:S,CHEMBL2106484,3
CHEMBL2106484::en4_A4:S;A10:R;A11:R;A14:R;A16:R;A19:R;A27:S,CHEMBL2106484,4
CHEMBL2106499::en0_A3:S;A8:R;A10:R;A20:R,CHEMBL2106499,0
CHEMBL2106499::en1_A3:R;A8:R;A10:R;A20:R,CHEMBL2106499,1
CHEMBL2106499::en2_A3:S;A8:S;A10:R;A20:R,CHEMBL2106499,2
CHEMBL2106499::en3_A3:R;A8:S;A10:R;A20:R,CHEMBL2106499,3
CHEMBL2106499::en4_A3:S;A8:R;A10:S;A20:R,CHEMBL2106499,4
CHEMBL210651::en0_A5:S;A8:S,CHEMBL210651,0
CHEMBL210651::en1_A5:R;A8:S,CHEMBL210651,1
CHEMBL210651::en2_A5:S;A8:R,CHEMBL210651,2
CHEMBL210651::en3_A5:R;A8:R,CHEMBL210651,3
CHEMBL2106514::en0_A1:S;A4:R;A5:S;A14:R;A16:S;A19:S;A21:S,CHEMBL2106514,0
CHEMBL2106514::en1_A1:R;A4:R;A5:S;A14:R;A16:S;A19:S;A21:S,CHEMBL2106514,1
CHEMBL2106514::en2_A1:S;A4:S;A5:S;A14:R;A16:S;A19:S;A21:S,CHEMBL2106514,2
CHEMBL2106514::en3_A1:R;A4:S;A5:S;A14:R;A16:S;A19:S;A21:S,CHEMBL2106514,3
CHEMBL2106514::en4_A1:S;A4:R;A5:R;A14:R;A16:S;A19:S;A21:S,CHEMBL2106514,4
CHEMBL2106520::en0_A7:S;A14:R;A15:S;A17:S;A26:S;A28:S;A30:R;A33:S,CHEMBL2106520,0
CHEMBL2106520::en1_A7:R;A14:R;A15:S;A17:S;A26:S;A28:S;A30:R;A33:S,CHEMBL2106520,1
CHEMBL2106520::en2_A7:S;A14:S;A15:S;A17:S;A26:S;A28:S;A30:R;A33:S,CHEMBL2106520,2
CHEMBL2106520::en3_A7:R;A14:S;A15:S;A17:S;A26:S;A28:S;A30:R;A33:S,CHEMBL2106520,3
CHEMBL2106520::en4_A7:S;A14:R;A15:R;A17:S;A26:S;A28:S;A30:R;A33:S,CHEMBL2106520,4
CHEMBL2106538::en0_A6:R;A13:R;A14:S;A23:R;A25:R;A26:R;A29:S,CHEMBL2106538,0
CHEMBL2106538::en1_A6:S;A13:R;A14:S;A23:R;A25:R;A26:R;A29:S,CHEMBL2106538,1
CHEMBL2106538::en2_A6:R;A13:S;A14:S;A23:R;A25:R;A26:R;A29:S,CHEMBL2106538,2
CHEMBL2106538::en3_A6:S;A13:S;A14:S;A23:R;A25:R;A26:R;A29:S,CHEMBL2106538,3
CHEMBL2106538::en4_A6:R;A13:R;A14:R;A23:R;A25:R;A26:R;A29:S,CHEMBL2106538,4
CHEMBL2106548::en0_A2:S;A6:R;A10:R;A15:S,CHEMBL2106548,0
CHEMBL2106548::en1_A2:R;A6:R;A10:R;A15:S,CHEMBL2106548,1
CHEMBL2106548::en2_A2:S;A6:S;A10:R;A15:S,CHEMBL2106548,2
CHEMBL2106548::en3_A2:R;A6:S;A10:R;A15:S,CHEMBL2106548,3
CHEMBL2106548::en4_A2:S;A6:R;A10:S;A15:S,CHEMBL2106548,4
CHEMBL2106571::en0_A1:S;A4:R;A5:S;A15:R;A17:S;A20:S,CHEMBL2106571,0
CHEMBL2106571::en1_A1:R;A4:R;A5:S;A15:R;A17:S;A20:S,CHEMBL2106571,1
CHEMBL2106571::en2_A1:S;A4:S;A5:S;A15:R;A17:S;A20:S,CHEMBL2106571,2
CHEMBL2106571::en3_A1:R;A4:S;A5:S;A15:R;A17:S;A20:S,CHEMBL2106571,3
CHEMBL2106571::en4_A1:S;A4:R;A5:R;A15:R;A17:S;A20:S,CHEMBL2106571,4
CHEMBL2106589::en0_A28:R;A30:R;A33:R;A35:S,CHEMBL2106589,0
CHEMBL2106589::en1_A28:S;A30:R;A33:R;A35:S,CHEMBL2106589,1
CHEMBL2106589::en2_A28:R;A30:S;A33:R;A35:S,CHEMBL2106589,2
CHEMBL2106589::en3_A28:S;A30:S;A33:R;A35:S,CHEMBL2106589,3
CHEMBL2106589::en4_A28:R;A30:R;A33:S;A35:S,CHEMBL2106589,4
CHEMBL2106605::en0_A4:R;A5:S,CHEMBL2106605,0
CHEMBL2106605::en1_A4:S;A5:S,CHEMBL2106605,1
CHEMBL2106605::en2_A4:R;A5:R,CHEMBL2106605,2
CHEMBL2106605::en3_A4:S;A5:R,CHEMBL2106605,3
CHEMBL2106613::en0_A7:S;A11:R;A12:S;A21:S;A26:S,CHEMBL2106613,0
CHEMBL2106613::en1_A7:R;A11:R;A12:S;A21:S;A26:S,CHEMBL2106613,1
CHEMBL2106613::en2_A7:S;A11:S;A12:S;A21:S;A26:S,CHEMBL2106613,2
CHEMBL2106613::en3_A7:R;A11:S;A12:S;A21:S;A26:S,CHEMBL2106613,3
CHEMBL2106613::en4_A7:S;A11:R;A12:R;A21:S;A26:S,CHEMBL2106613,4
CHEMBL2106635::en0_A1:R,CHEMBL2106635,0
CHEMBL2106635::en1_A1:S,CHEMBL2106635,1
CHEMBL2106642::en0_A7:R;A10:S;A13:R;A16:R;A18:S;A28:S;A30:R;A33:S,CHEMBL2106642,0
CHEMBL2106642::en1_A7:S;A10:S;A13:R;A16:R;A18:S;A28:S;A30:R;A33:S,CHEMBL2106642,1
CHEMBL2106642::en2_A7:R;A10:R;A13:R;A16:R;A18:S;A28:S;A30:R;A33:S,CHEMBL2106642,2
CHEMBL2106642::en3_A7:S;A10:R;A13:R;A16:R;A18:S;A28:S;A30:R;A33:S,CHEMBL2106642,3
CHEMBL2106642::en4_A7:R;A10:S;A13:S;A16:R;A18:S;A28:S;A30:R;A33:S,CHEMBL2106642,4
CHEMBL2106658::en0_A6:R;A11:S;A15:S;A25:S,CHEMBL2106658,0
CHEMBL2106658::en1_A6:S;A11:S;A15:S;A25:S,CHEMBL2106658,1
CHEMBL2106658::en2_A6:R;A11:R;A15:S;A25:S,CHEMBL2106658,2
CHEMBL2106658::en3_A6:S;A11:R;A15:S;A25:S,CHEMBL2106658,3
CHEMBL2106658::en4_A6:R;A11:S;A15:R;A25:S,CHEMBL2106658,4
CHEMBL2106664::en0_A5:S;A10:R;A11:S;A14:S;A16:R;A24:R;A25:S,CHEMBL2106664,0
CHEMBL2106664::en1_A5:R;A10:R;A11:S;A14:S;A16:R;A24:R;A25:S,CHEMBL2106664,1
CHEMBL2106664::en2_A5:S;A10:S;A11:S;A14:S;A16:R;A24:R;A25:S,CHEMBL2106664,2
CHEMBL2106664::en3_A5:R;A10:S;A11:S;A14:S;A16:R;A24:R;A25:S,CHEMBL2106664,3
CHEMBL2106664::en4_A5:S;A10:R;A11:R;A14:S;A16:R;A24:R;A25:S,CHEMBL2106664,4
CHEMBL2106670::en0_A1:S;A6:R;A9:R;A10:R;A29:R;A32:S,CHEMBL2106670,0
CHEMBL2106670::en1_A1:R;A6:R;A9:R;A10:R;A29:R;A32:S,CHEMBL2106670,1
CHEMBL2106670::en2_A1:S;A6:S;A9:R;A10:R;A29:R;A32:S,CHEMBL2106670,2
CHEMBL2106670::en3_A1:R;A6:S;A9:R;A10:R;A29:R;A32:S,CHEMBL2106670,3
CHEMBL2106670::en4_A1:S;A6:R;A9:S;A10:R;A29:R;A32:S,CHEMBL2106670,4
CHEMBL2106671::en0_A1:S;A3:S;A5:R;A8:S;A11:R;A12:S;A15:S;A21:R,CHEMBL2106671,0
CHEMBL2106671::en1_A1:R;A3:S;A5:R;A8:S;A11:R;A12:S;A15:S;A21:R,CHEMBL2106671,1
CHEMBL2106671::en2_A1:S;A3:R;A5:R;A8:S;A11:R;A12:S;A15:S;A21:R,CHEMBL2106671,2
CHEMBL2106671::en3_A1:R;A3:R;A5:R;A8:S;A11:R;A12:S;A15:S;A21:R,CHEMBL2106671,3
CHEMBL2106671::en4_A1:S;A3:S;A5:S;A8:S;A11:R;A12:S;A15:S;A21:R,CHEMBL2106671,4
CHEMBL2106685::en0_A13:S;A16:R;A18:S;A20:S,CHEMBL2106685,0
CHEMBL2106685::en1_A13:R;A16:R;A18:S;A20:S,CHEMBL2106685,1
CHEMBL2106685::en2_A13:S;A16:S;A18:S;A20:S,CHEMBL2106685,2
CHEMBL2106685::en3_A13:R;A16:S;A18:S;A20:S,CHEMBL2106685,3
CHEMBL2106685::en4_A13:S;A16:R;A18:R;A20:S,CHEMBL2106685,4
CHEMBL2106699::en0_A1:R;A3:R;A4:S;A13:S;A15:S;A17:R;A20:S;A22:S,CHEMBL2106699,0
CHEMBL2106699::en1_A1:S;A3:R;A4:S;A13:S;A15:S;A17:R;A20:S;A22:S,CHEMBL2106699,1
CHEMBL2106699::en2_A1:R;A3:S;A4:S;A13:S;A15:S;A17:R;A20:S;A22:S,CHEMBL2106699,2
CHEMBL2106699::en3_A1:S;A3:S;A4:S;A13:S;A15:S;A17:R;A20:S;A22:S,CHEMBL2106699,3
CHEMBL2106699::en4_A1:R;A3:R;A4:R;A13:S;A15:S;A17:R;A20:S;A22:S,CHEMBL2106699,4
CHEMBL2106763::en0_A3:R;A4:S;A13:S;A15:S;A17:R;A20:S;A22:S,CHEMBL2106763,0
CHEMBL2106763::en1_A3:S;A4:S;A13:S;A15:S;A17:R;A20:S;A22:S,CHEMBL2106763,1
CHEMBL2106763::en2_A3:R;A4:R;A13:S;A15:S;A17:R;A20:S;A22:S,CHEMBL2106763,2
CHEMBL2106763::en3_A3:S;A4:R;A13:S;A15:S;A17:R;A20:S;A22:S,CHEMBL2106763,3
CHEMBL2106763::en4_A3:R;A4:S;A13:R;A15:S;A17:R;A20:S;A22:S,CHEMBL2106763,4
CHEMBL2106773::en0_A4:R;A10:R;A11:S;A20:S;A22:S;A24:R;A27:S,CHEMBL2106773,0
CHEMBL2106773::en1_A4:S;A10:R;A11:S;A20:S;A22:S;A24:R;A27:S,CHEMBL2106773,1
CHEMBL2106773::en2_A4:R;A10:S;A11:S;A20:S;A22:S;A24:R;A27:S,CHEMBL2106773,2
CHEMBL2106773::en3_A4:S;A10:S;A11:S;A20:S;A22:S;A24:R;A27:S,CHEMBL2106773,3
CHEMBL2106773::en4_A4:R;A10:R;A11:R;A20:S;A22:S;A24:R;A27:S,CHEMBL2106773,4
CHEMBL2106789::en0_A1:S;A3:S,CHEMBL2106789,0
CHEMBL2106789::en1_A1:R;A3:S,CHEMBL2106789,1
CHEMBL2106789::en2_A1:S;A3:R,CHEMBL2106789,2
CHEMBL2106789::en3_A1:R;A3:R,CHEMBL2106789,3
CHEMBL2106797::en0_A8:S;A10:R;A11:S;A20:R,CHEMBL2106797,0
CHEMBL2106797::en1_A8:R;A10:R;A11:S;A20:R,CHEMBL2106797,1
CHEMBL2106797::en2_A8:S;A10:S;A11:S;A20:R,CHEMBL2106797,2
CHEMBL2106797::en3_A8:R;A10:S;A11:S;A20:R,CHEMBL2106797,3
CHEMBL2106797::en4_A8:S;A10:R;A11:R;A20:R,CHEMBL2106797,4
CHEMBL2106801::en0_A1:S;A5:R;A6:R;A15:R;A16:R;A19:S,CHEMBL2106801,0
CHEMBL2106801::en1_A1:R;A5:R;A6:R;A15:R;A16:R;A19:S,CHEMBL2106801,1
CHEMBL2106801::en2_A1:S;A5:S;A6:R;A15:R;A16:R;A19:S,CHEMBL2106801,2
CHEMBL2106801::en3_A1:R;A5:S;A6:R;A15:R;A16:R;A19:S,CHEMBL2106801,3
CHEMBL2106801::en4_A1:S;A5:R;A6:S;A15:R;A16:R;A19:S,CHEMBL2106801,4
CHEMBL2106806::en0_A2:R;A6:R;A7:R;A25:R;A27:R;A30:S,CHEMBL2106806,0
CHEMBL2106806::en1_A2:S;A6:R;A7:R;A25:R;A27:R;A30:S,CHEMBL2106806,1
CHEMBL2106806::en2_A2:R;A6:S;A7:R;A25:R;A27:R;A30:S,CHEMBL2106806,2
CHEMBL2106806::en3_A2:S;A6:S;A7:R;A25:R;A27:R;A30:S,CHEMBL2106806,3
CHEMBL2106806::en4_A2:R;A6:R;A7:S;A25:R;A27:R;A30:S,CHEMBL2106806,4
CHEMBL2106812::en0_A2:R;A6:R;A7:R;A17:R;A20:S,CHEMBL2106812,0
CHEMBL2106812::en1_A2:S;A6:R;A7:R;A17:R;A20:S,CHEMBL2106812,1
CHEMBL2106812::en2_A2:R;A6:S;A7:R;A17:R;A20:S,CHEMBL2106812,2
CHEMBL2106812::en3_A2:S;A6:S;A7:R;A17:R;A20:S,CHEMBL2106812,3
CHEMBL2106812::en4_A2:R;A6:R;A7:S;A17:R;A20:S,CHEMBL2106812,4
CHEMBL2106813::en0_A13:R;A15:R;A17:R;A19:S,CHEMBL2106813,0
CHEMBL2106813::en1_A13:S;A15:R;A17:R;A19:S,CHEMBL2106813,1
CHEMBL2106813::en2_A13:R;A15:S;A17:R;A19:S,CHEMBL2106813,2
CHEMBL2106813::en3_A13:S;A15:S;A17:R;A19:S,CHEMBL2106813,3
CHEMBL2106813::en4_A13:R;A15:R;A17:S;A19:S,CHEMBL2106813,4
CHEMBL2106814::en0_A6:S;A9:R,CHEMBL2106814,0
CHEMBL2106814::en1_A6:R;A9:S,CHEMBL2106814,1
CHEMBL2106816::en0_A7:R;A11:R;A12:S;A22:R;A25:S,CHEMBL2106816,0
CHEMBL2106816::en1_A7:S;A11:R;A12:S;A22:R;A25:S,CHEMBL2106816,1
CHEMBL2106816::en2_A7:R;A11:S;A12:S;A22:R;A25:S,CHEMBL2106816,2
CHEMBL2106816::en3_A7:S;A11:S;A12:S;A22:R;A25:S,CHEMBL2106816,3
CHEMBL2106816::en4_A7:R;A11:R;A12:R;A22:R;A25:S,CHEMBL2106816,4
CHEMBL2106825::en0_A3:R;A7:R;A8:R;A18:R;A20:R;A23:S,CHEMBL2106825,0
CHEMBL2106825::en1_A3:S;A7:R;A8:R;A18:R;A20:R;A23:S,CHEMBL2106825,1
CHEMBL2106825::en2_A3:R;A7:S;A8:R;A18:R;A20:R;A23:S,CHEMBL2106825,2
CHEMBL2106825::en3_A3:S;A7:S;A8:R;A18:R;A20:R;A23:S,CHEMBL2106825,3
CHEMBL2106825::en4_A3:R;A7:R;A8:S;A18:R;A20:R;A23:S,CHEMBL2106825,4
CHEMBL2106828::en0_A2:R;A6:R;A7:R;A16:R;A17:R;A20:S,CHEMBL2106828,0
CHEMBL2106828::en1_A2:S;A6:R;A7:R;A16:R;A17:R;A20:S,CHEMBL2106828,1
CHEMBL2106828::en2_A2:R;A6:S;A7:R;A16:R;A17:R;A20:S,CHEMBL2106828,2
CHEMBL2106828::en3_A2:S;A6:S;A7:R;A16:R;A17:R;A20:S,CHEMBL2106828,3
CHEMBL2106828::en4_A2:R;A6:R;A7:S;A16:R;A17:R;A20:S,CHEMBL2106828,4
CHEMBL2106832::en0_A11:R,CHEMBL2106832,0
CHEMBL2106832::en1_A11:S,CHEMBL2106832,1
CHEMBL2106851::en0_A4:R;A21:S;A22:R;A34:S;A35:S,CHEMBL2106851,0
CHEMBL2106851::en1_A4:R;A21:R;A22:R;A34:S;A35:S,CHEMBL2106851,1
CHEMBL2106853::en0_A2:R;A13:R,CHEMBL2106853,0
CHEMBL2106853::en1_A2:S;A13:R,CHEMBL2106853,1
CHEMBL2106853::en2_A2:R;A13:S,CHEMBL2106853,2
CHEMBL2106853::en3_A2:S;A13:S,CHEMBL2106853,3
CHEMBL2106858::en0_A8:S;A12:R;A13:S;A22:R;A24:R;A25:R;A28:S,CHEMBL2106858,0
CHEMBL2106858::en1_A8:R;A12:R;A13:S;A22:R;A24:R;A25:R;A28:S,CHEMBL2106858,1
CHEMBL2106858::en2_A8:S;A12:S;A13:S;A22:R;A24:R;A25:R;A28:S,CHEMBL2106858,2
CHEMBL2106858::en3_A8:R;A12:S;A13:S;A22:R;A24:R;A25:R;A28:S,CHEMBL2106858,3
CHEMBL2106858::en4_A8:S;A12:R;A13:R;A22:R;A24:R;A25:R;A28:S,CHEMBL2106858,4
CHEMBL2106864::en0_A4:R;A7:R;A8:R;A11:R;A17:R;A19:R;A22:S,CHEMBL2106864,0
CHEMBL2106864::en1_A4:S;A7:R;A8:R;A11:R;A17:R;A19:R;A22:S,CHEMBL2106864,1
CHEMBL2106864::en2_A4:R;A7:S;A8:R;A11:R;A17:R;A19:R;A22:S,CHEMBL2106864,2
CHEMBL2106864::en3_A4:S;A7:S;A8:R;A11:R;A17:R;A19:R;A22:S,CHEMBL2106864,3
CHEMBL2106864::en4_A4:R;A7:R;A8:S;A11:R;A17:R;A19:R;A22:S,CHEMBL2106864,4
CHEMBL2106868::en0_A1:S;A9:R;A14:S,CHEMBL2106868,0
CHEMBL2106868::en1_A1:R;A9:R;A14:S,CHEMBL2106868,1
CHEMBL2106868::en2_A1:S;A9:S;A14:S,CHEMBL2106868,2
CHEMBL2106868::en3_A1:R;A9:S;A14:S,CHEMBL2106868,3
CHEMBL2106868::en4_A1:S;A9:R;A14:R,CHEMBL2106868,4
CHEMBL2106877::en0_A17:R;A21:R;A26:S,CHEMBL2106877,0
CHEMBL2106877::en1_A17:S;A21:R;A26:S,CHEMBL2106877,1
CHEMBL2106877::en2_A17:R;A21:S;A26:S,CHEMBL2106877,2
CHEMBL2106877::en3_A17:S;A21:S;A26:S,CHEMBL2106877,3
CHEMBL2106877::en4_A17:R;A21:R;A26:R,CHEMBL2106877,4
CHEMBL2106880::en0_A4:R;A7:R;A8:R;A11:R;A18:S;A20:R;A23:S,CHEMBL2106880,0
CHEMBL2106880::en1_A4:S;A7:R;A8:R;A11:R;A18:S;A20:R;A23:S,CHEMBL2106880,1
CHEMBL2106880::en2_A4:R;A7:S;A8:R;A11:R;A18:S;A20:R;A23:S,CHEMBL2106880,2
CHEMBL2106880::en3_A4:S;A7:S;A8:R;A11:R;A18:S;A20:R;A23:S,CHEMBL2106880,3
CHEMBL2106880::en4_A4:R;A7:R;A8:S;A11:R;A18:S;A20:R;A23:S,CHEMBL2106880,4
CHEMBL2106949::en0_A9:R;A12:R;A13:R;A16:R;A23:S;A25:R;A28:S,CHEMBL2106949,0
CHEMBL2106949::en1_A9:S;A12:R;A13:R;A16:R;A23:S;A25:R;A28:S,CHEMBL2106949,1
CHEMBL2106949::en2_A9:R;A12:S;A13:R;A16:R;A23:S;A25:R;A28:S,CHEMBL2106949,2
CHEMBL2106949::en3_A9:S;A12:S;A13:R;A16:R;A23:S;A25:R;A28:S,CHEMBL2106949,3
CHEMBL2106949::en4_A9:R;A12:R;A13:S;A16:R;A23:S;A25:R;A28:S,CHEMBL2106949,4
CHEMBL2106950::en0_A2:R;A9:R;A10:R;A15:R;A22:R;A23:R;A24:R;A27:S,CHEMBL2106950,0
CHEMBL2106950::en1_A2:S;A9:R;A10:R;A15:R;A22:R;A23:R;A24:R;A27:S,CHEMBL2106950,1
CHEMBL2106950::en2_A2:R;A9:S;A10:R;A15:R;A22:R;A23:R;A24:R;A27:S,CHEMBL2106950,2
CHEMBL2106950::en3_A2:S;A9:S;A10:R;A15:R;A22:R;A23:R;A24:R;A27:S,CHEMBL2106950,3
CHEMBL2106950::en4_A2:R;A9:R;A10:S;A15:R;A22:R;A23:R;A24:R;A27:S,CHEMBL2106950,4
CHEMBL2106955::en0_A4:R,CHEMBL2106955,0
CHEMBL2106955::en1_A4:S,CHEMBL2106955,1
CHEMBL2106961::en0_A12:S;A16:R;A17:S;A26:R;A28:R;A29:R;A32:S,CHEMBL2106961,0
CHEMBL2106961::en1_A12:R;A16:R;A17:S;A26:R;A28:R;A29:R;A32:S,CHEMBL2106961,1
CHEMBL2106961::en2_A12:S;A16:S;A17:S;A26:R;A28:R;A29:R;A32:S,CHEMBL2106961,2
CHEMBL2106961::en3_A12:R;A16:S;A17:S;A26:R;A28:R;A29:R;A32:S,CHEMBL2106961,3
CHEMBL2106961::en4_A12:S;A16:R;A17:R;A26:R;A28:R;A29:R;A32:S,CHEMBL2106961,4
CHEMBL2106962::en0_A4:S;A7:S;A11:R;A12:R;A14:R;A24:R;A26:S,CHEMBL2106962,0
CHEMBL2106962::en1_A4:R;A7:S;A11:R;A12:R;A14:R;A24:R;A26:S,CHEMBL2106962,1
CHEMBL2106962::en2_A4:S;A7:R;A11:R;A12:R;A14:R;A24:R;A26:S,CHEMBL2106962,2
CHEMBL2106962::en3_A4:R;A7:R;A11:R;A12:R;A14:R;A24:R;A26:S,CHEMBL2106962,3
CHEMBL2106962::en4_A4:S;A7:S;A11:S;A12:R;A14:R;A24:R;A26:S,CHEMBL2106962,4
CHEMBL2106965::en0_A10:S;A14:S;A16:R;A20:S,CHEMBL2106965,0
CHEMBL2106965::en1_A10:R;A14:S;A16:R;A20:S,CHEMBL2106965,1
CHEMBL2106965::en2_A10:S;A14:R;A16:R;A20:S,CHEMBL2106965,2
CHEMBL2106965::en3_A10:R;A14:R;A16:R;A20:S,CHEMBL2106965,3
CHEMBL2106965::en4_A10:S;A14:S;A16:S;A20:S,CHEMBL2106965,4
CHEMBL2106972::en0_A13:S;A16:S,CHEMBL2106972,0
CHEMBL2106972::en1_A13:R;A16:R,CHEMBL2106972,1
CHEMBL2106978::en0_A3:R;A5:R;A7:R;A9:R,CHEMBL2106978,0
CHEMBL2106978::en1_A3:S;A5:R;A7:R;A9:R,CHEMBL2106978,1
CHEMBL2106978::en2_A3:S;A5:R,CHEMBL2106978,2
CHEMBL2106978::en3_A7:R;A9:R,CHEMBL2106978,3
CHEMBL2106978::en4_A7:R;A9:R,CHEMBL2106978,4
CHEMBL2106981::en0_A4:S,CHEMBL2106981,0
CHEMBL2106981::en1_A4:R,CHEMBL2106981,1
CHEMBL2106982::en0_A3:S;A7:R;A8:R;A18:R;A20:R;A23:S,CHEMBL2106982,0
CHEMBL2106982::en1_A3:R;A7:R;A8:R;A18:R;A20:R;A23:S,CHEMBL2106982,1
CHEMBL2106982::en2_A3:S;A7:S;A8:R;A18:R;A20:R;A23:S,CHEMBL2106982,2
CHEMBL2106982::en3_A3:R;A7:S;A8:R;A18:R;A20:R;A23:S,CHEMBL2106982,3
CHEMBL2106982::en4_A3:S;A7:R;A8:S;A18:R;A20:R;A23:S,CHEMBL2106982,4
CHEMBL2106986::en0_A5:R;A15:R;A26:S,CHEMBL2106986,0
CHEMBL2106986::en1_A5:S;A15:R;A26:S,CHEMBL2106986,1
CHEMBL2106986::en2_A5:R;A15:S;A26:S,CHEMBL2106986,2
CHEMBL2106986::en3_A5:S;A15:S;A26:S,CHEMBL2106986,3
CHEMBL2106986::en4_A5:R;A15:R;A26:R,CHEMBL2106986,4
CHEMBL2106988::en0_A8:S;A12:S;A23:S,CHEMBL2106988,0
CHEMBL2106988::en1_A8:R;A12:S;A23:S,CHEMBL2106988,1
CHEMBL2106988::en2_A8:S;A12:R;A23:S,CHEMBL2106988,2
CHEMBL2106988::en3_A8:R;A12:R;A23:S,CHEMBL2106988,3
CHEMBL2106988::en4_A8:S;A12:S;A23:R,CHEMBL2106988,4
CHEMBL2106991::en0_A6:S;A8:S;A10:S,CHEMBL2106991,0
CHEMBL2106991::en1_A6:R;A8:S;A10:S,CHEMBL2106991,1
CHEMBL2106991::en2_A6:S;A8:R;A10:S,CHEMBL2106991,2
CHEMBL2106991::en3_A6:R;A8:R;A10:S,CHEMBL2106991,3
CHEMBL2106991::en4_A6:S;A8:S;A10:R,CHEMBL2106991,4
CHEMBL2106993::en0_A7:R;A12:R;A14:S,CHEMBL2106993,0
CHEMBL2106993::en1_A7:S;A12:R;A14:S,CHEMBL2106993,1
CHEMBL2106993::en2_A7:R;A12:S;A14:S,CHEMBL2106993,2
CHEMBL2106993::en3_A7:S;A12:S;A14:S,CHEMBL2106993,3
CHEMBL2106993::en4_A7:R;A12:R;A14:R,CHEMBL2106993,4
CHEMBL2106994::en0_A28:R;A34:R,CHEMBL2106994,0
CHEMBL2106994::en1_A28:S;A34:R,CHEMBL2106994,1
CHEMBL2106994::en2_A28:R;A34:S,CHEMBL2106994,2
CHEMBL2106994::en3_A28:S;A34:S,CHEMBL2106994,3
CHEMBL2106999::en0_A1:S;A4:R;A5:S;A14:R;A16:S;A19:S,CHEMBL2106999,0
CHEMBL2106999::en1_A1:R;A4:R;A5:S;A14:R;A16:S;A19:S,CHEMBL2106999,1
CHEMBL2106999::en2_A1:S;A4:S;A5:S;A14:R;A16:S;A19:S,CHEMBL2106999,2
CHEMBL2106999::en3_A1:R;A4:S;A5:S;A14:R;A16:S;A19:S,CHEMBL2106999,3
CHEMBL2106999::en4_A1:S;A4:R;A5:R;A14:R;A16:S;A19:S,CHEMBL2106999,4
CHEMBL2107003::en0_A3:R;A11:R;A13:R;A16:R;A18:R;A21:S;A28:R,CHEMBL2107003,0
CHEMBL2107003::en1_A3:S;A11:R;A13:R;A16:R;A18:R;A21:S;A28:R,CHEMBL2107003,1
CHEMBL2107003::en2_A3:R;A11:S;A13:R;A16:R;A18:R;A21:S;A28:R,CHEMBL2107003,2
CHEMBL2107003::en3_A3:S;A11:S;A13:R;A16:R;A18:R;A21:S;A28:R,CHEMBL2107003,3
CHEMBL2107003::en4_A3:R;A11:R;A13:S;A16:R;A18:R;A21:S;A28:R,CHEMBL2107003,4
CHEMBL2107004::en0_A1:S;A4:S;A19:S;A20:S;A22:S;A24:R,CHEMBL2107004,0
CHEMBL2107004::en1_A1:R;A4:S;A19:S;A20:S;A22:S;A24:R,CHEMBL2107004,1
CHEMBL2107004::en2_A1:S;A4:R;A19:S;A20:S;A22:S;A24:R,CHEMBL2107004,2
CHEMBL2107004::en3_A1:R;A4:R;A19:S;A20:S;A22:S;A24:R,CHEMBL2107004,3
CHEMBL2107004::en4_A1:S;A4:S;A19:R;A20:S;A22:S;A24:R,CHEMBL2107004,4
CHEMBL2107026::en0_A6:S;A15:R;A18:R,CHEMBL2107026,0
CHEMBL2107026::en1_A6:R;A15:R;A18:R,CHEMBL2107026,1
CHEMBL2107026::en2_A6:S;A15:S;A18:S,CHEMBL2107026,2
CHEMBL2107045::en0_A13:R,CHEMBL2107045,0
CHEMBL2107045::en1_A13:S,CHEMBL2107045,1
CHEMBL2107058::en0_A5:R;A10:R;A13:R;A14:S;A16:S;A24:S;A26:S;A28:R;A31:S,CHEMBL2107058,0
CHEMBL2107058::en1_A5:S;A10:R;A13:R;A14:S;A16:S;A24:S;A26:S;A28:R;A31:S,CHEMBL2107058,1
CHEMBL2107058::en2_A5:R;A10:S;A13:R;A14:S;A16:S;A24:S;A26:S;A28:R;A31:S,CHEMBL2107058,2
CHEMBL2107058::en3_A5:S;A10:S;A13:R;A14:S;A16:S;A24:S;A26:S;A28:R;A31:S,CHEMBL2107058,3
CHEMBL2107058::en4_A5:R;A10:R;A13:S;A14:S;A16:S;A24:S;A26:S;A28:R;A31:S,CHEMBL2107058,4
CHEMBL2107067::en0_A13:R;A16:R;A17:R;A26:R;A28:R;A31:S,CHEMBL2107067,0
CHEMBL2107067::en1_A13:S;A16:R;A17:R;A26:R;A28:R;A31:S,CHEMBL2107067,1
CHEMBL2107067::en2_A13:R;A16:S;A17:R;A26:R;A28:R;A31:S,CHEMBL2107067,2
CHEMBL2107067::en3_A13:S;A16:S;A17:R;A26:R;A28:R;A31:S,CHEMBL2107067,3
CHEMBL2107067::en4_A13:R;A16:R;A17:S;A26:R;A28:R;A31:S,CHEMBL2107067,4
CHEMBL2107073::en0_A2:R;A6:R;A12:S;A27:S;A28:S;A31:R,CHEMBL2107073,0
CHEMBL2107073::en1_A2:S;A6:R;A12:S;A27:S;A28:S;A31:R,CHEMBL2107073,1
CHEMBL2107073::en2_A2:R;A6:S;A12:S;A27:S;A28:S;A31:R,CHEMBL2107073,2
CHEMBL2107073::en3_A2:S;A6:S;A12:S;A27:S;A28:S;A31:R,CHEMBL2107073,3
CHEMBL2107073::en4_A2:R;A6:R;A12:R;A27:S;A28:S;A31:R,CHEMBL2107073,4
CHEMBL2107075::en0_A1:R,CHEMBL2107075,0
CHEMBL2107075::en1_A1:S,CHEMBL2107075,1
CHEMBL2107085::en0_A11:R;A13:R;A16:S;A20:R;A21:S,CHEMBL2107085,0
CHEMBL2107085::en1_A11:S;A13:R;A16:S;A20:R;A21:S,CHEMBL2107085,1
CHEMBL2107085::en2_A11:R;A13:S;A16:S;A20:R;A21:S,CHEMBL2107085,2
CHEMBL2107085::en3_A11:S;A13:S;A16:S;A20:R;A21:S,CHEMBL2107085,3
CHEMBL2107085::en4_A11:R;A13:R;A16:R;A20:R;A21:S,CHEMBL2107085,4
CHEMBL2107087::en0_A9:S;A21:S,CHEMBL2107087,0
CHEMBL2107087::en1_A9:R;A21:S,CHEMBL2107087,1
CHEMBL2107087::en2_A9:S;A21:R,CHEMBL2107087,2
CHEMBL2107087::en3_A9:R;A21:R,CHEMBL2107087,3
CHEMBL2107112::en0_A10:S;A14:R;A15:S;A24:R;A26:R;A27:R;A30:S,CHEMBL2107112,0
CHEMBL2107112::en1_A10:R;A14:R;A15:S;A24:R;A26:R;A27:R;A30:S,CHEMBL2107112,1
CHEMBL2107112::en2_A10:S;A14:S;A15:S;A24:R;A26:R;A27:R;A30:S,CHEMBL2107112,2
CHEMBL2107112::en3_A10:R;A14:S;A15:S;A24:R;A26:R;A27:R;A30:S,CHEMBL2107112,3
CHEMBL2107112::en4_A10:S;A14:R;A15:R;A24:R;A26:R;A27:R;A30:S,CHEMBL2107112,4
CHEMBL2107137::en0_A5:S;A10:S;A11:R;A16:S,CHEMBL2107137,0
CHEMBL2107137::en1_A5:R;A10:S;A11:R;A16:S,CHEMBL2107137,1
CHEMBL2107137::en2_A5:S;A10:R;A11:R;A16:S,CHEMBL2107137,2
CHEMBL2107137::en3_A5:R;A10:R;A11:R;A16:S,CHEMBL2107137,3
CHEMBL2107137::en4_A5:S;A10:S;A11:S;A16:S,CHEMBL2107137,4
CHEMBL2107143::en0_A11:S;A13:R;A16:R;A18:S;A20:S,CHEMBL2107143,0
CHEMBL2107143::en1_A11:R;A13:R;A16:R;A18:S;A20:S,CHEMBL2107143,1
CHEMBL2107143::en2_A11:S;A13:S;A16:R;A18:S;A20:S,CHEMBL2107143,2
CHEMBL2107143::en3_A11:R;A13:S;A16:R;A18:S;A20:S,CHEMBL2107143,3
CHEMBL2107143::en4_A11:S;A13:R;A16:S;A18:S;A20:S,CHEMBL2107143,4
CHEMBL2107144::en0_A6:S;A11:S,CHEMBL2107144,0
CHEMBL2107144::en1_A6:R;A11:S,CHEMBL2107144,1
CHEMBL2107144::en2_A6:S;A11:R,CHEMBL2107144,2
CHEMBL2107144::en3_A6:R;A11:R,CHEMBL2107144,3
CHEMBL2107158::en0_A7:R;A14:R;A15:S;A17:S;A25:R;A27:R;A28:R;A31:S,CHEMBL2107158,0
CHEMBL2107158::en1_A7:S;A14:R;A15:S;A17:S;A25:R;A27:R;A28:R;A31:S,CHEMBL2107158,1
CHEMBL2107158::en2_A7:R;A14:S;A15:S;A17:S;A25:R;A27:R;A28:R;A31:S,CHEMBL2107158,2
CHEMBL2107158::en3_A7:S;A14:S;A15:S;A17:S;A25:R;A27:R;A28:R;A31:S,CHEMBL2107158,3
CHEMBL2107158::en4_A7:R;A14:R;A15:R;A17:S;A25:R;A27:R;A28:R;A31:S,CHEMBL2107158,4
CHEMBL2107186::en0_A6:R;A13:R;A14:S;A23:R;A25:R;A26:R;A29:S,CHEMBL2107186,0
CHEMBL2107186::en1_A6:S;A13:R;A14:S;A23:R;A25:R;A26:R;A29:S,CHEMBL2107186,1
CHEMBL2107186::en2_A6:R;A13:S;A14:S;A23:R;A25:R;A26:R;A29:S,CHEMBL2107186,2
CHEMBL2107186::en3_A6:S;A13:S;A14:S;A23:R;A25:R;A26:R;A29:S,CHEMBL2107186,3
CHEMBL2107186::en4_A6:R;A13:R;A14:R;A23:R;A25:R;A26:R;A29:S,CHEMBL2107186,4
CHEMBL2107195::en0_A3:R;A4:S;A13:R;A15:R;A16:R;A19:S;A21:S,CHEMBL2107195,0
CHEMBL2107195::en1_A3:S;A4:S;A13:R;A15:R;A16:R;A19:S;A21:S,CHEMBL2107195,1
CHEMBL2107195::en2_A3:R;A4:R;A13:R;A15:R;A16:R;A19:S;A21:S,CHEMBL2107195,2
CHEMBL2107195::en3_A3:S;A4:R;A13:R;A15:R;A16:R;A19:S;A21:S,CHEMBL2107195,3
CHEMBL2107195::en4_A3:R;A4:S;A13:S;A15:R;A16:R;A19:S;A21:S,CHEMBL2107195,4
CHEMBL2107228::en0_A2:S;A7:S;A15:S,CHEMBL2107228,0
CHEMBL2107228::en1_A2:R;A7:S;A15:S,CHEMBL2107228,1
CHEMBL2107228::en2_A2:S;A7:R;A15:S,CHEMBL2107228,2
CHEMBL2107228::en3_A2:R;A7:R;A15:S,CHEMBL2107228,3
CHEMBL2107228::en4_A2:S;A7:S;A15:R,CHEMBL2107228,4
CHEMBL2107238::en0_A1:R;A7:S;A10:R;A11:R;A12:R;A19:S;A21:R;A29:S;A31:R;A34:R,CHEMBL2107238,0
CHEMBL2107238::en1_A1:S;A7:S;A10:R;A11:R;A12:R;A19:S;A21:R;A29:S;A31:R;A34:R,CHEMBL2107238,1
CHEMBL2107238::en2_A1:R;A7:R;A10:R;A11:R;A12:R;A19:S;A21:R;A29:S;A31:R;A34:R,CHEMBL2107238,2
CHEMBL2107238::en3_A1:S;A7:R;A10:R;A11:R;A12:R;A19:S;A21:R;A29:S;A31:R;A34:R,CHEMBL2107238,3
CHEMBL2107238::en4_A1:R;A7:S;A10:S;A11:R;A12:R;A19:S;A21:R;A29:S;A31:R;A34:R,CHEMBL2107238,4
CHEMBL2107251::en0_A4:R;A7:R;A8:R;A11:R;A18:S;A20:R;A23:S,CHEMBL2107251,0
CHEMBL2107251::en1_A4:S;A7:R;A8:R;A11:R;A18:S;A20:R;A23:S,CHEMBL2107251,1
CHEMBL2107251::en2_A4:R;A7:S;A8:R;A11:R;A18:S;A20:R;A23:S,CHEMBL2107251,2
CHEMBL2107251::en3_A4:S;A7:S;A8:R;A11:R;A18:S;A20:R;A23:S,CHEMBL2107251,3
CHEMBL2107251::en4_A4:R;A7:R;A8:S;A11:R;A18:S;A20:R;A23:S,CHEMBL2107251,4
CHEMBL2107292::en0_A1:S;A2:S;A12:R,CHEMBL2107292,0
CHEMBL2107292::en1_A1:R;A2:S;A12:R,CHEMBL2107292,1
CHEMBL2107292::en2_A1:S;A2:R;A12:S,CHEMBL2107292,2
CHEMBL2107294::en0_A2:S;A5:R,CHEMBL2107294,0
CHEMBL2107294::en1_A2:R;A5:S,CHEMBL2107294,1
CHEMBL2107301::en0_A3:S;A10:S,CHEMBL2107301,0
CHEMBL2107301::en1_A3:R;A10:S,CHEMBL2107301,1
CHEMBL2107301::en2_A3:S;A10:R,CHEMBL2107301,2
CHEMBL2107301::en3_A3:R;A10:R,CHEMBL2107301,3
CHEMBL2107303::en0_A1:S;A13:R;A16:R;A17:R;A26:R;A27:R;A30:S,CHEMBL2107303,0
CHEMBL2107303::en1_A1:R;A13:R;A16:R;A17:R;A26:R;A27:R;A30:S,CHEMBL2107303,1
CHEMBL2107303::en2_A1:S;A13:S;A16:R;A17:R;A26:R;A27:R;A30:S,CHEMBL2107303,2
CHEMBL2107303::en3_A1:R;A13:S;A16:R;A17:R;A26:R;A27:R;A30:S,CHEMBL2107303,3
CHEMBL2107303::en4_A1:S;A13:R;A16:S;A17:R;A26:R;A27:R;A30:S,CHEMBL2107303,4
CHEMBL2107305::en0_A6:S;A24:S,CHEMBL2107305,0
CHEMBL2107305::en1_A6:R;A24:S,CHEMBL2107305,1
CHEMBL2107305::en2_A6:S;A24:R,CHEMBL2107305,2
CHEMBL2107305::en3_A6:R;A24:R,CHEMBL2107305,3
CHEMBL2107312::en0_A6:R;A12:R,CHEMBL2107312,0
CHEMBL2107312::en1_A6:S;A12:R,CHEMBL2107312,1
CHEMBL2107312::en2_A6:R;A12:S,CHEMBL2107312,2
CHEMBL2107312::en3_A6:S;A12:S,CHEMBL2107312,3
CHEMBL2107313::en0_A21:R;A23:R;A26:R;A29:R;A31:S,CHEMBL2107313,0
CHEMBL2107313::en1_A21:S;A23:R;A26:R;A29:R;A31:S,CHEMBL2107313,1
CHEMBL2107313::en2_A21:R;A23:S;A26:R;A29:R;A31:S,CHEMBL2107313,2
CHEMBL2107313::en3_A21:S;A23:S;A26:R;A29:R;A31:S,CHEMBL2107313,3
CHEMBL2107313::en4_A21:R;A23:R;A26:S;A29:R;A31:S,CHEMBL2107313,4
CHEMBL2107326::en0_A10:R;A14:S,CHEMBL2107326,0
CHEMBL2107326::en1_A10:S;A14:S,CHEMBL2107326,1
CHEMBL2107326::en2_A10:R;A14:R,CHEMBL2107326,2
CHEMBL2107326::en3_A10:S;A14:R,CHEMBL2107326,3
CHEMBL2107328::en0_A9:S;A11:R;A13:R;A29:S,CHEMBL2107328,0
CHEMBL2107328::en1_A9:R;A11:R;A13:R;A29:S,CHEMBL2107328,1
CHEMBL2107328::en2_A9:S;A11:S;A13:R;A29:S,CHEMBL2107328,2
CHEMBL2107328::en3_A9:R;A11:S;A13:R;A29:S,CHEMBL2107328,3
CHEMBL2107328::en4_A9:S;A11:R;A13:S;A29:S,CHEMBL2107328,4
CHEMBL2107331::en0_A2:S,CHEMBL2107331,0
CHEMBL2107331::en1_A2:R,CHEMBL2107331,1
CHEMBL2107342::en0_A5:S;A7:R;A9:S;A12:R;A18:R;A20:R;A22:R;A24:R;A28:S;A30:R;A33:R;A35:S;A37:R;A39:R;A42:R;A46:S;A48:S;A52:S,CHEMBL2107342,0
CHEMBL2107342::en1_A5:R;A7:R;A9:S;A12:S;A18:R;A20:S;A22:S;A24:R;A28:S;A30:S;A33:S;A35:R;A37:S;A39:S;A42:S;A46:R;A48:S;A52:S,CHEMBL2107342,1
CHEMBL2107342::en2_A5:R;A7:S;A9:R;A12:S;A18:R;A20:S;A22:R;A24:S;A28:S;A30:R;A33:R;A35:S;A37:R;A39:S;A42:S;A46:R;A48:S;A52:R,CHEMBL2107342,2
CHEMBL2107342::en3_A5:S;A7:S;A9:R;A12:S;A18:S;A20:S;A22:S;A24:S;A28:R;A30:S;A33:S;A35:S;A37:S;A39:R;A42:S;A46:R;A48:R;A52:S,CHEMBL2107342,3
CHEMBL2107342::en4_A5:S;A7:S;A9:S;A12:S;A18:R;A20:S;A22:S;A24:R;A28:S;A30:R;A33:R;A35:S;A37:S;A39:R;A42:R;A46:R;A48:R;A52:S,CHEMBL2107342,4
CHEMBL2107351::en0_A2:S,CHEMBL2107351,0
CHEMBL2107351::en1_A2:R,CHEMBL2107351,1
CHEMBL2107361::en0_A7:R;A20:S,CHEMBL2107361,0
CHEMBL2107361::en1_A7:S;A20:S,CHEMBL2107361,1
CHEMBL2107361::en2_A7:R;A20:R,CHEMBL2107361,2
CHEMBL2107361::en3_A7:S;A20:R,CHEMBL2107361,3
CHEMBL2107366::en0_A6:S,CHEMBL2107366,0
CHEMBL2107366::en1_A6:R,CHEMBL2107366,1
CHEMBL2107371::en0_A5:R;A7:S;A23:R;A25:S,CHEMBL2107371,0
CHEMBL2107371::en1_A5:S;A7:S;A23:R;A25:S,CHEMBL2107371,1
CHEMBL2107371::en2_A5:R;A7:R;A23:R;A25:S,CHEMBL2107371,2
CHEMBL2107371::en3_A5:S;A7:R;A23:R;A25:S,CHEMBL2107371,3
CHEMBL2107371::en4_A5:R;A7:S;A23:S;A25:S,CHEMBL2107371,4
CHEMBL2107380::en0_A6:S;A9:S;A11:S;A13:S;A17:S;A22:S;A24:R;A29:S;A32:S;A41:R;A45:R;A48:S;A50:S;A62:S;A67:S,CHEMBL2107380,0
CHEMBL2107380::en1_A6:R;A9:R;A11:S;A13:S;A17:S;A22:R;A24:R;A29:R;A32:R;A41:R;A45:R;A48:S;A50:R;A62:S;A67:S,CHEMBL2107380,1
CHEMBL2107380::en2_A6:S;A9:R;A11:R;A13:R;A17:R;A22:R;A24:S;A29:S;A32:S;A41:S;A45:R;A48:R;A50:S;A62:R;A67:R,CHEMBL2107380,2
CHEMBL2107380::en3_A6:R;A9:S;A11:R;A13:S;A17:S;A22:S;A24:S;A29:R;A32:R;A41:R;A45:R;A48:S;A50:S;A62:S;A67:R,CHEMBL2107380,3
CHEMBL2107380::en4_A6:S;A9:S;A11:S;A13:S;A17:R;A22:R;A24:S;A29:S;A32:R;A41:R;A45:S;A48:S;A50:S;A62:S;A67:R,CHEMBL2107380,4
CHEMBL2107381::en0_A5:S;A7:S;A16:R;A21:R,CHEMBL2107381,0
CHEMBL2107381::en1_A5:R;A7:S;A16:R;A21:R,CHEMBL2107381,1
CHEMBL2107381::en2_A5:S;A7:R;A16:R;A21:R,CHEMBL2107381,2
CHEMBL2107381::en3_A5:R;A7:R;A16:R;A21:R,CHEMBL2107381,3
CHEMBL2107381::en4_A5:S;A7:S;A16:S;A21:R,CHEMBL2107381,4
CHEMBL2107389::en0_A8:R;A14:R;A15:R;A24:R;A25:R;A28:S,CHEMBL2107389,0
CHEMBL2107389::en1_A8:S;A14:R;A15:R;A24:R;A25:R;A28:S,CHEMBL2107389,1
CHEMBL2107389::en2_A8:R;A14:S;A15:R;A24:R;A25:R;A28:S,CHEMBL2107389,2
CHEMBL2107389::en3_A8:S;A14:S;A15:R;A24:R;A25:R;A28:S,CHEMBL2107389,3
CHEMBL2107389::en4_A8:R;A14:R;A15:S;A24:R;A25:R;A28:S,CHEMBL2107389,4
CHEMBL2107401::en0_A4:R;A8:S;A12:R;A13:S;A22:S;A24:S;A26:R;A29:S,CHEMBL2107401,0
CHEMBL2107401::en1_A4:S;A8:S;A12:R;A13:S;A22:S;A24:S;A26:R;A29:S,CHEMBL2107401,1
CHEMBL2107401::en2_A4:R;A8:R;A12:R;A13:S;A22:S;A24:S;A26:R;A29:S,CHEMBL2107401,2
CHEMBL2107401::en3_A4:S;A8:R;A12:R;A13:S;A22:S;A24:S;A26:R;A29:S,CHEMBL2107401,3
CHEMBL2107401::en4_A4:R;A8:S;A12:S;A13:S;A22:S;A24:S;A26:R;A29:S,CHEMBL2107401,4
CHEMBL2107409::en0_A4:R;A5:R;A9:R;A27:R,CHEMBL2107409,0
CHEMBL2107409::en1_A4:S;A5:R;A9:R;A27:R,CHEMBL2107409,1
CHEMBL2107409::en2_A4:R;A5:S;A9:R;A27:R,CHEMBL2107409,2
CHEMBL2107409::en3_A4:S;A5:S;A9:R;A27:R,CHEMBL2107409,3
CHEMBL2107409::en4_A4:R;A5:R;A9:S;A27:R,CHEMBL2107409,4
CHEMBL2107415::en0_A11:R;A12:R;A15:R;A16:S;A18:S;A26:R;A28:R;A29:R;A32:S,CHEMBL2107415,0
CHEMBL2107415::en1_A11:S;A12:R;A15:R;A16:S;A18:S;A26:R;A28:R;A29:R;A32:S,CHEMBL2107415,1
CHEMBL2107415::en2_A11:R;A12:S;A15:R;A16:S;A18:S;A26:R;A28:R;A29:R;A32:S,CHEMBL2107415,2
CHEMBL2107415::en3_A11:S;A12:S;A15:R;A16:S;A18:S;A26:R;A28:R;A29:R;A32:S,CHEMBL2107415,3
CHEMBL2107415::en4_A11:R;A12:R;A15:S;A16:S;A18:S;A26:R;A28:R;A29:R;A32:S,CHEMBL2107415,4
CHEMBL2107417::en0_A1:S,CHEMBL2107417,0
CHEMBL2107417::en1_A1:R,CHEMBL2107417,1
CHEMBL2107419::en0_A1:R;A12:S;A13:S;A14:R;A17:R;A19:R;A22:S,CHEMBL2107419,0
CHEMBL2107419::en1_A1:S;A12:S;A13:S;A14:R;A17:R;A19:R;A22:S,CHEMBL2107419,1
CHEMBL2107419::en2_A1:R;A12:R;A13:S;A14:R;A17:R;A19:R;A22:S,CHEMBL2107419,2
CHEMBL2107419::en3_A1:S;A12:R;A13:S;A14:R;A17:R;A19:R;A22:S,CHEMBL2107419,3
CHEMBL2107419::en4_A1:R;A12:S;A13:R;A14:R;A17:R;A19:R;A22:S,CHEMBL2107419,4
CHEMBL2107425::en0_A3:R;A4:S;A6:R;A9:R;A10:S,CHEMBL2107425,0
CHEMBL2107425::en1_A3:S;A4:S;A6:R;A9:R;A10:S,CHEMBL2107425,1
CHEMBL2107425::en2_A3:R;A4:R;A6:R;A9:R;A10:S,CHEMBL2107425,2
CHEMBL2107425::en3_A3:S;A4:R;A6:R;A9:R;A10:S,CHEMBL2107425,3
CHEMBL2107425::en4_A3:R;A4:S;A6:S;A9:R;A10:S,CHEMBL2107425,4
CHEMBL2107431::en0_A2:R;A6:R;A7:R;A15:R;A16:R;A19:S,CHEMBL2107431,0
CHEMBL2107431::en1_A2:S;A6:R;A7:R;A15:R;A16:R;A19:S,CHEMBL2107431,1
CHEMBL2107431::en2_A2:R;A6:S;A7:R;A15:R;A16:R;A19:S,CHEMBL2107431,2
CHEMBL2107431::en3_A2:S;A6:S;A7:R;A15:R;A16:R;A19:S,CHEMBL2107431,3
CHEMBL2107431::en4_A2:R;A6:R;A7:S;A15:R;A16:R;A19:S,CHEMBL2107431,4
CHEMBL2107438::en0_A10:R;A11:S;A14:S;A28:R;A31:S,CHEMBL2107438,0
CHEMBL2107438::en1_A10:S;A11:S;A14:S;A28:R;A31:S,CHEMBL2107438,1
CHEMBL2107438::en2_A10:R;A11:R;A14:S;A28:R;A31:S,CHEMBL2107438,2
CHEMBL2107438::en3_A10:S;A11:R;A14:S;A28:R;A31:S,CHEMBL2107438,3
CHEMBL2107438::en4_A10:R;A11:S;A14:R;A28:R;A31:S,CHEMBL2107438,4
CHEMBL2107478::en0_A2:R;A3:R;A5:R;A7:R;A9:R;A18:R,CHEMBL2107478,0
CHEMBL2107478::en1_A5:S;A7:S;A9:S,CHEMBL2107478,1
CHEMBL2107478::en2_A2:R;A3:R;A5:S;A7:S;A16:S;A17:S;A18:S;A19:R,CHEMBL2107478,2
CHEMBL2107478::en3_A3:R;A5:R;A7:S;A17:S;A18:S;A21:S,CHEMBL2107478,3
CHEMBL2107483::en0_A13:R;A16:R;A17:R;A20:S,CHEMBL2107483,0
CHEMBL2107483::en1_A13:S;A16:R;A17:R;A20:S,CHEMBL2107483,1
CHEMBL2107483::en2_A13:R;A16:S;A17:R;A20:S,CHEMBL2107483,2
CHEMBL2107483::en3_A13:S;A16:S;A17:R;A20:S,CHEMBL2107483,3
CHEMBL2107483::en4_A13:R;A16:R;A17:S;A20:S,CHEMBL2107483,4
CHEMBL2107486::en0_A1:S;A3:R;A30:R;A32:S,CHEMBL2107486,0
CHEMBL2107486::en1_A1:R;A3:R;A30:R;A32:S,CHEMBL2107486,1
CHEMBL2107486::en2_A1:S;A3:S;A30:R;A32:S,CHEMBL2107486,2
CHEMBL2107486::en3_A1:R;A3:S;A30:R;A32:S,CHEMBL2107486,3
CHEMBL2107486::en4_A1:S;A3:R;A30:S;A32:S,CHEMBL2107486,4
CHEMBL2107498::en0_A3:S;A7:R;A8:R;A11:R;A16:S;A18:S;A20:R;A23:S,CHEMBL2107498,0
CHEMBL2107498::en1_A3:R;A7:R;A8:R;A11:R;A16:S;A18:S;A20:R;A23:S,CHEMBL2107498,1
CHEMBL2107498::en2_A3:S;A7:S;A8:R;A11:R;A16:S;A18:S;A20:R;A23:S,CHEMBL2107498,2
CHEMBL2107498::en3_A3:R;A7:S;A8:R;A11:R;A16:S;A18:S;A20:R;A23:S,CHEMBL2107498,3
CHEMBL2107498::en4_A3:S;A7:R;A8:S;A11:R;A16:S;A18:S;A20:R;A23:S,CHEMBL2107498,4
CHEMBL2107518::en0_A3:R;A6:R;A7:S;A17:R;A19:R;A22:S,CHEMBL2107518,0
CHEMBL2107518::en1_A3:S;A6:R;A7:S;A17:R;A19:R;A22:S,CHEMBL2107518,1
CHEMBL2107518::en2_A3:R;A6:S;A7:S;A17:R;A19:R;A22:S,CHEMBL2107518,2
CHEMBL2107518::en3_A3:S;A6:S;A7:S;A17:R;A19:R;A22:S,CHEMBL2107518,3
CHEMBL2107518::en4_A3:R;A6:R;A7:R;A17:R;A19:R;A22:S,CHEMBL2107518,4
CHEMBL2107563::en0_A14:R;A17:S;A18:R;A21:S;A23:R,CHEMBL2107563,0
CHEMBL2107563::en1_A14:S;A17:S;A18:R;A21:S;A23:R,CHEMBL2107563,1
CHEMBL2107563::en2_A14:R;A17:R;A18:R;A21:S;A23:R,CHEMBL2107563,2
CHEMBL2107563::en3_A14:S;A17:R;A18:R;A21:S;A23:R,CHEMBL2107563,3
CHEMBL2107563::en4_A14:R;A17:S;A18:S;A21:S;A23:R,CHEMBL2107563,4
CHEMBL2107584::en0_A1:R;A8:R;A10:R;A11:S;A12:S;A13:S;A15:S;A16:R;A22:R;A26:R,CHEMBL2107584,0
CHEMBL2107584::en1_A1:S;A8:R;A10:R;A11:S;A12:S;A13:S;A15:S;A16:R;A22:R;A26:R,CHEMBL2107584,1
CHEMBL2107595::en0_A7:S;A11:R;A12:S;A14:S;A22:R;A24:R;A28:S,CHEMBL2107595,0
CHEMBL2107595::en1_A7:R;A11:R;A12:S;A14:S;A22:R;A24:R;A28:S,CHEMBL2107595,1
CHEMBL2107595::en2_A7:S;A11:S;A12:S;A14:S;A22:R;A24:R;A28:S,CHEMBL2107595,2
CHEMBL2107595::en3_A7:R;A11:S;A12:S;A14:S;A22:R;A24:R;A28:S,CHEMBL2107595,3
CHEMBL2107595::en4_A7:S;A11:R;A12:R;A14:S;A22:R;A24:R;A28:S,CHEMBL2107595,4
CHEMBL2107614::en0_A5:S;A14:R;A15:S;A24:R;A26:R;A27:R;A30:S,CHEMBL2107614,0
CHEMBL2107614::en1_A5:R;A14:R;A15:S;A24:R;A26:R;A27:R;A30:S,CHEMBL2107614,1
CHEMBL2107614::en2_A5:S;A14:S;A15:S;A24:R;A26:R;A27:R;A30:S,CHEMBL2107614,2
CHEMBL2107614::en3_A5:R;A14:S;A15:S;A24:R;A26:R;A27:R;A30:S,CHEMBL2107614,3
CHEMBL2107614::en4_A5:S;A14:R;A15:R;A24:R;A26:R;A27:R;A30:S,CHEMBL2107614,4
CHEMBL2107621::en0_A9:S,CHEMBL2107621,0
CHEMBL2107621::en1_A9:R,CHEMBL2107621,1
CHEMBL2107625::en0_A10:R;A16:S,CHEMBL2107625,0
CHEMBL2107625::en1_A10:S;A16:S,CHEMBL2107625,1
CHEMBL2107625::en2_A10:R;A16:R,CHEMBL2107625,2
CHEMBL2107625::en3_A10:S;A16:R,CHEMBL2107625,3
CHEMBL2107636::en0_A15:S;A29:S,CHEMBL2107636,0
CHEMBL2107636::en1_A15:R;A29:S,CHEMBL2107636,1
CHEMBL2107636::en2_A15:S;A29:R,CHEMBL2107636,2
CHEMBL2107636::en3_A15:R;A29:R,CHEMBL2107636,3
CHEMBL2107658::en0_A2:R;A6:R;A7:R;A16:R;A17:R;A21:S,CHEMBL2107658,0
CHEMBL2107658::en1_A2:S;A6:R;A7:R;A16:R;A17:R;A21:S,CHEMBL2107658,1
CHEMBL2107658::en2_A2:R;A6:S;A7:R;A16:R;A17:R;A21:S,CHEMBL2107658,2
CHEMBL2107658::en3_A2:S;A6:S;A7:R;A16:R;A17:R;A21:S,CHEMBL2107658,3
CHEMBL2107658::en4_A2:R;A6:R;A7:S;A16:R;A17:R;A21:S,CHEMBL2107658,4
CHEMBL2107659::en0_A3:S;A7:R;A8:R;A17:R;A19:R;A22:S,CHEMBL2107659,0
CHEMBL2107659::en1_A3:R;A7:R;A8:R;A17:R;A19:R;A22:S,CHEMBL2107659,1
CHEMBL2107659::en2_A3:S;A7:S;A8:R;A17:R;A19:R;A22:S,CHEMBL2107659,2
CHEMBL2107659::en3_A3:R;A7:S;A8:R;A17:R;A19:R;A22:S,CHEMBL2107659,3
CHEMBL2107659::en4_A3:S;A7:R;A8:S;A17:R;A19:R;A22:S,CHEMBL2107659,4
CHEMBL2107677::en0_A7:R;A31:S,CHEMBL2107677,0
CHEMBL2107707::en0_A13:S;A30:S,CHEMBL2107707,0
CHEMBL2107707::en1_A13:R;A30:S,CHEMBL2107707,1
CHEMBL2107707::en2_A13:S;A30:R,CHEMBL2107707,2
CHEMBL2107707::en3_A13:R;A30:R,CHEMBL2107707,3
CHEMBL2107718::en0_A6:S;A8:S;A11:R;A12:R;A15:R;A17:R;A21:S;A23:R;A26:R,CHEMBL2107718,0
CHEMBL2107718::en1_A6:R;A8:S;A11:R;A12:R;A15:R;A17:R;A21:S;A23:R;A26:R,CHEMBL2107718,1
CHEMBL2107718::en2_A6:S;A8:R;A11:R;A12:R;A15:R;A17:R;A21:S;A23:R;A26:R,CHEMBL2107718,2
CHEMBL2107718::en3_A6:R;A8:R;A11:R;A12:R;A15:R;A17:R;A21:S;A23:R;A26:R,CHEMBL2107718,3
CHEMBL2107718::en4_A6:S;A8:S;A11:S;A12:R;A15:R;A17:R;A21:S;A23:R;A26:R,CHEMBL2107718,4
CHEMBL2107725::en0_A25:R,CHEMBL2107725,0
CHEMBL2107725::en1_A25:S,CHEMBL2107725,1
CHEMBL2107746::en0_A2:S,CHEMBL2107746,0
CHEMBL2107746::en1_A2:R,CHEMBL2107746,1
CHEMBL2107751::en0_A1:R;A7:R;A44:S;A47:S;A48:S;A49:S;A52:S;A54:R;A58:R;A60:S;A62:S;A64:R,CHEMBL2107751,0
CHEMBL2107751::en1_A1:S;A7:S;A44:R;A47:R;A48:S;A49:R;A52:R;A54:S;A58:S;A60:R;A62:S;A64:R,CHEMBL2107751,1
CHEMBL2107751::en2_A1:S;A7:S;A44:R;A47:S;A48:R;A49:S;A52:R;A54:R;A58:R;A60:S;A62:R;A64:R,CHEMBL2107751,2
CHEMBL2107751::en3_A1:R;A7:S;A44:S;A47:R;A48:R;A49:R;A52:R;A54:S;A58:S;A60:R;A62:S;A64:S,CHEMBL2107751,3
CHEMBL2107751::en4_A1:R;A7:S;A44:S;A47:S;A48:S;A49:R;A52:S;A54:S;A58:R;A60:R;A62:R;A64:R,CHEMBL2107751,4
CHEMBL2107759::en0_A5:S;A7:S;A10:R;A15:S;A16:S;A26:R;A29:R;A33:R;A35:S;A52:R;A56:S,CHEMBL2107759,0
CHEMBL2107759::en1_A5:S;A7:S;A10:S;A15:S;A16:R;A26:S;A29:R;A33:S;A35:R;A52:S;A56:S,CHEMBL2107759,1
CHEMBL2107759::en2_A5:S;A7:S;A10:S;A15:S;A16:R;A26:R;A29:S;A33:R;A35:R;A52:R;A56:S,CHEMBL2107759,2
CHEMBL2107759::en3_A5:R;A7:R;A10:R;A15:R;A16:S;A26:R;A29:S;A33:S;A35:R;A52:R;A56:S,CHEMBL2107759,3
CHEMBL2107759::en4_A5:R;A7:S;A10:S;A15:R;A16:R;A26:R;A29:R;A33:R;A35:S;A52:S;A56:R,CHEMBL2107759,4
CHEMBL2107763::en0_A10:R;A13:R;A15:S;A17:S,CHEMBL2107763,0
CHEMBL2107763::en1_A10:S;A13:R;A15:S;A17:S,CHEMBL2107763,1
CHEMBL2107763::en2_A10:R;A13:S;A15:S;A17:S,CHEMBL2107763,2
CHEMBL2107763::en3_A10:S;A13:S;A15:S;A17:S,CHEMBL2107763,3
CHEMBL2107763::en4_A10:R;A13:R;A15:R;A17:S,CHEMBL2107763,4
CHEMBL2107768::en0_A10:S,CHEMBL2107768,0
CHEMBL2107768::en1_A10:R,CHEMBL2107768,1
CHEMBL2107771::en0_A1:S,CHEMBL2107771,0
CHEMBL2107771::en1_A1:R,CHEMBL2107771,1
CHEMBL2107772::en0_A1:R,CHEMBL2107772,0
CHEMBL2107772::en1_A1:S,CHEMBL2107772,1
CHEMBL2107773::en0_A16:R;A18:R,CHEMBL2107773,0
CHEMBL2107773::en1_A16:S;A18:R,CHEMBL2107773,1
CHEMBL2107773::en2_A16:R;A18:S,CHEMBL2107773,2
CHEMBL2107773::en3_A16:S;A18:S,CHEMBL2107773,3
CHEMBL2107777::en0_A9:S;A12:S,CHEMBL2107777,0
CHEMBL2107777::en1_A9:R;A12:R,CHEMBL2107777,1
CHEMBL2107778::en0_A3:R;A4:R;A13:R;A14:R;A17:S;A19:S,CHEMBL2107778,0
CHEMBL2107778::en1_A3:S;A4:R;A13:R;A14:R;A17:S;A19:S,CHEMBL2107778,1
CHEMBL2107778::en2_A3:R;A4:S;A13:R;A14:R;A17:S;A19:S,CHEMBL2107778,2
CHEMBL2107778::en3_A3:S;A4:S;A13:R;A14:R;A17:S;A19:S,CHEMBL2107778,3
CHEMBL2107778::en4_A3:R;A4:R;A13:S;A14:R;A17:S;A19:S,CHEMBL2107778,4
CHEMBL2107787::en0_A4:S;A7:R;A10:R;A12:S;A14:S;A20:R;A24:S;A28:R;A30:R;A47:S;A49:S;A59:S,CHEMBL2107787,0
CHEMBL2107787::en1_A4:R;A7:S;A10:R;A12:S;A14:S;A20:S;A24:S;A28:R;A30:R;A47:S;A49:S;A59:R,CHEMBL2107787,1
CHEMBL2107787::en2_A4:R;A7:S;A10:S;A12:R;A14:S;A20:S;A24:S;A28:R;A30:R;A47:R;A49:S;A59:R,CHEMBL2107787,2
CHEMBL2107787::en3_A4:R;A7:S;A10:S;A12:R;A14:R;A20:S;A24:R;A28:R;A30:R;A47:R;A49:R;A59:R,CHEMBL2107787,3
CHEMBL2107787::en4_A4:S;A7:S;A10:S;A12:S;A14:R;A20:S;A24:R;A28:R;A30:S;A47:S;A49:R;A59:R,CHEMBL2107787,4
CHEMBL2107796::en0_A6:R,CHEMBL2107796,0
CHEMBL2107796::en1_A6:S,CHEMBL2107796,1
CHEMBL2107797::en0_A2:R;A6:R;A7:R;A16:R;A17:R;A20:S,CHEMBL2107797,0
CHEMBL2107797::en1_A2:S;A6:R;A7:R;A16:R;A17:R;A20:S,CHEMBL2107797,1
CHEMBL2107797::en2_A2:R;A6:S;A7:R;A16:R;A17:R;A20:S,CHEMBL2107797,2
CHEMBL2107797::en3_A2:S;A6:S;A7:R;A16:R;A17:R;A20:S,CHEMBL2107797,3
CHEMBL2107797::en4_A2:R;A6:R;A7:S;A16:R;A17:R;A20:S,CHEMBL2107797,4
CHEMBL2107804::en0_A2:S;A5:R;A7:R,CHEMBL2107804,0
CHEMBL2107804::en1_A2:R;A5:S;A7:S,CHEMBL2107804,1
CHEMBL2107818::en0_A21:R;A43:S;A45:S;A47:S;A49:S;A51:S,CHEMBL2107818,0
CHEMBL2107818::en1_A21:S;A43:S;A45:S;A47:S;A49:S;A51:S,CHEMBL2107818,1
CHEMBL2107818::en2_A21:R;A43:R;A45:S;A47:S;A49:S;A51:S,CHEMBL2107818,2
CHEMBL2107818::en3_A21:S;A43:R;A45:S;A47:S;A49:S;A51:S,CHEMBL2107818,3
CHEMBL2107818::en4_A21:R;A43:S;A45:R;A47:S;A49:S;A51:S,CHEMBL2107818,4
CHEMBL2107819::en0_A3:R;A8:S;A12:S;A19:R,CHEMBL2107819,0
CHEMBL2107819::en1_A3:S;A8:S;A12:S;A19:R,CHEMBL2107819,1
CHEMBL2107819::en2_A3:R;A8:R;A12:S;A19:R,CHEMBL2107819,2
CHEMBL2107819::en3_A3:S;A8:R;A12:S;A19:R,CHEMBL2107819,3
CHEMBL2107819::en4_A3:R;A8:S;A12:R;A19:R,CHEMBL2107819,4
CHEMBL2107820::en0_A9:S;A24:S;A39:S;A54:R,CHEMBL2107820,0
CHEMBL2107820::en1_A9:S;A24:R;A39:S;A54:R,CHEMBL2107820,1
CHEMBL2107820::en2_A9:R;A24:R;A39:S;A54:R,CHEMBL2107820,2
CHEMBL2107820::en3_A9:S;A24:S;A39:R;A54:R,CHEMBL2107820,3
CHEMBL2107821::en0_A3:S,CHEMBL2107821,0
CHEMBL2107821::en1_A3:R,CHEMBL2107821,1
CHEMBL2107822::en0_A16:R;A28:S,CHEMBL2107822,0
CHEMBL2107822::en1_A16:S;A28:S,CHEMBL2107822,1
CHEMBL2107822::en2_A16:R;A28:R,CHEMBL2107822,2
CHEMBL2107822::en3_A16:S;A28:R,CHEMBL2107822,3
CHEMBL2107825::en0_A6:S;A9:S;A13:R,CHEMBL2107825,0
CHEMBL2107825::en1_A6:R;A9:S;A13:R,CHEMBL2107825,1
CHEMBL2107825::en2_A6:S;A9:R;A13:R,CHEMBL2107825,2
CHEMBL2107825::en3_A6:R;A9:R;A13:R,CHEMBL2107825,3
CHEMBL2107825::en4_A6:S;A9:S;A13:S,CHEMBL2107825,4
CHEMBL2107826::en0_A8:S;A11:R;A12:R;A23:S,CHEMBL2107826,0
CHEMBL2107826::en1_A8:R;A11:R;A12:R;A23:S,CHEMBL2107826,1
CHEMBL2107826::en2_A8:S;A11:S;A12:R;A23:S,CHEMBL2107826,2
CHEMBL2107826::en3_A8:R;A11:S;A12:R;A23:S,CHEMBL2107826,3
CHEMBL2107826::en4_A8:S;A11:R;A12:S;A23:S,CHEMBL2107826,4
CHEMBL2107830::en0_A2:S;A4:R;A17:R;A25:R;A27:S;A29:S,CHEMBL2107830,0
CHEMBL2107830::en1_A2:R;A4:R;A17:R;A25:R;A27:S;A29:S,CHEMBL2107830,1
CHEMBL2107830::en2_A2:S;A4:S;A17:R;A25:R;A27:S;A29:S,CHEMBL2107830,2
CHEMBL2107830::en3_A2:R;A4:S;A17:R;A25:R;A27:S;A29:S,CHEMBL2107830,3
CHEMBL2107830::en4_A2:S;A4:R;A17:S;A25:R;A27:S;A29:S,CHEMBL2107830,4
CHEMBL2107831::en0_A7:R,CHEMBL2107831,0
CHEMBL2107831::en1_A7:S,CHEMBL2107831,1
CHEMBL2107831::en2_A7:R,CHEMBL2107831,2
CHEMBL2107831::en3_A7:S,CHEMBL2107831,3
CHEMBL210952::en0_A3:R;A6:R;A7:R;A10:R;A12:R;A16:S;A18:R;A21:S,CHEMBL210952,0
CHEMBL210952::en1_A3:S;A6:R;A7:R;A10:R;A12:R;A16:S;A18:R;A21:S,CHEMBL210952,1
CHEMBL210952::en2_A3:R;A6:S;A7:R;A10:R;A12:R;A16:S;A18:R;A21:S,CHEMBL210952,2
CHEMBL210952::en3_A3:S;A6:S;A7:R;A10:R;A12:R;A16:S;A18:R;A21:S,CHEMBL210952,3
CHEMBL210952::en4_A3:R;A6:R;A7:S;A10:R;A12:R;A16:S;A18:R;A21:S,CHEMBL210952,4
CHEMBL2110577::en0_A2:R;A6:S;A8:R;A10:R;A12:S;A16:R;A18:S;A21:R;A23:R;A25:S;A27:R;A30:R;A34:R;A39:R;A43:R;A47:R;A49:R;A51:R,CHEMBL2110577,0
CHEMBL2110577::en1_A2:R;A6:S;A8:R;A10:R;A12:S;A16:R;A18:S;A21:S;A23:R;A25:R;A27:S;A30:S;A34:R;A39:R;A43:S;A47:S;A49:S;A51:S,CHEMBL2110577,1
CHEMBL2110577::en2_A2:S;A6:S;A8:S;A10:R;A12:S;A16:S;A18:R;A21:S;A23:R;A25:S;A27:R;A30:S;A34:S;A39:R;A43:S;A47:R;A49:S;A51:S,CHEMBL2110577,2
CHEMBL2110577::en3_A2:S;A6:R;A8:S;A10:S;A12:R;A16:R;A18:S;A21:R;A23:R;A25:S;A27:R;A30:R;A34:S;A39:S;A43:S;A47:R;A49:S;A51:R,CHEMBL2110577,3
CHEMBL2110577::en4_A2:S;A6:R;A8:R;A10:R;A12:S;A16:R;A18:R;A21:R;A23:R;A25:S;A27:S;A30:S;A34:S;A39:S;A43:R;A47:R;A49:R;A51:R,CHEMBL2110577,4
CHEMBL2110579::en0_A7:S;A21:S,CHEMBL2110579,0
CHEMBL2110579::en1_A7:R;A21:S,CHEMBL2110579,1
CHEMBL2110579::en2_A7:S;A21:R,CHEMBL2110579,2
CHEMBL2110579::en3_A7:R;A21:R,CHEMBL2110579,3
CHEMBL2110580::en0_A21:R;A28:S;A30:S;A32:S;A34:S;A43:S,CHEMBL2110580,0
CHEMBL2110580::en1_A21:S;A28:S;A30:S;A32:S;A34:S;A43:S,CHEMBL2110580,1
CHEMBL2110580::en2_A21:R;A28:R;A30:S;A32:S;A34:S;A43:S,CHEMBL2110580,2
CHEMBL2110580::en3_A21:S;A28:R;A30:S;A32:S;A34:S;A43:S,CHEMBL2110580,3
CHEMBL2110580::en4_A21:R;A28:S;A30:R;A32:S;A34:S;A43:S,CHEMBL2110580,4
CHEMBL2110585::en0_A5:R;A12:S;A25:S,CHEMBL2110585,0
CHEMBL2110585::en1_A5:S;A12:S;A25:S,CHEMBL2110585,1
CHEMBL2110585::en2_A5:R;A12:R;A25:S,CHEMBL2110585,2
CHEMBL2110585::en3_A5:S;A12:R;A25:S,CHEMBL2110585,3
CHEMBL2110585::en4_A5:R;A12:S;A25:R,CHEMBL2110585,4
CHEMBL2110588::en0_A10:R;A17:R,CHEMBL2110588,0
CHEMBL2110588::en1_A10:S;A17:R,CHEMBL2110588,1
CHEMBL2110588::en2_A10:R;A17:S,CHEMBL2110588,2
CHEMBL2110588::en3_A10:S;A17:S,CHEMBL2110588,3
CHEMBL2110590::en0_A2:R;A3:S;A5:S;A6:S;A8:S;A9:S;A11:R;A13:S;A18:R;A20:R;A26:R;A28:S;A42:S;A45:S;A47:R,CHEMBL2110590,0
CHEMBL2110590::en1_A2:R;A3:R;A5:R;A6:R;A8:R;A9:S;A11:S;A13:S;A18:R;A20:S;A26:S;A28:R;A42:R;A45:S;A47:S,CHEMBL2110590,1
CHEMBL2110590::en2_A2:S;A3:S;A5:R;A6:R;A8:R;A9:R;A11:S;A13:S;A18:S;A20:R;A26:S;A28:S;A42:S;A45:R;A47:S,CHEMBL2110590,2
CHEMBL2110590::en3_A2:S;A3:S;A5:S;A6:S;A8:S;A9:R;A11:R;A13:S;A18:S;A20:R;A26:S;A28:R;A42:S;A45:S;A47:S,CHEMBL2110590,3
CHEMBL2110590::en4_A2:S;A3:S;A5:S;A6:R;A8:S;A9:S;A11:R;A13:S;A18:R;A20:S;A26:S;A28:R;A42:R;A45:S;A47:R,CHEMBL2110590,4
CHEMBL2110604::en0_A2:S;A3:S;A5:S;A7:R;A8:S;A10:R;A12:R;A14:S;A17:S;A19:S;A21:R;A23:R;A26:S;A30:R,CHEMBL2110604,0
CHEMBL2110604::en1_A2:S;A3:R;A5:S;A7:S;A8:R;A10:S;A12:R;A14:R;A17:S;A19:S;A21:R;A23:S;A26:S;A30:S,CHEMBL2110604,1
CHEMBL2110604::en2_A2:S;A3:R;A5:R;A7:S;A8:S;A10:R;A12:S;A14:S;A17:S;A19:S;A21:S;A23:S;A26:R;A30:R,CHEMBL2110604,2
CHEMBL2110604::en3_A2:R;A3:R;A5:S;A7:S;A8:R;A10:S;A12:R;A14:R;A17:R;A19:R;A21:S;A23:R;A26:R;A30:R,CHEMBL2110604,3
CHEMBL2110604::en4_A2:R;A3:R;A5:S;A7:S;A8:S;A10:S;A12:S;A14:R;A17:S;A19:S;A21:R;A23:S;A26:S;A30:R,CHEMBL2110604,4
CHEMBL2110622::en0_A15:S;A18:R;A20:R;A24:S,CHEMBL2110622,0
CHEMBL2110622::en1_A15:S;A18:R;A20:R;A24:S,CHEMBL2110622,1
CHEMBL2110622::en2_A15:R;A18:S;A20:S;A24:S,CHEMBL2110622,2
CHEMBL2110623::en0_A16:S;A26:S,CHEMBL2110623,0
CHEMBL2110623::en1_A16:R;A26:S,CHEMBL2110623,1
CHEMBL2110623::en2_A16:S;A26:R,CHEMBL2110623,2
CHEMBL2110623::en3_A16:R;A26:R,CHEMBL2110623,3
CHEMBL2110627::en0_A5:S;A15:S;A18:S,CHEMBL2110627,0
CHEMBL2110627::en1_A5:R;A15:S;A18:S,CHEMBL2110627,1
CHEMBL2110627::en2_A5:S;A15:R;A18:S,CHEMBL2110627,2
CHEMBL2110627::en3_A5:R;A15:R;A18:S,CHEMBL2110627,3
CHEMBL2110627::en4_A5:S;A15:S;A18:R,CHEMBL2110627,4
CHEMBL2110632::en0_A12:S,CHEMBL2110632,0
CHEMBL2110632::en1_A12:R,CHEMBL2110632,1
CHEMBL2110640::en0_A12:R,CHEMBL2110640,0
CHEMBL2110640::en1_A12:S,CHEMBL2110640,1
CHEMBL2110643::en0_A1:R;A5:S;A7:S;A17:S,CHEMBL2110643,0
CHEMBL2110643::en1_A1:S;A5:S;A7:S;A17:S,CHEMBL2110643,1
CHEMBL2110643::en2_A1:R;A5:R;A7:S;A17:S,CHEMBL2110643,2
CHEMBL2110643::en3_A1:R;A5:S;A7:R;A17:S,CHEMBL2110643,3
CHEMBL2110643::en4_A1:S;A5:S;A7:R;A17:S,CHEMBL2110643,4
CHEMBL2110654::en0_A5:R;A8:R,CHEMBL2110654,0
CHEMBL2110654::en1_A5:S;A8:R,CHEMBL2110654,1
CHEMBL2110654::en2_A5:R;A8:S,CHEMBL2110654,2
CHEMBL2110654::en3_A5:S;A8:S,CHEMBL2110654,3
CHEMBL2110659::en0_A10:R,CHEMBL2110659,0
CHEMBL2110659::en1_A10:S,CHEMBL2110659,1
CHEMBL2110666::en0_A2:S;A4:S;A10:R,CHEMBL2110666,0
CHEMBL2110666::en1_A2:R;A4:S;A10:R,CHEMBL2110666,1
CHEMBL2110666::en2_A2:S;A4:R;A10:R,CHEMBL2110666,2
CHEMBL2110666::en3_A2:R;A4:R;A10:R,CHEMBL2110666,3
CHEMBL2110666::en4_A2:S;A4:S;A10:S,CHEMBL2110666,4
CHEMBL2110669::en0_A3:R;A5:R;A6:S;A8:S;A9:R;A11:R;A13:R;A18:R;A24:R,CHEMBL2110669,0
CHEMBL2110669::en1_A3:R;A5:S;A6:S;A8:S;A9:R;A11:R;A13:R;A18:R;A24:R,CHEMBL2110669,1
CHEMBL2110670::en0_A6:R;A10:S,CHEMBL2110670,0
CHEMBL2110670::en1_A6:S;A10:S,CHEMBL2110670,1
CHEMBL2110670::en2_A6:R;A10:R,CHEMBL2110670,2
CHEMBL2110670::en3_A6:S;A10:R,CHEMBL2110670,3
CHEMBL2110675::en0_A6:S;A8:S;A11:R;A12:S;A17:R;A21:S;A24:R;A27:R,CHEMBL2110675,0
CHEMBL2110675::en1_A6:R;A8:S;A11:R;A12:S;A17:R;A21:S;A24:R;A27:R,CHEMBL2110675,1
CHEMBL2110675::en2_A6:S;A8:R;A11:R;A12:S;A17:R;A21:S;A24:R;A27:R,CHEMBL2110675,2
CHEMBL2110675::en3_A6:R;A8:R;A11:R;A12:S;A17:R;A21:S;A24:R;A27:R,CHEMBL2110675,3
CHEMBL2110675::en4_A6:S;A8:S;A11:S;A12:S;A17:R;A21:S;A24:R;A27:R,CHEMBL2110675,4
CHEMBL2110676::en0_A4:R;A5:R;A14:R;A17:S,CHEMBL2110676,0
CHEMBL2110695::en0_A10:S;A14:S;A25:S,CHEMBL2110695,0
CHEMBL2110695::en1_A10:R;A14:S;A25:S,CHEMBL2110695,1
CHEMBL2110695::en2_A10:S;A14:R;A25:S,CHEMBL2110695,2
CHEMBL2110695::en3_A10:R;A14:R;A25:S,CHEMBL2110695,3
CHEMBL2110695::en4_A10:S;A14:S;A25:R,CHEMBL2110695,4
CHEMBL2110701::en0_A7:S;A15:R;A17:R,CHEMBL2110701,0
CHEMBL2110701::en1_A7:R;A15:R;A17:R,CHEMBL2110701,1
CHEMBL2110701::en2_A7:R;A15:S;A17:R,CHEMBL2110701,2
CHEMBL2110701::en3_A7:S;A15:R;A17:S,CHEMBL2110701,3
CHEMBL2110725::en0_A2:R;A9:S;A13:R;A19:S;A21:S;A46:S;A47:R;A53:R;A58:R,CHEMBL2110725,0
CHEMBL2110725::en1_A2:S;A9:S;A13:R;A19:S;A21:S;A46:S;A47:R;A53:R;A58:R,CHEMBL2110725,1
CHEMBL2110725::en2_A2:R;A9:R;A13:R;A19:S;A21:S;A46:S;A47:R;A53:R;A58:R,CHEMBL2110725,2
CHEMBL2110725::en3_A2:S;A9:R;A13:R;A19:S;A21:S;A46:S;A47:R;A53:R;A58:R,CHEMBL2110725,3
CHEMBL2110725::en4_A2:R;A9:S;A13:S;A19:S;A21:S;A46:S;A47:R;A53:R;A58:R,CHEMBL2110725,4
CHEMBL2110730::en0_A4:S;A9:R;A17:S;A18:S;A22:R,CHEMBL2110730,0
CHEMBL2110730::en1_A4:R;A9:R;A17:S;A18:S;A22:R,CHEMBL2110730,1
CHEMBL2110730::en2_A4:S;A9:S;A17:S;A18:S;A22:R,CHEMBL2110730,2
CHEMBL2110730::en3_A4:R;A9:S;A17:S;A18:S;A22:R,CHEMBL2110730,3
CHEMBL2110731::en0_A13:S;A17:R;A20:R;A22:S;A24:S,CHEMBL2110731,0
CHEMBL2110731::en1_A13:R;A17:R;A20:R;A22:S;A24:S,CHEMBL2110731,1
CHEMBL2110731::en2_A13:S;A17:S;A20:R;A22:S;A24:S,CHEMBL2110731,2
CHEMBL2110731::en3_A13:R;A17:S;A20:R;A22:S;A24:S,CHEMBL2110731,3
CHEMBL2110731::en4_A13:S;A17:R;A20:S;A22:S;A24:S,CHEMBL2110731,4
CHEMBL2110741::en0_A15:S;A34:S;A35:R,CHEMBL2110741,0
CHEMBL2110741::en1_A15:R;A34:S;A35:R,CHEMBL2110741,1
CHEMBL2110741::en2_A15:S;A34:R;A35:R,CHEMBL2110741,2
CHEMBL2110741::en3_A15:R;A34:R;A35:R,CHEMBL2110741,3
CHEMBL2110741::en4_A15:S;A34:S;A35:S,CHEMBL2110741,4
CHEMBL2110747::en1_A12:R;A13:R;A20:S;A33:S,CHEMBL2110747,1
CHEMBL2110754::en2_A3:R;A7:R;A9:S;A14:R;A16:R;A31:S;A35:R;A37:R;A41:S,CHEMBL2110754,2
CHEMBL2110756::en0_A2:S;A6:S;A8:R;A10:S;A12:S;A16:S;A18:R;A21:R;A23:R;A25:R;A27:R;A30:R;A36:S;A38:S;A45:S;A49:R,CHEMBL2110756,0
CHEMBL2110756::en1_A2:S;A6:R;A8:R;A10:R;A12:R;A16:R;A18:R;A21:S;A23:S;A25:S;A27:S;A30:S;A36:R;A38:R;A45:R;A49:S,CHEMBL2110756,1
CHEMBL2110756::en2_A2:R;A6:R;A8:R;A10:S;A12:S;A16:S;A18:R;A21:R;A23:S;A25:R;A27:S;A30:R;A36:R;A38:R;A45:R;A49:R,CHEMBL2110756,2
CHEMBL2110756::en3_A2:S;A6:S;A8:R;A10:S;A12:R;A16:S;A18:R;A21:S;A23:R;A25:S;A27:S;A30:S;A36:S;A38:S;A45:S;A49:S,CHEMBL2110756,3
CHEMBL2110756::en4_A2:R;A6:S;A8:S;A10:R;A12:R;A16:R;A18:S;A21:R;A23:R;A25:R;A27:R;A30:S;A36:R;A38:R;A45:S;A49:S,CHEMBL2110756,4
CHEMBL2110789::en0_A2:S;A5:S;A7:R;A12:S;A21:R;A29:S,CHEMBL2110789,0
CHEMBL2110789::en1_A2:R;A5:R;A7:R;A12:S;A21:R;A29:S,CHEMBL2110789,1
CHEMBL2110790::en0_A2:R;A6:R;A16:S;A24:R;A26:R,CHEMBL2110790,0
CHEMBL2110793::en0_A6:S,CHEMBL2110793,0
CHEMBL2110793::en1_A6:R,CHEMBL2110793,1
CHEMBL2110803::en0_A1:R;A15:R;A16:S;A19:R;A21:R,CHEMBL2110803,0
CHEMBL2110803::en1_A1:R;A4:R;A15:R;A16:S;A19:R;A21:R,CHEMBL2110803,1
CHEMBL2110803::en2_A1:S;A4:R;A15:S;A16:S;A21:S,CHEMBL2110803,2
CHEMBL2110803::en3_A1:R;A4:R;A12:S;A15:R;A16:S;A21:S,CHEMBL2110803,3
CHEMBL2110804::en0_A1:R,CHEMBL2110804,0
CHEMBL2110804::en1_A1:S,CHEMBL2110804,1
CHEMBL2110820::en0_A12:S;A15:R;A17:R;A21:S,CHEMBL2110820,0
CHEMBL2110820::en1_A12:S;A15:R;A17:R;A21:S,CHEMBL2110820,1
CHEMBL2110820::en2_A12:R;A15:S;A17:S;A21:S,CHEMBL2110820,2
CHEMBL2110830::en0_A2:R;A6:S;A18:S;A21:S,CHEMBL2110830,0
CHEMBL2110830::en1_A2:S;A6:S;A18:S;A21:S,CHEMBL2110830,1
CHEMBL2110830::en2_A2:R;A6:R;A18:S;A21:S,CHEMBL2110830,2
CHEMBL2110830::en3_A2:S;A6:R;A18:S;A21:S,CHEMBL2110830,3
CHEMBL2110830::en4_A2:R;A6:S;A18:R;A21:S,CHEMBL2110830,4
CHEMBL2110846::en0_A5:S;A7:S;A9:S;A11:S,CHEMBL2110846,0
CHEMBL2110846::en1_A5:R;A7:S;A9:S;A11:S,CHEMBL2110846,1
CHEMBL2110846::en2_A5:S;A7:R;A9:S;A11:S,CHEMBL2110846,2
CHEMBL2110846::en3_A5:R;A7:R;A9:S;A11:S,CHEMBL2110846,3
CHEMBL2110846::en4_A5:S;A7:S;A9:R;A11:S,CHEMBL2110846,4
CHEMBL2110850::en0_A1:S;A7:S;A10:R;A11:S;A14:S;A16:R;A30:R,CHEMBL2110850,0
CHEMBL2110850::en1_A1:R;A7:S;A10:R;A11:S;A14:S;A16:R;A30:R,CHEMBL2110850,1
CHEMBL2110850::en2_A1:S;A7:R;A10:R;A11:S;A14:S;A16:R;A30:R,CHEMBL2110850,2
CHEMBL2110850::en3_A1:R;A7:R;A10:R;A11:S;A14:S;A16:R;A30:R,CHEMBL2110850,3
CHEMBL2110850::en4_A1:S;A7:S;A10:S;A11:S;A14:S;A16:R;A30:R,CHEMBL2110850,4
CHEMBL2110869::en0_A6:S;A9:R;A10:S;A12:R;A14:S;A15:S;A19:R;A20:S;A24:S;A26:S;A28:S;A30:S;A31:R;A33:R;A39:R;A48:R;A51:R,CHEMBL2110869,0
CHEMBL2110869::en1_A6:R;A9:S;A10:S;A12:S;A14:S;A15:R;A19:R;A20:R;A24:R;A26:R;A28:S;A30:S;A31:S;A33:S;A39:R;A48:S;A51:S,CHEMBL2110869,1
CHEMBL2110869::en2_A6:S;A9:R;A10:R;A12:S;A14:S;A15:S;A19:S;A20:S;A24:S;A26:R;A28:R;A30:S;A31:R;A33:S;A39:R;A48:S;A51:R,CHEMBL2110869,2
CHEMBL2110869::en3_A6:R;A9:R;A10:R;A12:R;A14:R;A15:R;A19:R;A20:S;A24:R;A26:S;A28:S;A30:R;A31:R;A33:S;A39:R;A48:R;A51:R,CHEMBL2110869,3
CHEMBL2110869::en4_A6:S;A9:S;A10:S;A12:R;A14:S;A15:R;A19:R;A20:S;A24:R;A26:S;A28:R;A30:S;A31:S;A33:R;A39:S;A48:S;A51:S,CHEMBL2110869,4
CHEMBL2110877::en0_A4:R;A5:R;A9:R;A46:R,CHEMBL2110877,0
CHEMBL2110877::en1_A4:S;A5:R;A9:R;A46:R,CHEMBL2110877,1
CHEMBL2110877::en2_A4:R;A5:S;A9:R;A46:R,CHEMBL2110877,2
CHEMBL2110877::en3_A4:S;A5:S;A9:R;A46:R,CHEMBL2110877,3
CHEMBL2110877::en4_A4:R;A5:R;A9:S;A46:R,CHEMBL2110877,4
CHEMBL2110879::en0_A4:S;A5:R;A8:R;A11:S,CHEMBL2110879,0
CHEMBL2110879::en1_A4:R;A5:R;A8:S;A11:S,CHEMBL2110879,1
CHEMBL2110883::en1_A6:S;A9:R;A11:R;A15:S,CHEMBL2110883,1
CHEMBL2110883::en2_A6:R;A9:S;A11:S;A15:S,CHEMBL2110883,2
CHEMBL2110886::en0_A5:S;A9:S;A10:R;A13:S;A25:R,CHEMBL2110886,0
CHEMBL2110886::en1_A5:R;A9:S;A10:R;A13:S;A25:R,CHEMBL2110886,1
CHEMBL2110886::en2_A5:S;A9:R;A10:R;A13:S;A25:R,CHEMBL2110886,2
CHEMBL2110886::en3_A5:R;A9:R;A10:R;A13:S;A25:R,CHEMBL2110886,3
CHEMBL2110886::en4_A5:S;A9:S;A10:S;A13:S;A25:R,CHEMBL2110886,4
CHEMBL2110900::en0_A3:R,CHEMBL2110900,0
CHEMBL2110900::en1_A3:S,CHEMBL2110900,1
CHEMBL2110947::en0_A6:S,CHEMBL2110947,0
CHEMBL2110947::en1_A6:R,CHEMBL2110947,1
CHEMBL2110952::en0_A7:S,CHEMBL2110952,0
CHEMBL2110952::en1_A7:R,CHEMBL2110952,1
CHEMBL2110953::en0_A8:R;A22:R;A24:R;A28:S;A29:S,CHEMBL2110953,0
CHEMBL2110953::en1_A8:S;A22:R;A24:R;A28:S;A29:S,CHEMBL2110953,1
CHEMBL2110953::en2_A8:R;A22:S;A24:R;A28:S;A29:S,CHEMBL2110953,2
CHEMBL2110953::en3_A8:S;A22:S;A24:R;A28:S;A29:S,CHEMBL2110953,3
CHEMBL2110953::en4_A8:R;A22:R;A24:S;A28:S;A29:S,CHEMBL2110953,4
CHEMBL2110976::en0_A6:S;A8:S;A11:R;A12:S;A14:S;A21:S;A24:R;A27:R,CHEMBL2110976,0
CHEMBL2110976::en1_A6:R;A8:S;A11:R;A12:S;A14:S;A21:S;A24:R;A27:R,CHEMBL2110976,1
CHEMBL2110976::en2_A6:S;A8:R;A11:R;A12:S;A14:S;A21:S;A24:R;A27:R,CHEMBL2110976,2
CHEMBL2110976::en3_A6:R;A8:R;A11:R;A12:S;A14:S;A21:S;A24:R;A27:R,CHEMBL2110976,3
CHEMBL2110976::en4_A6:S;A8:S;A11:S;A12:S;A14:S;A21:S;A24:R;A27:R,CHEMBL2110976,4
CHEMBL2110977::en0_A4:R;A12:R;A14:R;A17:R;A19:R;A22:S;A29:R,CHEMBL2110977,0
CHEMBL2110977::en1_A4:S;A12:R;A14:R;A17:R;A19:R;A22:S;A29:R,CHEMBL2110977,1
CHEMBL2110977::en2_A4:R;A12:S;A14:R;A17:R;A19:R;A22:S;A29:R,CHEMBL2110977,2
CHEMBL2110977::en3_A4:S;A12:S;A14:R;A17:R;A19:R;A22:S;A29:R,CHEMBL2110977,3
CHEMBL2110977::en4_A4:R;A12:R;A14:S;A17:R;A19:R;A22:S;A29:R,CHEMBL2110977,4
CHEMBL2110979::en0_A4:R;A5:R;A9:R;A32:R,CHEMBL2110979,0
CHEMBL2110979::en1_A4:S;A5:R;A9:R;A32:R,CHEMBL2110979,1
CHEMBL2110979::en2_A4:R;A5:S;A9:R;A32:R,CHEMBL2110979,2
CHEMBL2110979::en3_A4:S;A5:S;A9:R;A32:R,CHEMBL2110979,3
CHEMBL2110979::en4_A4:R;A5:R;A9:S;A32:R,CHEMBL2110979,4
CHEMBL2110983::en0_A14:R;A19:R;A21:S,CHEMBL2110983,0
CHEMBL2110983::en1_A14:S;A19:R;A21:S,CHEMBL2110983,1
CHEMBL2110983::en2_A14:R;A19:S;A21:S,CHEMBL2110983,2
CHEMBL2110983::en3_A14:S;A19:S;A21:S,CHEMBL2110983,3
CHEMBL2110983::en4_A14:R;A19:R;A21:R,CHEMBL2110983,4
CHEMBL2110987::en0_A4:R;A5:R;A7:R;A23:R;A25:S;A28:R,CHEMBL2110987,0
CHEMBL2110987::en1_A4:S;A5:R;A7:R;A23:R;A25:S;A28:R,CHEMBL2110987,1
CHEMBL2110987::en2_A4:R;A5:S;A7:R;A23:R;A25:S;A28:R,CHEMBL2110987,2
CHEMBL2110987::en3_A4:S;A5:S;A7:R;A23:R;A25:S;A28:R,CHEMBL2110987,3
CHEMBL2110987::en4_A4:R;A5:R;A7:S;A23:R;A25:S;A28:R,CHEMBL2110987,4
CHEMBL2111001::en0_A1:R;A8:R;A10:R;A11:R;A12:S;A15:R;A17:R;A20:S,CHEMBL2111001,0
CHEMBL2111001::en1_A1:S;A8:R;A10:R;A11:R;A12:S;A15:R;A17:R;A20:S,CHEMBL2111001,1
CHEMBL2111022::en0_A4:S;A14:R;A15:R,CHEMBL2111022,0
CHEMBL2111022::en1_A4:R;A14:S;A15:R,CHEMBL2111022,1
CHEMBL2111028::en0_A1:R;A3:S;A4:S;A5:R;A8:R;A10:R;A13:R;A23:S,CHEMBL2111028,0
CHEMBL2111028::en1_A1:S;A3:S;A4:S;A5:R;A8:R;A10:R;A13:R;A23:S,CHEMBL2111028,1
CHEMBL2111028::en2_A1:R;A3:R;A4:S;A5:R;A8:R;A10:R;A13:R;A23:S,CHEMBL2111028,2
CHEMBL2111028::en3_A1:S;A3:R;A4:S;A5:R;A8:R;A10:R;A13:R;A23:S,CHEMBL2111028,3
CHEMBL2111028::en4_A1:R;A3:S;A4:R;A5:R;A8:R;A10:R;A13:R;A23:S,CHEMBL2111028,4
CHEMBL2111044::en0_A9:S;A11:R;A20:S,CHEMBL2111044,0
CHEMBL2111044::en1_A9:R;A11:R;A20:S,CHEMBL2111044,1
CHEMBL2111044::en2_A9:S;A11:S;A20:R,CHEMBL2111044,2
CHEMBL2111051::en0_A4:S,CHEMBL2111051,0
CHEMBL2111051::en1_A4:R,CHEMBL2111051,1
CHEMBL2111058::en0_A8:R;A11:R,CHEMBL2111058,0
CHEMBL2111058::en1_A8:S;A11:R,CHEMBL2111058,1
CHEMBL2111058::en2_A8:R;A11:S,CHEMBL2111058,2
CHEMBL2111058::en3_A8:S;A11:S,CHEMBL2111058,3
CHEMBL2111073::en0_A6:S;A11:S,CHEMBL2111073,0
CHEMBL2111073::en1_A6:R;A11:S,CHEMBL2111073,1
CHEMBL2111073::en2_A6:S;A11:R,CHEMBL2111073,2
CHEMBL2111073::en3_A6:R;A11:R,CHEMBL2111073,3
CHEMBL2111086::en0_A1:R;A7:S;A34:S,CHEMBL2111086,0
CHEMBL2111086::en1_A1:S;A7:S;A34:S,CHEMBL2111086,1
CHEMBL2111086::en2_A1:R;A7:R;A34:S,CHEMBL2111086,2
CHEMBL2111086::en3_A1:S;A7:R;A34:S,CHEMBL2111086,3
CHEMBL2111086::en4_A1:R;A7:S;A34:R,CHEMBL2111086,4
CHEMBL2111097::en0_A20:S,CHEMBL2111097,0
CHEMBL2111097::en1_A20:R,CHEMBL2111097,1
CHEMBL2111099::en0_A14:S;A21:S,CHEMBL2111099,0
CHEMBL2111099::en1_A14:R;A21:S,CHEMBL2111099,1
CHEMBL2111103::en0_A1:R;A10:S;A11:S;A12:R;A15:R;A17:R;A20:R,CHEMBL2111103,0
CHEMBL2111103::en1_A1:S;A10:S;A11:S;A12:R;A15:R;A17:R;A20:R,CHEMBL2111103,1
CHEMBL2111103::en2_A1:R;A10:R;A11:S;A12:R;A15:R;A17:R;A20:R,CHEMBL2111103,2
CHEMBL2111103::en3_A1:S;A10:R;A11:S;A12:R;A15:R;A17:R;A20:R,CHEMBL2111103,3
CHEMBL2111103::en4_A1:R;A10:S;A11:R;A12:R;A15:R;A17:R;A20:R,CHEMBL2111103,4
CHEMBL2111113::en0_A6:S;A8:R;A16:R;A18:S,CHEMBL2111113,0
CHEMBL2111113::en1_A6:R;A8:R;A16:R;A18:S,CHEMBL2111113,1
CHEMBL2111113::en2_A6:S;A8:S;A16:R;A18:S,CHEMBL2111113,2
CHEMBL2111113::en3_A6:R;A8:S;A16:R;A18:S,CHEMBL2111113,3
CHEMBL2111113::en4_A6:S;A8:R;A16:S;A18:S,CHEMBL2111113,4
CHEMBL2111115::en0_A11:S;A12:R;A14:R;A16:R;A18:R,CHEMBL2111115,0
CHEMBL2111115::en1_A11:R;A12:R;A14:R;A16:R;A18:R,CHEMBL2111115,1
CHEMBL2111115::en2_A11:S;A12:S;A14:R;A16:R;A18:R,CHEMBL2111115,2
CHEMBL2111115::en3_A11:R;A12:S;A14:R;A16:R;A18:R,CHEMBL2111115,3
CHEMBL2111115::en4_A11:S;A12:R;A14:S;A16:R;A18:R,CHEMBL2111115,4
CHEMBL2111116::en0_A8:R;A22:R;A24:R;A28:S;A29:S,CHEMBL2111116,0
CHEMBL2111116::en1_A8:S;A22:R;A24:R;A28:S;A29:S,CHEMBL2111116,1
CHEMBL2111116::en2_A8:R;A22:S;A24:R;A28:S;A29:S,CHEMBL2111116,2
CHEMBL2111116::en3_A8:S;A22:S;A24:R;A28:S;A29:S,CHEMBL2111116,3
CHEMBL2111116::en4_A8:R;A22:R;A24:S;A28:S;A29:S,CHEMBL2111116,4
CHEMBL2111125::en2_A11:R;A14:S;A16:S;A20:R,CHEMBL2111125,2
CHEMBL2111139::en0_A4:R;A5:R;A9:R;A24:R,CHEMBL2111139,0
CHEMBL2111139::en1_A4:S;A5:R;A9:R;A24:R,CHEMBL2111139,1
CHEMBL2111139::en2_A4:R;A5:S;A9:R;A24:R,CHEMBL2111139,2
CHEMBL2111139::en3_A4:S;A5:S;A9:R;A24:R,CHEMBL2111139,3
CHEMBL2111139::en4_A4:R;A5:R;A9:S;A24:R,CHEMBL2111139,4
CHEMBL2111147::en0_A2:S;A5:R;A7:R,CHEMBL2111147,0
CHEMBL2111147::en1_A2:R;A5:S;A7:S,CHEMBL2111147,1
CHEMBL2111156::en0_A9:S;A11:R;A20:S,CHEMBL2111156,0
CHEMBL2111156::en1_A9:R;A11:R;A20:S,CHEMBL2111156,1
CHEMBL2111156::en2_A9:S;A11:S;A20:R,CHEMBL2111156,2
CHEMBL2111172::en0_A9:R;A22:R,CHEMBL2111172,0
CHEMBL2111172::en1_A9:S;A22:R,CHEMBL2111172,1
CHEMBL2111172::en2_A9:R;A22:S,CHEMBL2111172,2
CHEMBL2111172::en3_A9:S;A22:S,CHEMBL2111172,3
CHEMBL2111177::en0_A1:S;A4:R;A5:S;A13:S;A21:S,CHEMBL2111177,0
CHEMBL2111177::en1_A1:R;A4:R;A5:S;A13:S;A21:S,CHEMBL2111177,1
CHEMBL2111177::en2_A1:S;A4:S;A5:S;A13:S;A21:S,CHEMBL2111177,2
CHEMBL2111177::en3_A1:R;A4:S;A5:S;A13:S;A21:S,CHEMBL2111177,3
CHEMBL2111177::en4_A1:S;A4:R;A5:R;A13:S;A21:S,CHEMBL2111177,4
CHEMBL2111185::en0_A9:S;A10:S;A17:S;A32:S,CHEMBL2111185,0
CHEMBL211456::en0_A2:R;A4:R,CHEMBL211456,0
CHEMBL211456::en1_A2:S;A4:R,CHEMBL211456,1
CHEMBL211456::en2_A2:R;A4:S,CHEMBL211456,2
CHEMBL211456::en3_A2:S;A4:S,CHEMBL211456,3
CHEMBL2115116::en0_A5:R;A10:R;A13:R;A14:S;A23:S;A25:S;A27:R;A30:S,CHEMBL2115116,0
CHEMBL2115116::en1_A5:S;A10:R;A13:R;A14:S;A23:S;A25:S;A27:R;A30:S,CHEMBL2115116,1
CHEMBL2115116::en2_A5:R;A10:S;A13:R;A14:S;A23:S;A25:S;A27:R;A30:S,CHEMBL2115116,2
CHEMBL2115116::en3_A5:S;A10:S;A13:R;A14:S;A23:S;A25:S;A27:R;A30:S,CHEMBL2115116,3
CHEMBL2115116::en4_A5:R;A10:R;A13:S;A14:S;A23:S;A25:S;A27:R;A30:S,CHEMBL2115116,4
CHEMBL2141296::en0_A4:R,CHEMBL2141296,0
CHEMBL2141296::en1_A4:S,CHEMBL2141296,1
CHEMBL214268::en0_A3:R,CHEMBL214268,0
CHEMBL214268::en1_A3:S,CHEMBL214268,1
CHEMBL2146095::en0_A16:R,CHEMBL2146095,0
CHEMBL2146095::en1_A4:S;A16:S,CHEMBL2146095,1
CHEMBL2146132::en0_A2:S;A5:R;A7:R;A9:R,CHEMBL2146132,0
CHEMBL2146132::en1_A2:R;A5:S;A7:S;A9:R,CHEMBL2146132,1
CHEMBL2147475::en0_A27:R,CHEMBL2147475,0
CHEMBL2147475::en1_A27:S,CHEMBL2147475,1
CHEMBL2147777::en0_A8:S;A11:S,CHEMBL2147777,0
CHEMBL2147777::en1_A8:R;A11:S,CHEMBL2147777,1
CHEMBL2147777::en2_A8:S;A11:R,CHEMBL2147777,2
CHEMBL2147777::en3_A8:R;A11:R,CHEMBL2147777,3
CHEMBL2151197::en0_A5:R;A7:R,CHEMBL2151197,0
CHEMBL2151197::en1_A5:S;A7:S,CHEMBL2151197,1
CHEMBL2151205::en0_A15:R,CHEMBL2151205,0
CHEMBL2151205::en1_A15:S,CHEMBL2151205,1
CHEMBL2151205::en2_A15:R,CHEMBL2151205,2
CHEMBL2151205::en3_A15:S,CHEMBL2151205,3
CHEMBL2151437::en0_A7:S,CHEMBL2151437,0
CHEMBL2151437::en1_A7:R,CHEMBL2151437,1
CHEMBL2151439::en0_A3:R,CHEMBL2151439,0
CHEMBL2151439::en1_A3:S,CHEMBL2151439,1
CHEMBL2151570::en0_A10:R,CHEMBL2151570,0
CHEMBL2151570::en1_A10:S,CHEMBL2151570,1
CHEMBL2151572::en0_A3:R,CHEMBL2151572,0
CHEMBL2151572::en1_A3:S,CHEMBL2151572,1
CHEMBL2151591::en0_A10:R;A15:R;A20:R,CHEMBL2151591,0
CHEMBL2151591::en1_A10:S;A15:R;A20:R,CHEMBL2151591,1
CHEMBL2151591::en2_A10:R;A15:S;A20:R,CHEMBL2151591,2
CHEMBL2151591::en3_A10:S;A15:S;A20:R,CHEMBL2151591,3
CHEMBL2151591::en4_A10:R;A15:R;A20:S,CHEMBL2151591,4
CHEMBL2152922::en0_A18:R,CHEMBL2152922,0
CHEMBL2152922::en1_A18:S,CHEMBL2152922,1
CHEMBL2152999::en0_A16:S;A21:R;A26:R,CHEMBL2152999,0
CHEMBL2152999::en1_A16:R;A21:R;A26:R,CHEMBL2152999,1
CHEMBL2152999::en2_A16:S;A21:S;A26:R,CHEMBL2152999,2
CHEMBL2152999::en3_A16:R;A21:S;A26:R,CHEMBL2152999,3
CHEMBL2152999::en4_A16:S;A21:R;A26:S,CHEMBL2152999,4
CHEMBL215303::en0_A1:S,CHEMBL215303,0
CHEMBL215303::en1_A1:R,CHEMBL215303,1
CHEMBL2153191::en0_A11:R,CHEMBL2153191,0
CHEMBL2153191::en1_A11:S,CHEMBL2153191,1
CHEMBL2159122::en0_A10:R;A24:R,CHEMBL2159122,0
CHEMBL2159122::en1_A10:S;A24:R,CHEMBL2159122,1
CHEMBL2159122::en2_A10:R;A24:S,CHEMBL2159122,2
CHEMBL2159122::en3_A10:S;A24:S,CHEMBL2159122,3
CHEMBL2159227::en0_A2:R;A3:R;A5:S;A7:R,CHEMBL2159227,0
CHEMBL2159227::en1_A2:S;A3:R;A5:S;A7:R,CHEMBL2159227,1
CHEMBL2159227::en2_A2:R;A3:S;A5:S;A7:R,CHEMBL2159227,2
CHEMBL2159227::en3_A2:S;A3:S;A5:S;A7:R,CHEMBL2159227,3
CHEMBL2159227::en4_A2:R;A3:R;A5:R;A7:R,CHEMBL2159227,4
CHEMBL2165191::en0_A4:S,CHEMBL2165191,0
CHEMBL2165191::en1_A4:R,CHEMBL2165191,1
CHEMBL2165224::en0_A2:R;A4:S;A8:S;A18:R;A19:R,CHEMBL2165224,0
CHEMBL2165224::en1_A2:R;A4:R;A8:S;A18:R;A19:R,CHEMBL2165224,1
CHEMBL2165402::en0_A3:S;A6:R;A11:S;A13:R;A15:R;A17:S;A18:S;A20:S,CHEMBL2165402,0
CHEMBL2165402::en1_A3:R;A6:R;A11:S;A13:R;A15:R;A17:S;A18:S;A20:S,CHEMBL2165402,1
CHEMBL2165402::en2_A3:S;A6:S;A11:S;A13:R;A15:R;A17:S;A18:S;A20:S,CHEMBL2165402,2
CHEMBL2165402::en3_A3:R;A6:S;A11:S;A13:R;A15:R;A17:S;A18:S;A20:S,CHEMBL2165402,3
CHEMBL2165402::en4_A3:S;A6:R;A11:R;A13:R;A15:R;A17:S;A18:S;A20:S,CHEMBL2165402,4
CHEMBL2165620::en0_A10:S,CHEMBL2165620,0
CHEMBL2165620::en1_A10:R,CHEMBL2165620,1
CHEMBL2177390::en0_A5:R;A18:R;A21:S,CHEMBL2177390,0
CHEMBL2177390::en1_A5:S;A18:R;A21:S,CHEMBL2177390,1
CHEMBL2177390::en2_A5:R;A18:S;A21:S,CHEMBL2177390,2
CHEMBL2177390::en3_A5:S;A18:S;A21:S,CHEMBL2177390,3
CHEMBL2177390::en4_A5:R;A18:R;A21:R,CHEMBL2177390,4
CHEMBL2177913::en0_A3:R,CHEMBL2177913,0
CHEMBL2177913::en1_A3:S,CHEMBL2177913,1
CHEMBL2178100::en0_A19:R,CHEMBL2178100,0
CHEMBL2178100::en1_A19:S,CHEMBL2178100,1
CHEMBL2178422::en0_A1:S;A8:R;A30:R,CHEMBL2178422,0
CHEMBL2178422::en1_A1:R;A8:R;A30:R,CHEMBL2178422,1
CHEMBL2178422::en2_A1:S;A8:S;A30:R,CHEMBL2178422,2
CHEMBL2178422::en3_A1:R;A8:S;A30:R,CHEMBL2178422,3
CHEMBL2178422::en4_A1:S;A8:R;A30:S,CHEMBL2178422,4
CHEMBL2178570::en0_A13:R,CHEMBL2178570,0
CHEMBL2178570::en1_A13:S,CHEMBL2178570,1
CHEMBL2178720::en0_A9:R;A11:R;A14:R;A16:S,CHEMBL2178720,0
CHEMBL2178720::en1_A9:S;A11:R;A14:R;A16:S,CHEMBL2178720,1
CHEMBL2178720::en2_A9:R;A11:S;A14:R;A16:S,CHEMBL2178720,2
CHEMBL2178720::en3_A9:S;A11:S;A14:R;A16:S,CHEMBL2178720,3
CHEMBL2178720::en4_A9:R;A11:R;A14:S;A16:S,CHEMBL2178720,4
CHEMBL2179105::en0_A1:S;A12:R,CHEMBL2179105,0
CHEMBL2179105::en1_A1:R;A12:R,CHEMBL2179105,1
CHEMBL2179105::en2_A1:S;A12:S,CHEMBL2179105,2
CHEMBL2179105::en3_A1:R;A12:S,CHEMBL2179105,3
CHEMBL2181367::en0_A1:S;A3:S;A7:S;A9:S;A20:S,CHEMBL2181367,0
CHEMBL2181367::en1_A1:R;A3:S;A7:S;A9:S;A20:S,CHEMBL2181367,1
CHEMBL2181367::en2_A1:S;A3:R;A7:S;A9:S;A20:S,CHEMBL2181367,2
CHEMBL2181367::en3_A1:R;A3:R;A7:S;A9:S;A20:S,CHEMBL2181367,3
CHEMBL2181367::en4_A1:S;A3:S;A7:R;A9:S;A20:S,CHEMBL2181367,4
CHEMBL2181927::en0_A10:S,CHEMBL2181927,0
CHEMBL2181927::en1_A10:R,CHEMBL2181927,1
CHEMBL218291::en0_A7:S;A9:R;A12:S;A14:R,CHEMBL218291,0
CHEMBL218291::en1_A7:R;A9:R;A12:S;A14:R,CHEMBL218291,1
CHEMBL218291::en2_A7:S;A9:S;A12:S;A14:R,CHEMBL218291,2
CHEMBL218291::en3_A7:R;A9:S;A12:S;A14:R,CHEMBL218291,3
CHEMBL218291::en4_A7:S;A9:R;A12:R;A14:R,CHEMBL218291,4
CHEMBL218427::en0_A31:R,CHEMBL218427,0
CHEMBL218490::en0_A3:R;A5:S,CHEMBL218490,0
CHEMBL218490::en1_A3:S;A5:S,CHEMBL218490,1
CHEMBL218490::en2_A3:R;A5:R,CHEMBL218490,2
CHEMBL218490::en3_A3:S;A5:R,CHEMBL218490,3
CHEMBL220050::en0_A1:R;A13:S,CHEMBL220050,0
CHEMBL220050::en1_A1:S;A13:S,CHEMBL220050,1
CHEMBL220050::en2_A1:R;A13:R,CHEMBL220050,2
CHEMBL220050::en3_A1:S;A13:R,CHEMBL220050,3
CHEMBL220050::en4_A1:R;A13:S,CHEMBL220050,4
CHEMBL220360::en0_A1:S;A19:R,CHEMBL220360,0
CHEMBL220360::en1_A1:R;A19:R,CHEMBL220360,1
CHEMBL220360::en2_A1:S;A19:S,CHEMBL220360,2
CHEMBL220360::en3_A1:R;A19:S,CHEMBL220360,3
CHEMBL2204263::en0_A20:R;A23:R,CHEMBL2204263,0
CHEMBL2204263::en1_A20:S;A23:S,CHEMBL2204263,1
CHEMBL220491::en0_A3:S,CHEMBL220491,0
CHEMBL220491::en1_A3:R,CHEMBL220491,1
CHEMBL220492::en0_A4:R;A5:S;A8:R;A20:R,CHEMBL220492,0
CHEMBL220492::en1_A4:S;A5:S;A8:R;A20:R,CHEMBL220492,1
CHEMBL220492::en2_A4:R;A5:R;A8:R;A20:R,CHEMBL220492,2
CHEMBL220492::en3_A4:S;A5:R;A8:R;A20:R,CHEMBL220492,3
CHEMBL220492::en4_A4:R;A5:S;A8:S;A20:R,CHEMBL220492,4
CHEMBL2206292::en0_A7:R;A9:R,CHEMBL2206292,0
CHEMBL2206292::en1_A7:S;A9:S,CHEMBL2206292,1
CHEMBL220808::en0_A13:S,CHEMBL220808,0
CHEMBL220808::en1_A13:R,CHEMBL220808,1
CHEMBL221326::en0_A5:S;A7:S;A10:S;A14:R;A18:R;A22:R;A27:R;A29:S;A38:R;A40:R;A42:R;A44:R,CHEMBL221326,0
CHEMBL221326::en1_A5:S;A7:R;A10:R;A14:R;A18:S;A22:R;A27:R;A29:S;A38:R;A40:S;A42:R;A44:R,CHEMBL221326,1
CHEMBL221326::en2_A5:S;A7:R;A10:R;A14:R;A18:S;A22:R;A27:S;A29:S;A38:R;A40:R;A42:R;A44:R,CHEMBL221326,2
CHEMBL221326::en3_A5:R;A7:S;A10:S;A14:S;A18:S;A22:R;A27:S;A29:S;A38:S;A40:R;A42:R;A44:R,CHEMBL221326,3
CHEMBL221326::en4_A5:S;A7:R;A10:S;A14:R;A18:S;A22:S;A27:S;A29:S;A38:R;A40:S;A42:R;A44:S,CHEMBL221326,4
CHEMBL221572::en0_A2:R;A4:R;A6:S;A7:S;A9:S;A11:S;A14:R;A16:R;A18:S;A20:R;A23:R;A25:R;A27:S;A29:S,CHEMBL221572,0
CHEMBL221572::en1_A2:S;A4:R;A6:R;A7:S;A9:S;A11:R;A14:R;A16:R;A18:S;A20:S;A23:R;A25:S;A27:S;A29:R,CHEMBL221572,1
CHEMBL221572::en2_A2:S;A4:S;A6:S;A7:R;A9:R;A11:S;A14:R;A16:S;A18:R;A20:R;A23:R;A25:S;A27:S;A29:R,CHEMBL221572,2
CHEMBL221572::en3_A2:R;A4:R;A6:R;A7:S;A9:R;A11:R;A14:S;A16:R;A18:S;A20:R;A23:S;A25:S;A27:R;A29:S,CHEMBL221572,3
CHEMBL221572::en4_A2:S;A4:S;A6:R;A7:S;A9:R;A11:S;A14:R;A16:S;A18:S;A20:R;A23:R;A25:S;A27:S;A29:R,CHEMBL221572,4
CHEMBL2216863::en0_A7:S,CHEMBL2216863,0
CHEMBL2216863::en1_A7:R,CHEMBL2216863,1
CHEMBL2216870::en0_A2:S,CHEMBL2216870,0
CHEMBL2216870::en1_A2:R,CHEMBL2216870,1
CHEMBL221886::en0_A2:S;A3:R;A5:S;A7:S;A8:S;A10:S;A12:R;A19:S;A21:S;A24:R;A28:S,CHEMBL221886,0
CHEMBL221886::en1_A2:R;A3:S;A5:S;A7:R;A8:R;A10:R;A12:S;A19:S;A21:S;A24:R;A28:R,CHEMBL221886,1
CHEMBL221886::en2_A2:R;A3:S;A5:R;A7:R;A8:R;A10:S;A12:S;A19:S;A21:S;A24:S;A28:R,CHEMBL221886,2
CHEMBL221886::en3_A2:S;A3:S;A5:R;A7:S;A8:S;A10:S;A12:S;A19:S;A21:S;A24:S;A28:R,CHEMBL221886,3
CHEMBL221886::en4_A2:S;A3:S;A5:R;A7:S;A8:S;A10:R;A12:S;A19:R;A21:S;A24:R;A28:R,CHEMBL221886,4
CHEMBL2218880::en0_A1:S;A3:S;A7:S,CHEMBL2218880,0
CHEMBL2218880::en1_A1:R;A3:S;A7:S,CHEMBL2218880,1
CHEMBL2218880::en2_A1:S;A3:R;A7:S,CHEMBL2218880,2
CHEMBL2218880::en3_A1:R;A3:R;A7:S,CHEMBL2218880,3
CHEMBL2218880::en4_A1:S;A3:S;A7:R,CHEMBL2218880,4
CHEMBL2219413::en0_A51:R;A61:R,CHEMBL2219413,0
CHEMBL2219413::en1_A51:S;A61:R,CHEMBL2219413,1
CHEMBL2219413::en2_A51:S;A61:S,CHEMBL2219413,2
CHEMBL2219418::en0_A6:R;A15:S;A16:R;A42:R;A44:S,CHEMBL2219418,0
CHEMBL2219418::en1_A6:R;A15:R;A16:R;A42:R;A44:S,CHEMBL2219418,1
CHEMBL2219422::en0_A13:S,CHEMBL2219422,0
CHEMBL2219422::en1_A13:R,CHEMBL2219422,1
CHEMBL221959::en0_A1:R;A11:R,CHEMBL221959,0
CHEMBL221959::en1_A1:S;A11:R,CHEMBL221959,1
CHEMBL221959::en2_A1:R;A11:S,CHEMBL221959,2
CHEMBL221959::en3_A1:S;A11:S,CHEMBL221959,3
CHEMBL2219740::en0_A3:R;A11:S;A16:S;A18:R;A20:R;A22:R;A24:S;A27:R;A29:S;A31:R;A33:R,CHEMBL2219740,0
CHEMBL2220079::en0_A5:S;A8:S;A9:R;A13:S;A18:S,CHEMBL2220079,0
CHEMBL2220079::en1_A5:R;A8:S;A9:R;A13:S;A18:S,CHEMBL2220079,1
CHEMBL2220079::en2_A5:S;A8:R;A9:R;A13:S;A18:S,CHEMBL2220079,2
CHEMBL2220079::en3_A5:R;A8:R;A9:R;A13:S;A18:S,CHEMBL2220079,3
CHEMBL2220079::en4_A5:S;A8:S;A9:S;A13:S;A18:S,CHEMBL2220079,4
CHEMBL2220427::en0_A5:S;A6:S;A8:S;A9:S;A11:S;A13:R;A15:R;A19:S;A21:S;A24:S;A29:R;A32:S;A35:S;A37:R;A41:R;A44:R;A48:S;A51:S,CHEMBL2220427,0
CHEMBL2220427::en1_A5:S;A6:R;A8:S;A9:R;A11:R;A13:S;A15:R;A19:R;A21:S;A24:S;A29:R;A32:S;A35:S;A37:R;A41:S;A44:R;A48:R;A51:R,CHEMBL2220427,1
CHEMBL2220427::en2_A5:R;A6:S;A8:R;A9:S;A11:R;A13:R;A15:R;A19:R;A21:S;A24:S;A29:S;A32:S;A35:R;A37:R;A41:S;A44:R;A48:S;A51:S,CHEMBL2220427,2
CHEMBL2220427::en3_A5:R;A6:S;A8:R;A9:R;A11:R;A13:S;A15:R;A19:S;A21:S;A24:R;A29:R;A32:R;A35:R;A37:R;A41:R;A44:S;A48:R;A51:R,CHEMBL2220427,3
CHEMBL2220427::en4_A5:R;A6:S;A8:S;A9:S;A11:R;A13:S;A15:S;A19:S;A21:R;A24:R;A29:R;A32:R;A35:S;A37:R;A41:R;A44:S;A48:R;A51:S,CHEMBL2220427,4
CHEMBL222280::en0_A6:S;A8:S;A10:S,CHEMBL222280,0
CHEMBL222280::en1_A6:R;A8:S;A10:S,CHEMBL222280,1
CHEMBL222280::en2_A6:S;A8:R;A10:S,CHEMBL222280,2
CHEMBL222280::en3_A6:R;A8:R;A10:S,CHEMBL222280,3
CHEMBL222280::en4_A6:S;A8:S;A10:R,CHEMBL222280,4
CHEMBL222287::en0_A2:R;A4:S;A6:S;A22:R,CHEMBL222287,0
CHEMBL222287::en1_A2:S;A4:S;A6:S;A22:R,CHEMBL222287,1
CHEMBL222645::en0_A17:R;A21:R;A26:S,CHEMBL222645,0
CHEMBL222645::en1_A17:S;A21:R;A26:S,CHEMBL222645,1
CHEMBL222645::en2_A17:R;A21:S;A26:S,CHEMBL222645,2
CHEMBL222645::en3_A17:S;A21:S;A26:S,CHEMBL222645,3
CHEMBL222645::en4_A17:R;A21:R;A26:R,CHEMBL222645,4
CHEMBL222813::en0_A4:S;A5:R;A6:R;A8:R;A18:S,CHEMBL222813,0
CHEMBL222813::en1_A4:R;A5:R;A6:R;A8:R;A18:S,CHEMBL222813,1
CHEMBL222813::en2_A4:S;A5:S;A6:R;A8:R;A18:S,CHEMBL222813,2
CHEMBL222813::en3_A4:R;A5:S;A6:R;A8:R;A18:S,CHEMBL222813,3
CHEMBL222813::en4_A4:S;A5:R;A6:S;A8:R;A18:S,CHEMBL222813,4
CHEMBL222863::en0_A1:S;A3:S;A5:S;A7:R;A9:S;A12:R;A13:R;A16:S;A18:S;A27:R;A29:R;A32:S;A35:R;A37:R;A39:R,CHEMBL222863,0
CHEMBL222863::en1_A1:S;A3:R;A5:S;A7:R;A9:S;A12:S;A13:S;A16:S;A18:S;A27:S;A29:R;A32:S;A35:R;A37:S;A39:R,CHEMBL222863,1
CHEMBL222863::en2_A1:R;A3:S;A5:S;A7:R;A9:S;A12:R;A13:R;A16:R;A18:S;A27:R;A29:S;A32:R;A35:R;A37:S;A39:S,CHEMBL222863,2
CHEMBL222863::en3_A1:S;A3:R;A5:S;A7:S;A9:R;A12:S;A13:S;A16:S;A18:R;A27:R;A29:S;A32:S;A35:R;A37:R;A39:S,CHEMBL222863,3
CHEMBL222863::en4_A1:R;A3:S;A5:S;A7:S;A9:S;A12:R;A13:R;A16:R;A18:R;A27:R;A29:R;A32:R;A35:S;A37:S;A39:R,CHEMBL222863,4
CHEMBL222913::en0_A7:R;A27:R,CHEMBL222913,0
CHEMBL222913::en1_A7:S;A27:R,CHEMBL222913,1
CHEMBL222913::en2_A7:R;A27:S,CHEMBL222913,2
CHEMBL222913::en3_A7:S;A27:S,CHEMBL222913,3
CHEMBL222913::en4_A7:R;A27:R,CHEMBL222913,4
CHEMBL223228::en0_A10:R,CHEMBL223228,0
CHEMBL223228::en1_A10:S,CHEMBL223228,1
CHEMBL223402::en0_A11:R,CHEMBL223402,0
CHEMBL223402::en1_A11:S,CHEMBL223402,1
CHEMBL223520::en0_A2:R;A4:R;A6:R;A7:S;A9:R;A11:S;A13:S;A16:R;A18:S;A20:S;A22:S;A25:S;A27:S;A29:R;A31:S,CHEMBL223520,0
CHEMBL223520::en1_A2:R;A4:R;A6:R;A7:R;A9:S;A11:S;A13:R;A16:S;A18:S;A20:S;A22:S;A25:S;A27:R;A29:S;A31:R,CHEMBL223520,1
CHEMBL223520::en2_A2:R;A4:R;A6:R;A7:R;A9:R;A11:R;A13:S;A16:R;A18:R;A20:R;A22:S;A25:S;A27:R;A29:R;A31:R,CHEMBL223520,2
CHEMBL223520::en3_A2:S;A4:R;A6:S;A7:R;A9:S;A11:S;A13:R;A16:R;A18:R;A20:S;A22:R;A25:R;A27:S;A29:R;A31:R,CHEMBL223520,3
CHEMBL223520::en4_A2:R;A4:R;A6:S;A7:S;A9:S;A11:R;A13:S;A16:R;A18:R;A20:R;A22:R;A25:R;A27:R;A29:S;A31:S,CHEMBL223520,4
CHEMBL223585::en0_A1:S;A3:R;A5:S;A8:S;A12:R;A21:S,CHEMBL223585,0
CHEMBL223585::en1_A1:R;A3:R;A5:S;A8:S;A12:R;A21:S,CHEMBL223585,1
CHEMBL223585::en2_A1:S;A3:S;A5:S;A8:S;A12:R;A21:S,CHEMBL223585,2
CHEMBL223585::en3_A1:R;A3:S;A5:S;A8:S;A12:R;A21:S,CHEMBL223585,3
CHEMBL223585::en4_A1:S;A3:R;A5:R;A8:S;A12:R;A21:S,CHEMBL223585,4
CHEMBL223824::en0_A19:R;A27:S;A29:R;A31:S,CHEMBL223824,0
CHEMBL223824::en1_A19:S;A27:S;A29:R;A31:S,CHEMBL223824,1
CHEMBL223824::en2_A19:R;A27:R;A29:R;A31:S,CHEMBL223824,2
CHEMBL223824::en3_A19:S;A27:R;A29:R;A31:S,CHEMBL223824,3
CHEMBL223824::en4_A19:R;A27:S;A29:S;A31:S,CHEMBL223824,4
CHEMBL224060::en0_A8:S,CHEMBL224060,0
CHEMBL224060::en1_A8:R,CHEMBL224060,1
CHEMBL224128::en0_A6:S;A8:R;A11:R;A14:R;A20:R;A22:S;A24:R;A27:R;A29:S;A32:R,CHEMBL224128,0
CHEMBL224128::en1_A6:R;A8:R;A11:R;A14:R;A20:R;A22:S;A24:R;A27:R;A29:S;A32:R,CHEMBL224128,1
CHEMBL224128::en2_A6:S;A8:S;A11:R;A14:R;A20:R;A22:S;A24:R;A27:R;A29:S;A32:R,CHEMBL224128,2
CHEMBL224128::en3_A6:R;A8:S;A11:R;A14:R;A20:R;A22:S;A24:R;A27:R;A29:S;A32:R,CHEMBL224128,3
CHEMBL224128::en4_A6:S;A8:R;A11:S;A14:R;A20:R;A22:S;A24:R;A27:R;A29:S;A32:R,CHEMBL224128,4
CHEMBL224436::en0_A2:S;A3:R;A5:R;A7:S;A9:S;A11:S;A13:S;A16:S;A24:S;A27:S;A31:R;A33:R;A38:R;A40:S;A47:R;A53:S,CHEMBL224436,0
CHEMBL224436::en1_A2:R;A3:R;A5:R;A7:S;A9:R;A11:R;A13:R;A16:S;A24:R;A27:R;A31:S;A33:S;A38:S;A40:S;A47:R;A53:S,CHEMBL224436,1
CHEMBL224436::en2_A2:S;A3:R;A5:S;A7:S;A9:S;A11:R;A13:S;A16:S;A24:R;A27:R;A31:S;A33:S;A38:S;A40:R;A47:S;A53:R,CHEMBL224436,2
CHEMBL224436::en3_A2:R;A3:R;A5:R;A7:S;A9:R;A11:S;A13:R;A16:R;A24:R;A27:R;A31:R;A33:S;A38:R;A40:R;A47:S;A53:R,CHEMBL224436,3
CHEMBL224436::en4_A2:R;A3:R;A5:R;A7:R;A9:S;A11:S;A13:S;A16:S;A24:R;A27:R;A31:R;A33:S;A38:R;A40:S;A47:R;A53:R,CHEMBL224436,4
CHEMBL225071::en0_A18:R,CHEMBL225071,0
CHEMBL225071::en1_A18:S,CHEMBL225071,1
CHEMBL225072::en0_A16:R,CHEMBL225072,0
CHEMBL225072::en1_A16:S,CHEMBL225072,1
CHEMBL225157::en0_A10:S,CHEMBL225157,0
CHEMBL225157::en1_A10:R,CHEMBL225157,1
CHEMBL226335::en0_A1:S;A3:S;A6:S;A8:R;A31:R;A33:R;A35:S;A37:R;A39:R;A41:S,CHEMBL226335,0
CHEMBL226335::en1_A1:R;A3:S;A6:S;A8:R;A31:R;A33:R;A35:S;A37:R;A39:R;A41:S,CHEMBL226335,1
CHEMBL226335::en2_A1:S;A3:R;A6:S;A8:R;A31:R;A33:R;A35:S;A37:R;A39:R;A41:S,CHEMBL226335,2
CHEMBL226335::en3_A1:R;A3:R;A6:S;A8:R;A31:R;A33:R;A35:S;A37:R;A39:R;A41:S,CHEMBL226335,3
CHEMBL226335::en4_A1:S;A3:S;A6:R;A8:R;A31:R;A33:R;A35:S;A37:R;A39:R;A41:S,CHEMBL226335,4
CHEMBL2272031::en0_A5:S;A7:S;A11:R;A13:S;A26:S;A28:S;A30:S;A33:R;A36:R;A39:S;A42:S;A45:S,CHEMBL2272031,0
CHEMBL2272031::en1_A5:S;A7:R;A11:S;A13:S;A26:R;A28:S;A30:S;A33:S;A36:R;A39:S;A42:S;A45:S,CHEMBL2272031,1
CHEMBL2272031::en2_A5:S;A7:S;A11:R;A13:S;A26:S;A28:R;A30:R;A33:S;A36:R;A39:S;A42:R;A45:S,CHEMBL2272031,2
CHEMBL2272031::en3_A5:S;A7:S;A11:S;A13:R;A26:R;A28:R;A30:S;A33:R;A36:R;A39:R;A42:S;A45:R,CHEMBL2272031,3
CHEMBL2272031::en4_A5:S;A7:S;A11:R;A13:S;A26:S;A28:R;A30:S;A33:R;A36:R;A39:S;A42:R;A45:R,CHEMBL2272031,4
CHEMBL227875::en0_A10:R,CHEMBL227875,0
CHEMBL227875::en1_A10:S,CHEMBL227875,1
CHEMBL23::en0_A6:S;A22:S,CHEMBL23,0
CHEMBL23::en1_A6:R;A22:S,CHEMBL23,1
CHEMBL23::en2_A6:S;A22:R,CHEMBL23,2
CHEMBL23::en3_A6:R;A22:R,CHEMBL23,3
CHEMBL230006::en0_A3:R;A7:S;A9:S;A14:R;A16:R;A23:S;A27:R;A29:R;A33:S,CHEMBL230006,0
CHEMBL230006::en1_A3:S;A7:S;A9:S;A14:R;A16:R;A23:S;A27:R;A29:R;A33:S,CHEMBL230006,1
CHEMBL230006::en2_A3:R;A7:R;A9:S;A14:R;A16:R;A23:S;A27:R;A29:R;A33:S,CHEMBL230006,2
CHEMBL230006::en3_A3:S;A7:R;A9:S;A14:R;A16:R;A23:S;A27:R;A29:R;A33:S,CHEMBL230006,3
CHEMBL230006::en4_A3:R;A7:S;A9:R;A14:R;A16:R;A23:S;A27:R;A29:R;A33:S,CHEMBL230006,4
CHEMBL230158::en0_A3:R,CHEMBL230158,0
CHEMBL230158::en1_A3:S,CHEMBL230158,1
CHEMBL2303613::en0_A7:R;A30:R,CHEMBL2303613,0
CHEMBL2303613::en1_A7:S;A30:R,CHEMBL2303613,1
CHEMBL2303613::en2_A7:R;A30:S,CHEMBL2303613,2
CHEMBL2303613::en3_A7:S;A30:S,CHEMBL2303613,3
CHEMBL2303613::en4_A7:R;A30:R,CHEMBL2303613,4
CHEMBL2303614::en0_A4:R;A5:R;A9:S;A11:S;A15:R;A18:S;A20:S;A22:S;A28:R;A32:S,CHEMBL2303614,0
CHEMBL2303614::en1_A4:S;A5:R;A9:S;A11:S;A15:R;A18:S;A20:S;A22:S;A28:R;A32:S,CHEMBL2303614,1
CHEMBL2303614::en2_A4:R;A5:S;A9:S;A11:S;A15:R;A18:S;A20:S;A22:S;A28:R;A32:S,CHEMBL2303614,2
CHEMBL2303614::en3_A4:S;A5:S;A9:S;A11:S;A15:R;A18:S;A20:S;A22:S;A28:R;A32:S,CHEMBL2303614,3
CHEMBL2303614::en4_A4:R;A5:R;A9:R;A11:S;A15:R;A18:S;A20:S;A22:S;A28:R;A32:S,CHEMBL2303614,4
CHEMBL2303619::en0_A2:R;A3:R;A6:S;A8:S;A10:S;A27:S;A29:R;A31:R;A33:S;A35:S;A37:S;A39:S;A42:S;A47:S;A50:S;A52:S;A55:S;A57:S;A60:S;A61:R;A66:S;A68:S;A73:R;A75:R;A81:R,CHEMBL2303619,0
CHEMBL2303619::en1_A2:S;A3:S;A6:S;A8:R;A10:S;A27:S;A29:R;A31:S;A33:S;A35:S;A37:S;A39:S;A42:R;A47:R;A50:S;A52:S;A55:R;A57:S;A60:R;A61:S;A66:S;A68:R;A73:R;A75:S;A81:S,CHEMBL2303619,1
CHEMBL2303619::en2_A2:R;A3:S;A6:S;A8:R;A10:S;A27:S;A29:R;A31:R;A33:R;A35:R;A37:R;A39:S;A42:S;A47:S;A50:R;A52:R;A55:R;A57:R;A60:R;A61:R;A66:R;A68:R;A73:R;A75:R;A81:S,CHEMBL2303619,2
CHEMBL2303619::en3_A2:R;A3:S;A6:S;A8:S;A10:R;A27:R;A29:R;A31:S;A33:R;A35:R;A37:S;A39:S;A42:S;A47:R;A50:S;A52:R;A55:R;A57:R;A60:R;A61:S;A66:S;A68:S;A73:S;A75:R;A81:S,CHEMBL2303619,3
CHEMBL2303630::en0_A3:R;A6:S,CHEMBL2303630,0
CHEMBL2303630::en1_A3:S;A6:S,CHEMBL2303630,1
CHEMBL2303630::en2_A3:R;A6:R,CHEMBL2303630,2
CHEMBL2303630::en3_A3:S;A6:R,CHEMBL2303630,3
CHEMBL2303630::en4_A3:R;A6:S,CHEMBL2303630,4
CHEMBL2304034::en0_A7:S;A22:R;A33:R,CHEMBL2304034,0
CHEMBL2304034::en1_A7:R;A22:R;A33:R,CHEMBL2304034,1
CHEMBL2304034::en2_A7:S;A22:S;A33:R,CHEMBL2304034,2
CHEMBL2304034::en3_A7:R;A22:S;A33:R,CHEMBL2304034,3
CHEMBL2304034::en4_A7:S;A22:R;A33:S,CHEMBL2304034,4
CHEMBL2304038::en0_A6:R;A7:S,CHEMBL2304038,0
CHEMBL2304038::en1_A6:S;A7:S,CHEMBL2304038,1
CHEMBL2304038::en2_A6:R;A7:R,CHEMBL2304038,2
CHEMBL2304038::en3_A6:S;A7:R,CHEMBL2304038,3
CHEMBL2304040::en0_A23:S;A27:R;A31:S;A40:S,CHEMBL2304040,0
CHEMBL2304040::en1_A23:R;A27:R;A31:S;A40:S,CHEMBL2304040,1
CHEMBL2304040::en2_A23:S;A27:S;A31:S;A40:S,CHEMBL2304040,2
CHEMBL2304040::en3_A23:R;A27:S;A31:S;A40:S,CHEMBL2304040,3
CHEMBL2304040::en4_A23:S;A27:R;A31:R;A40:S,CHEMBL2304040,4
CHEMBL2304041::en0_A3:S;A9:R;A15:S;A27:S;A29:R;A34:S;A36:S,CHEMBL2304041,0
CHEMBL2304041::en1_A3:R;A9:R;A15:S;A27:S;A29:R;A34:S;A36:S,CHEMBL2304041,1
CHEMBL2304041::en2_A3:S;A9:S;A15:S;A27:S;A29:R;A34:S;A36:S,CHEMBL2304041,2
CHEMBL2304041::en3_A3:R;A9:S;A15:S;A27:S;A29:R;A34:S;A36:S,CHEMBL2304041,3
CHEMBL2304041::en4_A3:S;A9:R;A15:R;A27:S;A29:R;A34:S;A36:S,CHEMBL2304041,4
CHEMBL2304044::en0_A3:S;A7:S;A9:S;A11:S;A13:S;A15:R;A18:S;A20:S;A22:R;A24:S;A26:R;A28:S;A30:S;A33:R;A35:S;A37:S,CHEMBL2304044,0
CHEMBL2304044::en1_A3:R;A7:S;A9:S;A11:R;A13:S;A15:R;A18:R;A20:S;A22:S;A24:S;A26:R;A28:S;A30:R;A33:S;A35:R;A37:R,CHEMBL2304044,1
CHEMBL2304044::en2_A3:S;A7:S;A9:R;A11:R;A13:S;A15:S;A18:R;A20:R;A22:S;A24:R;A26:S;A28:S;A30:S;A33:S;A35:S;A37:S,CHEMBL2304044,2
CHEMBL2304044::en3_A3:S;A7:R;A9:R;A11:S;A13:S;A15:S;A18:R;A20:S;A22:R;A24:S;A26:S;A28:S;A30:S;A33:S;A35:S;A37:S,CHEMBL2304044,3
CHEMBL2304044::en4_A3:R;A7:S;A9:S;A11:R;A13:R;A15:R;A18:R;A20:S;A22:S;A24:R;A26:S;A28:R;A30:S;A33:S;A35:R;A37:R,CHEMBL2304044,4
CHEMBL230599::en0_A2:R;A4:R,CHEMBL230599,0
CHEMBL230599::en1_A2:S;A4:R,CHEMBL230599,1
CHEMBL230599::en2_A2:R;A4:S,CHEMBL230599,2
CHEMBL230599::en3_A2:S;A4:S,CHEMBL230599,3
CHEMBL2308885::en0_A6:R;A11:R;A14:R;A15:S;A24:S;A26:S;A31:S,CHEMBL2308885,0
CHEMBL2308885::en1_A6:S;A11:R;A14:R;A15:S;A24:S;A26:S;A31:S,CHEMBL2308885,1
CHEMBL2308885::en2_A6:R;A11:S;A14:R;A15:S;A24:S;A26:S;A31:S,CHEMBL2308885,2
CHEMBL2308885::en3_A6:S;A11:S;A14:R;A15:S;A24:S;A26:S;A31:S,CHEMBL2308885,3
CHEMBL2308885::en4_A6:R;A11:R;A14:S;A15:S;A24:S;A26:S;A31:S,CHEMBL2308885,4
CHEMBL231884::en0_A16:S;A18:R;A21:R;A23:R;A25:R;A27:S;A29:S;A31:R;A33:S;A35:S,CHEMBL231884,0
CHEMBL231884::en1_A16:R;A18:R;A21:R;A23:R;A25:R;A27:S;A29:S;A31:R;A33:S;A35:S,CHEMBL231884,1
CHEMBL231884::en2_A16:S;A18:S;A21:R;A23:R;A25:R;A27:S;A29:S;A31:R;A33:S;A35:S,CHEMBL231884,2
CHEMBL231884::en3_A16:R;A18:S;A21:R;A23:R;A25:R;A27:S;A29:S;A31:R;A33:S;A35:S,CHEMBL231884,3
CHEMBL231884::en4_A16:S;A18:R;A21:S;A23:R;A25:R;A27:S;A29:S;A31:R;A33:S;A35:S,CHEMBL231884,4
CHEMBL2325741::en0_A5:R,CHEMBL2325741,0
CHEMBL2325741::en1_A5:S,CHEMBL2325741,1
CHEMBL232656::en0_A1:R,CHEMBL232656,0
CHEMBL232656::en1_A1:S,CHEMBL232656,1
CHEMBL232875::en0_A11:S,CHEMBL232875,0
CHEMBL232875::en1_A11:R,CHEMBL232875,1
CHEMBL232875::en2_A11:S,CHEMBL232875,2
CHEMBL232875::en3_A11:R,CHEMBL232875,3
CHEMBL232943::en0_A15:S,CHEMBL232943,0
CHEMBL232943::en1_A15:R,CHEMBL232943,1
CHEMBL2331680::en0_A20:S,CHEMBL2331680,0
CHEMBL2331680::en1_A20:R,CHEMBL2331680,1
CHEMBL2333941::en0_A1:R,CHEMBL2333941,0
CHEMBL2333941::en1_A1:S,CHEMBL2333941,1
CHEMBL2336325::en0_A19:S;A28:S,CHEMBL2336325,0
CHEMBL2336325::en1_A19:R;A28:S,CHEMBL2336325,1
CHEMBL2336325::en2_A19:S;A28:R,CHEMBL2336325,2
CHEMBL2336325::en3_A19:R;A28:R,CHEMBL2336325,3
CHEMBL2338397::en0_A1:S;A14:S,CHEMBL2338397,0
CHEMBL2338397::en1_A1:R;A14:S,CHEMBL2338397,1
CHEMBL2338397::en2_A1:S;A14:R,CHEMBL2338397,2
CHEMBL2338397::en3_A1:R;A14:R,CHEMBL2338397,3
CHEMBL2338675::en0_A9:R;A11:R;A14:S;A18:S;A22:R,CHEMBL2338675,0
CHEMBL2338675::en1_A9:S;A11:R;A14:S;A18:S;A22:R,CHEMBL2338675,1
CHEMBL2338675::en2_A9:R;A11:S;A14:S;A18:S;A22:R,CHEMBL2338675,2
CHEMBL2338675::en3_A9:S;A11:S;A14:S;A18:S;A22:R,CHEMBL2338675,3
CHEMBL2338675::en4_A9:R;A11:R;A14:R;A18:S;A22:R,CHEMBL2338675,4
CHEMBL2347655::en0_A18:R,CHEMBL2347655,0
CHEMBL2347655::en1_A18:S,CHEMBL2347655,1
CHEMBL2354444::en0_A21:R;A28:S;A30:S;A32:S;A34:S;A36:R;A42:S,CHEMBL2354444,0
CHEMBL2354444::en1_A21:S;A28:S;A30:S;A32:S;A34:S;A36:R;A42:S,CHEMBL2354444,1
CHEMBL2354444::en2_A21:R;A28:R;A30:S;A32:S;A34:S;A36:R;A42:S,CHEMBL2354444,2
CHEMBL2354444::en3_A21:S;A28:R;A30:S;A32:S;A34:S;A36:R;A42:S,CHEMBL2354444,3
CHEMBL2354444::en4_A21:R;A28:S;A30:R;A32:S;A34:S;A36:R;A42:S,CHEMBL2354444,4
CHEMBL23550::en0_A9:R;A11:S;A14:S,CHEMBL23550,0
CHEMBL23550::en1_A9:S;A11:S;A14:S,CHEMBL23550,1
CHEMBL23550::en2_A9:R;A11:R;A14:S,CHEMBL23550,2
CHEMBL23550::en3_A9:S;A11:R;A14:S,CHEMBL23550,3
CHEMBL23550::en4_A9:R;A11:S;A14:R,CHEMBL23550,4
CHEMBL2356023::en0_A3:S;A7:S;A9:S;A12:R;A18:R;A22:S;A27:R,CHEMBL2356023,0
CHEMBL2356023::en1_A3:R;A7:S;A9:S;A12:R;A18:R;A22:S;A27:R,CHEMBL2356023,1
CHEMBL2356023::en2_A3:S;A7:R;A9:S;A12:R;A18:R;A22:S;A27:R,CHEMBL2356023,2
CHEMBL2356023::en3_A3:R;A7:R;A9:S;A12:R;A18:R;A22:S;A27:R,CHEMBL2356023,3
CHEMBL2356023::en4_A3:S;A7:S;A9:R;A12:R;A18:R;A22:S;A27:R,CHEMBL2356023,4
CHEMBL2361641::en0_A2:S;A4:R;A6:S;A7:R;A10:S;A12:S;A17:S;A19:R;A21:R;A24:S;A26:S;A38:S;A42:R;A44:S;A51:R;A53:S;A56:R;A60:R;A62:R,CHEMBL2361641,0
CHEMBL2361641::en1_A2:R;A4:R;A6:S;A7:S;A10:R;A12:R;A17:R;A19:R;A21:S;A24:R;A26:S;A38:S;A42:R;A44:R;A51:R;A53:S;A56:S;A60:S;A62:S,CHEMBL2361641,1
CHEMBL2361641::en2_A2:S;A4:S;A6:S;A7:S;A10:S;A12:R;A17:R;A19:S;A21:R;A24:S;A26:S;A38:R;A42:S;A44:S;A51:S;A53:S;A56:R;A60:S;A62:R,CHEMBL2361641,2
CHEMBL2361641::en3_A2:R;A4:S;A6:R;A7:S;A10:R;A12:R;A17:S;A19:S;A21:R;A24:S;A26:R;A38:S;A42:R;A44:R;A51:R;A53:S;A56:S;A60:S;A62:S,CHEMBL2361641,3
CHEMBL2361641::en4_A2:R;A4:R;A6:S;A7:R;A10:S;A12:S;A17:S;A19:R;A21:S;A24:R;A26:S;A38:R;A42:R;A44:S;A51:R;A53:S;A56:R;A60:S;A62:S,CHEMBL2361641,4
CHEMBL236297::en0_A2:R;A6:S;A51:S;A53:S;A55:R;A57:S;A59:R;A61:R;A66:S,CHEMBL236297,0
CHEMBL236297::en1_A2:R;A6:R;A51:R;A53:R;A55:S;A57:R;A59:R;A61:S;A66:S,CHEMBL236297,1
CHEMBL236297::en2_A2:R;A6:R;A51:S;A53:S;A55:S;A57:S;A59:R;A61:R;A66:R,CHEMBL236297,2
CHEMBL236297::en3_A2:R;A6:R;A51:R;A53:R;A55:S;A57:R;A59:S;A61:S;A66:R,CHEMBL236297,3
CHEMBL236297::en4_A2:R;A6:S;A51:R;A53:R;A55:S;A57:R;A59:S;A61:S;A66:S,CHEMBL236297,4
CHEMBL2364605::en0_A3:R;A12:R,CHEMBL2364605,0
CHEMBL2364605::en1_A3:S;A12:S,CHEMBL2364605,1
CHEMBL2364612::en0_A8:R;A9:S;A12:S;A22:R;A25:S,CHEMBL2364612,0
CHEMBL2364612::en1_A8:S;A9:S;A12:S;A22:R;A25:S,CHEMBL2364612,1
CHEMBL2364612::en2_A8:R;A9:R;A12:S;A22:R;A25:S,CHEMBL2364612,2
CHEMBL2364612::en3_A8:S;A9:R;A12:S;A22:R;A25:S,CHEMBL2364612,3
CHEMBL2364612::en4_A8:R;A9:S;A12:R;A22:R;A25:S,CHEMBL2364612,4
CHEMBL2364614::en0_A16:S,CHEMBL2364614,0
CHEMBL2364614::en1_A16:R,CHEMBL2364614,1
CHEMBL2364615::en0_A21:S,CHEMBL2364615,0
CHEMBL2364615::en1_A21:R,CHEMBL2364615,1
CHEMBL2364624::en0_A4:S;A7:S,CHEMBL2364624,0
CHEMBL2364624::en1_A4:R;A7:R,CHEMBL2364624,1
CHEMBL2364638::en0_A1:R;A2:S;A10:S;A21:R,CHEMBL2364638,0
CHEMBL2364638::en1_A1:S;A2:S;A10:S;A21:R,CHEMBL2364638,1
CHEMBL2364638::en2_A1:R;A2:R;A10:S;A21:R,CHEMBL2364638,2
CHEMBL2364638::en3_A1:S;A2:R;A10:S;A21:R,CHEMBL2364638,3
CHEMBL2364638::en4_A1:R;A2:S;A10:R;A21:R,CHEMBL2364638,4
CHEMBL236593::en0_A3:R;A6:R,CHEMBL236593,0
CHEMBL236593::en1_A3:S;A6:R,CHEMBL236593,1
CHEMBL236593::en2_A3:R;A6:S,CHEMBL236593,2
CHEMBL236593::en3_A3:S;A6:S,CHEMBL236593,3
CHEMBL236687::en0_A3:S,CHEMBL236687,0
CHEMBL236687::en1_A3:R,CHEMBL236687,1
CHEMBL2367736::en0_A15:S;A17:S;A23:R;A25:R;A36:S,CHEMBL2367736,0
CHEMBL2367736::en1_A15:R;A17:S;A23:R;A25:R;A36:S,CHEMBL2367736,1
CHEMBL2367736::en2_A15:S;A17:R;A23:R;A25:R;A36:S,CHEMBL2367736,2
CHEMBL2367736::en3_A15:R;A17:R;A23:R;A25:R;A36:S,CHEMBL2367736,3
CHEMBL2367736::en4_A15:S;A17:S;A23:S;A25:R;A36:S,CHEMBL2367736,4
CHEMBL2368199::en0_A24:S;A26:S,CHEMBL2368199,0
CHEMBL2368199::en1_A24:R;A26:S,CHEMBL2368199,1
CHEMBL2368199::en2_A24:S;A26:R,CHEMBL2368199,2
CHEMBL2368199::en3_A24:R;A26:R,CHEMBL2368199,3
CHEMBL2368199::en4_A24:S;A26:S,CHEMBL2368199,4
CHEMBL2368925::en0_A3:R;A5:S;A7:R;A9:S,CHEMBL2368925,0
CHEMBL237111::en0_A4:R;A7:R;A9:R;A12:R;A14:S;A19:S;A20:S;A22:S;A26:S;A30:R;A32:S,CHEMBL237111,0
CHEMBL237111::en1_A4:R;A7:S;A9:S;A12:R;A14:R;A19:S;A20:S;A22:S;A26:R;A30:S;A32:S,CHEMBL237111,1
CHEMBL237111::en2_A4:S;A7:R;A9:R;A12:R;A14:S;A19:S;A20:R;A22:R;A26:R;A30:R;A32:S,CHEMBL237111,2
CHEMBL237111::en3_A4:S;A7:R;A9:R;A12:S;A14:R;A19:R;A20:R;A22:S;A26:S;A30:R;A32:S,CHEMBL237111,3
CHEMBL237111::en4_A4:R;A7:R;A9:S;A12:R;A14:S;A19:S;A20:R;A22:R;A26:R;A30:R;A32:R,CHEMBL237111,4
CHEMBL237500::en0_A10:S,CHEMBL237500,0
CHEMBL237500::en1_A10:R,CHEMBL237500,1
CHEMBL2375142::en0_A9:S;A13:R;A26:S,CHEMBL2375142,0
CHEMBL2375142::en1_A9:R;A13:R;A26:S,CHEMBL2375142,1
CHEMBL2375142::en2_A9:S;A13:S;A26:S,CHEMBL2375142,2
CHEMBL2375142::en3_A9:R;A13:S;A26:S,CHEMBL2375142,3
CHEMBL2375142::en4_A9:S;A13:R;A26:R,CHEMBL2375142,4
CHEMBL238071::en0_A2:S;A5:R;A19:R;A34:S;A35:R;A40:R;A42:R;A51:S;A52:R,CHEMBL238071,0
CHEMBL238071::en1_A2:R;A5:R;A19:R;A34:S;A35:R;A40:R;A42:R;A51:S;A52:R,CHEMBL238071,1
CHEMBL238071::en2_A2:S;A5:S;A19:R;A34:S;A35:R;A40:R;A42:R;A51:S;A52:R,CHEMBL238071,2
CHEMBL238071::en3_A2:R;A5:S;A19:R;A34:S;A35:R;A40:R;A42:R;A51:S;A52:R,CHEMBL238071,3
CHEMBL238071::en4_A2:S;A5:R;A19:R;A34:S;A35:R;A40:R;A42:R;A51:S;A52:R,CHEMBL238071,4
CHEMBL2381408::en0_A5:S;A7:S;A11:S;A14:R;A18:S;A27:R,CHEMBL2381408,0
CHEMBL2381408::en1_A5:R;A7:S;A11:S;A14:R;A18:S;A27:R,CHEMBL2381408,1
CHEMBL2381408::en2_A5:S;A7:R;A11:S;A14:S;A18:S;A27:R,CHEMBL2381408,2
CHEMBL2381408::en3_A5:R;A7:R;A11:S;A14:S;A18:S;A27:R,CHEMBL2381408,3
CHEMBL2381408::en4_A5:S;A7:S;A11:R;A14:S;A18:S;A27:R,CHEMBL2381408,4
CHEMBL2381848::en0_A3:S,CHEMBL2381848,0
CHEMBL2381848::en1_A3:R,CHEMBL2381848,1
CHEMBL238465::en0_A6:S;A9:S,CHEMBL238465,0
CHEMBL238465::en1_A6:R;A9:S,CHEMBL238465,1
CHEMBL238465::en2_A6:S;A9:R,CHEMBL238465,2
CHEMBL238465::en3_A6:R;A9:R,CHEMBL238465,3
CHEMBL2386558::en0_A5:R;A7:S,CHEMBL2386558,0
CHEMBL2386558::en1_A5:S;A7:S,CHEMBL2386558,1
CHEMBL2386558::en2_A5:R;A7:R,CHEMBL2386558,2
CHEMBL2386558::en3_A5:S;A7:R,CHEMBL2386558,3
CHEMBL2387408::en0_A4:R;A30:S,CHEMBL2387408,0
CHEMBL2387408::en1_A4:S;A30:S,CHEMBL2387408,1
CHEMBL2387408::en2_A4:R;A30:R,CHEMBL2387408,2
CHEMBL2387408::en3_A4:S;A30:R,CHEMBL2387408,3
CHEMBL2387742::en0_A3:R;A9:S,CHEMBL2387742,0
CHEMBL2387742::en1_A3:S;A9:S,CHEMBL2387742,1
CHEMBL2387742::en2_A3:R;A9:R,CHEMBL2387742,2
CHEMBL2387742::en3_A3:S;A9:R,CHEMBL2387742,3
CHEMBL2396661::en0_A11:R,CHEMBL2396661,0
CHEMBL2396661::en1_A11:S,CHEMBL2396661,1
CHEMBL2396989::en0_A3:R;A24:R,CHEMBL2396989,0
CHEMBL2396989::en1_A3:S;A24:R,CHEMBL2396989,1
CHEMBL2396989::en2_A3:R;A24:S,CHEMBL2396989,2
CHEMBL2396989::en3_A3:S;A24:S,CHEMBL2396989,3
CHEMBL2397415::en0_A5:S,CHEMBL2397415,0
CHEMBL2397415::en1_A5:R,CHEMBL2397415,1
CHEMBL2397450::en0_A2:S;A4:R;A23:R;A25:S;A27:S,CHEMBL2397450,0
CHEMBL2397450::en1_A2:R;A4:R;A23:R;A25:S;A27:S,CHEMBL2397450,1
CHEMBL2397450::en2_A2:S;A4:S;A23:R;A25:S;A27:S,CHEMBL2397450,2
CHEMBL2397450::en3_A2:R;A4:S;A23:R;A25:S;A27:S,CHEMBL2397450,3
CHEMBL2397450::en4_A2:S;A4:R;A23:S;A25:S;A27:S,CHEMBL2397450,4
CHEMBL240163::en0_A1:R,CHEMBL240163,0
CHEMBL240163::en1_A1:S,CHEMBL240163,1
CHEMBL2402737::en0_A14:R;A16:R;A22:R;A33:R,CHEMBL2402737,0
CHEMBL2402737::en1_A14:S;A16:R;A22:R;A33:R,CHEMBL2402737,1
CHEMBL2402737::en2_A14:R;A16:S;A22:R;A33:R,CHEMBL2402737,2
CHEMBL2402737::en3_A14:S;A16:S;A22:R;A33:R,CHEMBL2402737,3
CHEMBL2402737::en4_A14:R;A16:R;A22:S;A33:R,CHEMBL2402737,4
CHEMBL2403238::en0_A1:R;A4:R,CHEMBL2403238,0
CHEMBL2403238::en1_A1:S;A4:R,CHEMBL2403238,1
CHEMBL2403238::en2_A1:R;A4:S,CHEMBL2403238,2
CHEMBL2403238::en3_A1:S;A4:S,CHEMBL2403238,3
CHEMBL24038::en0_A3:R,CHEMBL24038,0
CHEMBL24038::en1_A3:S,CHEMBL24038,1
CHEMBL240597::en0_A1:R;A7:S;A10:R;A11:R;A12:R;A15:S;A17:R;A21:S;A23:R;A26:R,CHEMBL240597,0
CHEMBL240597::en1_A1:S;A7:S;A10:R;A11:R;A12:R;A15:S;A17:R;A21:S;A23:R;A26:R,CHEMBL240597,1
CHEMBL240597::en2_A1:R;A7:R;A10:R;A11:R;A12:R;A15:S;A17:R;A21:S;A23:R;A26:R,CHEMBL240597,2
CHEMBL240597::en3_A1:S;A7:R;A10:R;A11:R;A12:R;A15:S;A17:R;A21:S;A23:R;A26:R,CHEMBL240597,3
CHEMBL240597::en4_A1:R;A7:S;A10:S;A11:R;A12:R;A15:S;A17:R;A21:S;A23:R;A26:R,CHEMBL240597,4
CHEMBL240773::en0_A7:R;A15:S,CHEMBL240773,0
CHEMBL240773::en1_A7:S;A15:S,CHEMBL240773,1
CHEMBL240773::en2_A7:R;A15:R,CHEMBL240773,2
CHEMBL240773::en3_A7:S;A15:R,CHEMBL240773,3
CHEMBL241694::en0_A2:R;A6:R;A7:R;A16:R;A18:R;A21:S,CHEMBL241694,0
CHEMBL241694::en1_A2:S;A6:R;A7:R;A16:R;A18:R;A21:S,CHEMBL241694,1
CHEMBL241694::en2_A2:R;A6:S;A7:R;A16:R;A18:R;A21:S,CHEMBL241694,2
CHEMBL241694::en3_A2:S;A6:S;A7:R;A16:R;A18:R;A21:S,CHEMBL241694,3
CHEMBL241694::en4_A2:R;A6:R;A7:S;A16:R;A18:R;A21:S,CHEMBL241694,4
CHEMBL242338::en0_A4:R;A5:R;A14:R;A17:S,CHEMBL242338,0
CHEMBL2426701::en0_A5:S;A7:S,CHEMBL2426701,0
CHEMBL2426701::en1_A5:R;A7:R,CHEMBL2426701,1
CHEMBL242948::en0_A6:R,CHEMBL242948,0
CHEMBL242948::en1_A6:S,CHEMBL242948,1
CHEMBL2431768::en0_A2:R;A7:S;A14:R,CHEMBL2431768,0
CHEMBL2431768::en1_A2:S;A7:S;A14:R,CHEMBL2431768,1
CHEMBL2431768::en2_A2:R;A7:R;A14:R,CHEMBL2431768,2
CHEMBL2431768::en3_A2:S;A7:R;A14:R,CHEMBL2431768,3
CHEMBL2431768::en4_A2:R;A7:S;A14:S,CHEMBL2431768,4
CHEMBL243716::en0_A12:S;A15:R,CHEMBL243716,0
CHEMBL243716::en1_A12:R;A15:R,CHEMBL243716,1
CHEMBL243716::en2_A12:S;A15:S,CHEMBL243716,2
CHEMBL243716::en3_A12:R;A15:S,CHEMBL243716,3
CHEMBL244243::en0_A1:S;A5:S;A24:R;A30:S;A37:S,CHEMBL244243,0
CHEMBL244243::en1_A1:R;A5:S;A24:R;A30:S;A37:S,CHEMBL244243,1
CHEMBL244243::en2_A1:S;A5:R;A24:R;A30:S;A37:S,CHEMBL244243,2
CHEMBL244243::en3_A1:R;A5:R;A24:R;A30:S;A37:S,CHEMBL244243,3
CHEMBL2443262::en0_A11:S,CHEMBL2443262,0
CHEMBL2443262::en1_A11:R,CHEMBL2443262,1
CHEMBL245019::en0_A7:R;A9:R;A12:R;A14:S,CHEMBL245019,0
CHEMBL245019::en1_A7:S;A9:R;A12:R;A14:S,CHEMBL245019,1
CHEMBL245019::en2_A7:R;A9:S;A12:R;A14:S,CHEMBL245019,2
CHEMBL245019::en3_A7:S;A9:S;A12:R;A14:S,CHEMBL245019,3
CHEMBL245019::en4_A7:R;A9:R;A12:S;A14:S,CHEMBL245019,4
CHEMBL246600::en0_A7:S,CHEMBL246600,0
CHEMBL246600::en1_A7:R,CHEMBL246600,1
CHEMBL24778::en0_A1:R,CHEMBL24778,0
CHEMBL24778::en1_A1:S,CHEMBL24778,1
CHEMBL247951::en0_A2:S,CHEMBL247951,0
CHEMBL247951::en1_A2:R,CHEMBL247951,1
CHEMBL248095::en0_A4:S;A5:S;A16:R,CHEMBL248095,0
CHEMBL248095::en1_A4:R;A5:S;A16:R,CHEMBL248095,1
CHEMBL248095::en2_A4:S;A5:R;A16:R,CHEMBL248095,2
CHEMBL248095::en3_A4:R;A5:R;A16:R,CHEMBL248095,3
CHEMBL248095::en4_A4:S;A5:S;A16:S,CHEMBL248095,4
CHEMBL248702::en0_A3:R,CHEMBL248702,0
CHEMBL248702::en1_A3:S,CHEMBL248702,1
CHEMBL24955::en0_A6:R;A16:S,CHEMBL24955,0
CHEMBL24955::en1_A6:S;A16:S,CHEMBL24955,1
CHEMBL24955::en2_A6:R;A16:R,CHEMBL24955,2
CHEMBL24955::en3_A6:S;A16:R,CHEMBL24955,3
CHEMBL250172::en0_A1:S;A4:S;A7:S;A10:R;A11:S;A14:R;A16:S;A25:S;A27:R,CHEMBL250172,0
CHEMBL250172::en1_A1:R;A4:S;A7:S;A10:R;A11:S;A14:R;A16:S;A25:S;A27:R,CHEMBL250172,1
CHEMBL250172::en2_A1:S;A4:R;A7:S;A10:R;A11:S;A14:R;A16:S;A25:S;A27:R,CHEMBL250172,2
CHEMBL250172::en3_A1:R;A4:R;A7:S;A10:R;A11:S;A14:R;A16:S;A25:S;A27:R,CHEMBL250172,3
CHEMBL250172::en4_A1:S;A4:S;A7:R;A10:R;A11:S;A14:R;A16:S;A25:S;A27:R,CHEMBL250172,4
CHEMBL250450::en0_A4:S;A6:R;A9:R;A11:S;A13:S,CHEMBL250450,0
CHEMBL250450::en1_A4:R;A6:R;A9:R;A11:S;A13:S,CHEMBL250450,1
CHEMBL250450::en2_A4:S;A6:S;A9:R;A11:S;A13:S,CHEMBL250450,2
CHEMBL250450::en3_A4:R;A6:S;A9:R;A11:S;A13:S,CHEMBL250450,3
CHEMBL250450::en4_A4:S;A6:R;A9:S;A11:S;A13:S,CHEMBL250450,4
CHEMBL250892::en0_A1:R,CHEMBL250892,0
CHEMBL250892::en1_A1:S,CHEMBL250892,1
CHEMBL251634::en0_A1:R;A3:R;A4:S;A6:S;A14:R;A16:R;A17:R;A20:S;A22:R,CHEMBL251634,0
CHEMBL251634::en1_A1:S;A3:R;A4:S;A6:S;A14:R;A16:R;A17:R;A20:S;A22:R,CHEMBL251634,1
CHEMBL251634::en2_A1:R;A3:S;A4:S;A6:S;A14:R;A16:R;A17:R;A20:S;A22:R,CHEMBL251634,2
CHEMBL251634::en3_A1:S;A3:S;A4:S;A6:S;A14:R;A16:R;A17:R;A20:S;A22:R,CHEMBL251634,3
CHEMBL251634::en4_A1:R;A3:R;A4:R;A6:S;A14:R;A16:R;A17:R;A20:S;A22:R,CHEMBL251634,4
CHEMBL252036::en0_A10:R;A12:R,CHEMBL252036,0
CHEMBL252036::en1_A10:S;A12:R,CHEMBL252036,1
CHEMBL252036::en2_A10:R;A12:S,CHEMBL252036,2
CHEMBL252036::en3_A10:S;A12:S,CHEMBL252036,3
CHEMBL252059::en0_A5:R;A7:S;A11:R;A13:S;A26:R;A29:S;A32:R;A35:S;A38:R;A41:S;A44:R,CHEMBL252059,0
CHEMBL252059::en1_A5:R;A7:R;A11:S;A13:S;A26:R;A29:R;A32:S;A35:S;A38:S;A41:S;A44:R,CHEMBL252059,1
CHEMBL252059::en2_A5:S;A7:S;A11:R;A13:R;A26:S;A29:S;A32:R;A35:S;A38:S;A41:S;A44:R,CHEMBL252059,2
CHEMBL252059::en3_A5:R;A7:S;A11:S;A13:R;A26:S;A29:R;A32:S;A35:S;A38:S;A41:S;A44:R,CHEMBL252059,3
CHEMBL252059::en4_A5:S;A7:S;A11:S;A13:R;A26:S;A29:R;A32:R;A35:R;A38:S;A41:R;A44:S,CHEMBL252059,4
CHEMBL252312::en0_A5:R,CHEMBL252312,0
CHEMBL252312::en1_A5:S,CHEMBL252312,1
CHEMBL25263::en0_A3:S;A20:R,CHEMBL25263,0
CHEMBL25263::en1_A3:R;A20:R,CHEMBL25263,1
CHEMBL25263::en2_A3:S;A20:S,CHEMBL25263,2
CHEMBL253144::en0_A1:R;A10:R;A11:S;A14:R;A16:R;A19:R,CHEMBL253144,0
CHEMBL253144::en1_A1:S;A10:R;A11:S;A14:R;A16:R;A19:R,CHEMBL253144,1
CHEMBL253144::en2_A1:R;A10:S;A11:S;A14:R;A16:R;A19:R,CHEMBL253144,2
CHEMBL253144::en3_A1:S;A10:S;A11:S;A14:R;A16:R;A19:R,CHEMBL253144,3
CHEMBL253144::en4_A1:R;A10:R;A11:R;A14:R;A16:R;A19:R,CHEMBL253144,4
CHEMBL253363::en0_A3:R;A6:R;A7:S;A12:R;A16:R;A18:R;A21:S,CHEMBL253363,0
CHEMBL253363::en1_A3:S;A6:R;A7:S;A12:R;A16:R;A18:R;A21:S,CHEMBL253363,1
CHEMBL253363::en2_A3:R;A6:S;A7:S;A12:R;A16:R;A18:R;A21:S,CHEMBL253363,2
CHEMBL253363::en3_A3:S;A6:S;A7:S;A12:R;A16:R;A18:R;A21:S,CHEMBL253363,3
CHEMBL253363::en4_A3:R;A6:R;A7:R;A12:R;A16:R;A18:R;A21:S,CHEMBL253363,4
CHEMBL254219::en0_A1:S;A3:S;A5:R;A6:S;A9:S;A11:S;A12:R;A15:S;A17:R;A20:R;A22:S;A25:R;A26:S;A29:R;A31:S;A40:R;A44:R;A47:R;A50:S;A52:R,CHEMBL254219,0
CHEMBL254219::en1_A1:S;A3:S;A5:R;A6:S;A9:S;A11:R;A12:R;A15:R;A17:R;A20:R;A22:R;A25:R;A26:S;A29:R;A31:S;A40:S;A44:R;A47:S;A50:R;A52:R,CHEMBL254219,1
CHEMBL254219::en2_A1:S;A3:R;A5:R;A6:S;A9:R;A11:S;A12:R;A15:R;A17:R;A20:S;A22:S;A25:R;A26:R;A29:R;A31:R;A40:S;A44:R;A47:S;A50:S;A52:R,CHEMBL254219,2
CHEMBL254219::en3_A1:R;A3:S;A5:S;A6:R;A9:S;A11:R;A12:S;A15:S;A17:R;A20:R;A22:S;A25:S;A26:R;A29:S;A31:R;A40:R;A44:R;A47:R;A50:R;A52:R,CHEMBL254219,3
CHEMBL254219::en4_A1:R;A3:S;A5:R;A6:R;A9:R;A11:R;A12:S;A15:S;A17:S;A20:R;A22:S;A25:R;A26:S;A29:S;A31:S;A40:S;A44:S;A47:S;A50:S;A52:R,CHEMBL254219,4
CHEMBL254328::en0_A1:R;A4:S;A10:R;A11:S;A14:S;A25:R,CHEMBL254328,0
CHEMBL254328::en1_A1:S;A4:S;A10:R;A11:S;A14:S;A25:R,CHEMBL254328,1
CHEMBL254328::en2_A1:R;A4:R;A10:R;A11:S;A14:S;A25:R,CHEMBL254328,2
CHEMBL254328::en3_A1:S;A4:R;A10:R;A11:S;A14:S;A25:R,CHEMBL254328,3
CHEMBL254328::en4_A1:R;A4:S;A10:S;A11:S;A14:S;A25:R,CHEMBL254328,4
CHEMBL256105::en0_A2:R;A3:S;A5:S;A6:R;A8:S;A12:S;A15:R;A18:S;A22:R;A23:S;A27:R;A29:R;A31:S;A33:S;A34:R;A36:R;A39:S,CHEMBL256105,0
CHEMBL256105::en1_A2:S;A3:R;A5:S;A6:R;A8:R;A12:S;A15:R;A18:R;A22:R;A23:R;A27:R;A29:R;A31:S;A33:S;A34:R;A36:R;A39:S,CHEMBL256105,1
CHEMBL256105::en2_A2:R;A3:S;A5:R;A6:S;A8:S;A12:R;A15:R;A18:R;A22:R;A23:R;A27:R;A29:R;A31:R;A33:R;A34:S;A36:R;A39:S,CHEMBL256105,2
CHEMBL256105::en3_A2:S;A3:R;A5:S;A6:R;A8:S;A12:R;A15:R;A18:R;A22:R;A23:S;A27:S;A29:S;A31:S;A33:S;A34:R;A36:S;A39:S,CHEMBL256105,3
CHEMBL256105::en4_A2:R;A3:R;A5:R;A6:S;A8:R;A12:S;A15:R;A18:S;A22:S;A23:R;A27:R;A29:R;A31:R;A33:R;A34:R;A36:S;A39:S,CHEMBL256105,4
CHEMBL256563::en0_A1:S,CHEMBL256563,0
CHEMBL256563::en1_A1:R,CHEMBL256563,1
CHEMBL257661::en0_A1:S;A2:S;A11:R,CHEMBL257661,0
CHEMBL257661::en1_A1:S;A2:R;A11:R,CHEMBL257661,1
CHEMBL257661::en2_A1:R;A2:R;A11:R,CHEMBL257661,2
CHEMBL257661::en3_A1:S;A2:S;A11:S,CHEMBL257661,3
CHEMBL257662::en0_A23:R,CHEMBL257662,0
CHEMBL257662::en1_A23:S,CHEMBL257662,1
CHEMBL258501::en0_A1:R;A15:S;A19:S,CHEMBL258501,0
CHEMBL258501::en1_A1:S;A15:S;A19:S,CHEMBL258501,1
CHEMBL258501::en2_A1:R;A15:R;A19:S,CHEMBL258501,2
CHEMBL258501::en3_A1:S;A15:R;A19:S,CHEMBL258501,3
CHEMBL258501::en4_A1:R;A15:S;A19:R,CHEMBL258501,4
CHEMBL258734::en0_A8:R;A16:S;A18:S;A31:S;A33:S,CHEMBL258734,0
CHEMBL258734::en1_A8:S;A16:S;A18:S;A31:S;A33:S,CHEMBL258734,1
CHEMBL258734::en2_A8:R;A16:R;A18:S;A31:S;A33:S,CHEMBL258734,2
CHEMBL258734::en3_A8:S;A16:R;A18:S;A31:S;A33:S,CHEMBL258734,3
CHEMBL258734::en4_A8:R;A16:S;A18:R;A31:S;A33:S,CHEMBL258734,4
CHEMBL258918::en0_A1:R;A6:S;A9:S;A10:S;A13:S;A15:R;A19:S;A20:R,CHEMBL258918,0
CHEMBL258918::en1_A1:S;A6:S;A9:S;A10:S;A13:S;A15:R;A19:S;A20:R,CHEMBL258918,1
CHEMBL258918::en2_A1:R;A6:R;A9:S;A10:S;A13:S;A15:R;A19:S;A20:R,CHEMBL258918,2
CHEMBL258918::en3_A1:S;A6:R;A9:S;A10:S;A13:S;A15:R;A19:S;A20:R,CHEMBL258918,3
CHEMBL258918::en4_A1:R;A6:S;A9:R;A10:S;A13:S;A15:R;A19:S;A20:R,CHEMBL258918,4
CHEMBL259548::en0_A1:R;A9:R;A11:R;A14:R;A16:R;A19:S;A22:R,CHEMBL259548,0
CHEMBL259548::en1_A1:S;A9:R;A11:R;A14:R;A16:R;A19:S;A22:R,CHEMBL259548,1
CHEMBL259548::en2_A1:R;A9:S;A11:R;A14:R;A16:R;A19:S;A22:R,CHEMBL259548,2
CHEMBL259548::en3_A1:S;A9:S;A11:R;A14:R;A16:R;A19:S;A22:R,CHEMBL259548,3
CHEMBL259548::en4_A1:R;A9:R;A11:S;A14:R;A16:R;A19:S;A22:R,CHEMBL259548,4
CHEMBL259898::en0_A1:R;A4:S;A14:R;A15:S;A18:S;A24:R,CHEMBL259898,0
CHEMBL259898::en1_A1:S;A4:S;A14:R;A15:S;A18:S;A24:R,CHEMBL259898,1
CHEMBL259898::en2_A1:R;A4:R;A14:R;A15:S;A18:S;A24:R,CHEMBL259898,2
CHEMBL259898::en3_A1:S;A4:R;A14:R;A15:S;A18:S;A24:R,CHEMBL259898,3
CHEMBL259898::en4_A1:R;A4:S;A14:S;A15:S;A18:S;A24:R,CHEMBL259898,4
CHEMBL261514::en0_A1:S;A7:S;A10:R;A11:S;A14:R;A16:R;A19:S,CHEMBL261514,0
CHEMBL261514::en1_A1:R;A7:S;A10:R;A11:S;A14:R;A16:R;A19:S,CHEMBL261514,1
CHEMBL261514::en2_A1:S;A7:R;A10:R;A11:S;A14:R;A16:R;A19:S,CHEMBL261514,2
CHEMBL261514::en3_A1:R;A7:R;A10:R;A11:S;A14:R;A16:R;A19:S,CHEMBL261514,3
CHEMBL261514::en4_A1:S;A7:S;A10:S;A11:S;A14:R;A16:R;A19:S,CHEMBL261514,4
CHEMBL261772::en0_A1:R;A12:S;A13:S;A15:S;A19:R;A23:R;A25:S;A29:S;A30:S;A32:S;A34:R;A37:R;A38:S;A45:S,CHEMBL261772,0
CHEMBL261772::en1_A17:R;A19:R;A30:S;A32:R;A43:R;A45:S,CHEMBL261772,1
CHEMBL261772::en2_A12:S;A13:R;A15:R;A23:R;A25:R;A29:R;A30:S;A32:S;A36:S;A37:R;A38:S;A45:R,CHEMBL261772,2
CHEMBL261772::en3_A9:S;A13:R;A15:S;A29:R;A37:R,CHEMBL261772,3
CHEMBL261772::en4_A9:S;A12:R;A13:R;A15:S;A23:R;A29:S;A30:R;A32:R;A34:R;A36:R;A37:S;A38:S;A43:R,CHEMBL261772,4
CHEMBL261814::en0_A2:R;A3:S;A5:S;A6:R;A8:S;A12:S;A15:R;A18:S;A22:R;A23:S;A27:R;A29:R;A31:S;A33:S;A34:R;A36:R;A39:S,CHEMBL261814,0
CHEMBL261814::en1_A2:S;A3:R;A5:S;A6:R;A8:R;A12:S;A15:R;A18:R;A22:R;A23:R;A27:R;A29:R;A31:S;A33:S;A34:R;A36:R;A39:S,CHEMBL261814,1
CHEMBL261814::en2_A2:R;A3:S;A5:R;A6:S;A8:S;A12:R;A15:R;A18:R;A22:R;A23:R;A27:R;A29:R;A31:R;A33:R;A34:S;A36:R;A39:S,CHEMBL261814,2
CHEMBL261814::en3_A2:S;A3:R;A5:S;A6:R;A8:S;A12:R;A15:R;A18:R;A22:R;A23:S;A27:S;A29:S;A31:S;A33:S;A34:R;A36:S;A39:S,CHEMBL261814,3
CHEMBL261814::en4_A2:R;A3:R;A5:R;A6:S;A8:R;A12:S;A15:R;A18:S;A22:S;A23:R;A27:R;A29:R;A31:R;A33:R;A34:R;A36:S;A39:S,CHEMBL261814,4
CHEMBL261932::en0_A3:S,CHEMBL261932,0
CHEMBL261932::en1_A3:R,CHEMBL261932,1
CHEMBL262344::en0_A2:R,CHEMBL262344,0
CHEMBL262344::en1_A2:S,CHEMBL262344,1
CHEMBL262344::en2_A2:R,CHEMBL262344,2
CHEMBL262344::en3_A2:S,CHEMBL262344,3
CHEMBL262777::en0_A2:R;A10:S;A14:R;A22:R;A26:R;A30:R;A34:S;A53:R;A70:R;A72:R;A75:S;A77:S;A79:S;A81:R;A83:R;A86:R;A88:S;A99:S,CHEMBL262777,0
CHEMBL262777::en1_A2:R;A10:R;A14:R;A22:S;A26:R;A30:R;A34:R;A53:R;A70:S;A72:S;A75:R;A77:R;A79:R;A81:S;A83:S;A86:S;A88:R;A99:S,CHEMBL262777,1
CHEMBL262777::en2_A2:S;A10:R;A14:S;A22:S;A26:S;A30:S;A34:S;A53:R;A70:S;A72:R;A75:R;A77:R;A79:S;A81:S;A83:R;A86:S;A88:R;A99:S,CHEMBL262777,2
CHEMBL262777::en3_A2:R;A10:S;A14:S;A22:R;A26:S;A30:S;A34:S;A53:R;A70:R;A72:S;A75:S;A77:S;A79:S;A81:R;A83:R;A86:R;A88:R;A99:R,CHEMBL262777,3
CHEMBL262777::en4_A2:R;A10:S;A14:R;A22:R;A26:R;A30:S;A34:S;A53:R;A70:S;A72:S;A75:R;A77:S;A79:R;A81:S;A83:R;A86:R;A88:R;A99:S,CHEMBL262777,4
CHEMBL263881::en0_A7:R;A20:S,CHEMBL263881,0
CHEMBL263881::en1_A7:S;A20:S,CHEMBL263881,1
CHEMBL263881::en2_A7:R;A20:R,CHEMBL263881,2
CHEMBL263881::en3_A7:S;A20:R,CHEMBL263881,3
CHEMBL263886::en0_A2:S;A6:S;A10:S;A12:S;A14:S;A16:R;A19:R;A23:S;A25:R;A28:S;A35:R;A37:S;A57:S,CHEMBL263886,0
CHEMBL263886::en1_A2:S;A6:R;A10:R;A12:R;A14:S;A16:S;A19:S;A23:S;A25:R;A28:R;A35:S;A37:R;A57:R,CHEMBL263886,1
CHEMBL263886::en2_A2:S;A6:S;A10:S;A12:S;A14:S;A16:S;A19:R;A23:R;A25:R;A28:R;A35:S;A37:R;A57:S,CHEMBL263886,2
CHEMBL263886::en3_A2:R;A6:R;A10:R;A12:S;A14:S;A16:S;A19:R;A23:S;A25:R;A28:S;A35:R;A37:S;A57:R,CHEMBL263886,3
CHEMBL263886::en4_A2:S;A6:R;A10:R;A12:R;A14:R;A16:R;A19:R;A23:R;A25:R;A28:S;A35:R;A37:S;A57:S,CHEMBL263886,4
CHEMBL264241::en0_A21:S;A23:R;A25:R;A30:S;A31:S;A33:S;A39:S;A40:S;A46:R;A47:R;A49:R;A61:R;A63:R;A69:R;A70:S,CHEMBL264241,0
CHEMBL264241::en1_A21:R;A23:R;A25:R;A30:S;A31:R;A33:R;A39:R;A40:S;A46:S;A47:R;A49:S;A61:R;A63:S;A69:S;A70:R,CHEMBL264241,1
CHEMBL264241::en2_A21:R;A23:S;A25:R;A30:S;A31:S;A33:S;A39:S;A40:R;A46:R;A47:S;A49:R;A61:S;A63:S;A69:S;A70:S,CHEMBL264241,2
CHEMBL264241::en3_A21:R;A23:R;A25:S;A30:S;A31:S;A33:S;A39:S;A40:R;A46:S;A47:S;A49:R;A61:S;A63:S;A69:R;A70:R,CHEMBL264241,3
CHEMBL264241::en4_A21:R;A23:S;A25:S;A30:S;A31:R;A33:R;A39:S;A40:R;A46:S;A47:S;A49:R;A61:S;A63:R;A69:R;A70:R,CHEMBL264241,4
CHEMBL266125::en0_A14:R,CHEMBL266125,0
CHEMBL266125::en1_A14:S,CHEMBL266125,1
CHEMBL266349::en0_A11:S;A17:R,CHEMBL266349,0
CHEMBL266349::en1_A11:R;A17:R,CHEMBL266349,1
CHEMBL266349::en2_A11:S;A17:S,CHEMBL266349,2
CHEMBL266349::en3_A11:R;A17:S,CHEMBL266349,3
CHEMBL266497::en0_A5:R,CHEMBL266497,0
CHEMBL266497::en1_A5:S,CHEMBL266497,1
CHEMBL266510::en0_A9:S,CHEMBL266510,0
CHEMBL266510::en1_A9:R,CHEMBL266510,1
CHEMBL267225::en0_A1:R;A2:R;A6:S;A10:S;A15:R;A16:S;A20:S;A22:R;A27:S;A30:R;A32:R,CHEMBL267225,0
CHEMBL267225::en1_A1:S;A2:S;A6:R;A10:S;A15:S;A16:R;A20:R;A22:R;A27:R;A30:R;A32:S,CHEMBL267225,1
CHEMBL267225::en2_A1:R;A2:R;A6:S;A10:S;A15:R;A16:S;A20:R;A22:R;A27:S;A30:R;A32:R,CHEMBL267225,2
CHEMBL267225::en3_A1:S;A2:S;A6:S;A10:R;A15:R;A16:S;A20:R;A22:S;A27:R;A30:S;A32:S,CHEMBL267225,3
CHEMBL267225::en4_A1:S;A2:S;A6:S;A10:R;A15:S;A16:R;A20:S;A22:R;A27:S;A30:S;A32:R,CHEMBL267225,4
CHEMBL267495::en0_A11:R;A14:R;A16:S;A25:R;A33:S,CHEMBL267495,0
CHEMBL267495::en1_A11:S;A14:R;A16:S;A25:R;A33:S,CHEMBL267495,1
CHEMBL267495::en2_A11:R;A14:S;A16:S;A25:R;A33:S,CHEMBL267495,2
CHEMBL267495::en3_A11:S;A14:S;A16:S;A25:R;A33:S,CHEMBL267495,3
CHEMBL269259::en0_A2:S;A10:R;A14:R;A49:S;A65:S;A73:R,CHEMBL269259,0
CHEMBL269259::en1_A2:R;A10:R;A14:R;A49:S;A65:S;A73:R,CHEMBL269259,1
CHEMBL269259::en2_A2:R;A10:S;A14:R;A49:S;A65:S;A73:R,CHEMBL269259,2
CHEMBL269259::en3_A2:S;A10:R;A14:S;A49:S;A65:S;A73:R,CHEMBL269259,3
CHEMBL269446::en0_A15:S,CHEMBL269446,0
CHEMBL269446::en1_A15:R,CHEMBL269446,1
CHEMBL269732::en0_A3:S;A8:R;A11:R;A14:S;A16:S;A27:R;A31:S;A35:S;A38:R;A40:R;A44:R;A46:S;A51:S;A54:R,CHEMBL269732,0
CHEMBL269732::en1_A3:R;A8:R;A11:R;A14:S;A16:R;A27:R;A31:S;A35:S;A38:S;A40:R;A44:R;A46:S;A51:S;A54:S,CHEMBL269732,1
CHEMBL269732::en2_A3:S;A8:R;A11:R;A14:S;A16:R;A27:R;A31:S;A35:R;A38:S;A40:R;A44:R;A46:R;A51:S;A54:R,CHEMBL269732,2
CHEMBL269732::en3_A3:R;A8:R;A11:S;A14:R;A16:R;A27:R;A31:S;A35:S;A38:S;A40:S;A44:S;A46:S;A51:R;A54:S,CHEMBL269732,3
CHEMBL269732::en4_A3:R;A8:S;A11:S;A14:S;A16:S;A27:R;A31:R;A35:S;A38:R;A40:R;A44:S;A46:R;A51:S;A54:S,CHEMBL269732,4
CHEMBL269864::en0_A10:R;A13:S,CHEMBL269864,0
CHEMBL269864::en1_A10:S;A13:S,CHEMBL269864,1
CHEMBL269864::en2_A10:R;A13:R,CHEMBL269864,2
CHEMBL269864::en3_A10:S;A13:R,CHEMBL269864,3
CHEMBL269897::en0_A1:S;A3:R;A6:R;A7:R;A10:R;A12:R;A16:S;A18:R;A21:S,CHEMBL269897,0
CHEMBL269897::en1_A1:R;A3:R;A6:R;A7:R;A10:R;A12:R;A16:S;A18:R;A21:S,CHEMBL269897,1
CHEMBL269897::en2_A1:S;A3:S;A6:R;A7:R;A10:R;A12:R;A16:S;A18:R;A21:S,CHEMBL269897,2
CHEMBL269897::en3_A1:R;A3:S;A6:R;A7:R;A10:R;A12:R;A16:S;A18:R;A21:S,CHEMBL269897,3
CHEMBL269897::en4_A1:S;A3:R;A6:S;A7:R;A10:R;A12:R;A16:S;A18:R;A21:S,CHEMBL269897,4
CHEMBL270190::en0_A1:S;A5:S;A22:S,CHEMBL270190,0
CHEMBL270190::en1_A1:R;A5:S;A22:S,CHEMBL270190,1
CHEMBL270190::en2_A1:S;A5:R;A22:S,CHEMBL270190,2
CHEMBL270190::en3_A1:R;A5:R;A22:S,CHEMBL270190,3
CHEMBL270190::en4_A1:S;A5:S;A22:R,CHEMBL270190,4
CHEMBL270515::en0_A4:R;A8:R;A24:S,CHEMBL270515,0
CHEMBL270515::en1_A4:S;A8:R;A24:S,CHEMBL270515,1
CHEMBL270515::en2_A4:R;A8:S;A24:S,CHEMBL270515,2
CHEMBL270515::en3_A4:S;A8:S;A24:S,CHEMBL270515,3
CHEMBL270515::en4_A4:R;A8:R;A24:R,CHEMBL270515,4
CHEMBL271220::en0_A4:R,CHEMBL271220,0
CHEMBL271220::en1_A4:S,CHEMBL271220,1
CHEMBL271227::en0_A4:R;A7:S;A12:R;A13:S;A16:S;A27:S,CHEMBL271227,0
CHEMBL271227::en1_A4:S;A7:S;A12:R;A13:S;A16:S;A27:S,CHEMBL271227,1
CHEMBL271227::en2_A4:R;A7:R;A12:R;A13:S;A16:S;A27:S,CHEMBL271227,2
CHEMBL271227::en3_A4:S;A7:R;A12:R;A13:S;A16:S;A27:S,CHEMBL271227,3
CHEMBL271227::en4_A4:R;A7:S;A12:S;A13:S;A16:S;A27:S,CHEMBL271227,4
CHEMBL271475::en0_A6:R;A8:R;A11:S;A13:S,CHEMBL271475,0
CHEMBL271475::en1_A6:S;A8:R;A11:S;A13:S,CHEMBL271475,1
CHEMBL271475::en2_A6:R;A8:S;A11:S;A13:S,CHEMBL271475,2
CHEMBL271475::en3_A6:S;A8:S;A11:S;A13:S,CHEMBL271475,3
CHEMBL271475::en4_A6:R;A8:R;A11:R;A13:S,CHEMBL271475,4
CHEMBL271896::en0_A4:R;A9:S;A10:R;A15:R,CHEMBL271896,0
CHEMBL271896::en1_A4:S;A9:S;A10:R;A15:R,CHEMBL271896,1
CHEMBL271896::en2_A4:R;A9:R;A10:R;A15:R,CHEMBL271896,2
CHEMBL271896::en3_A4:S;A9:R;A10:R;A15:R,CHEMBL271896,3
CHEMBL271896::en4_A4:R;A9:S;A10:S;A15:R,CHEMBL271896,4
CHEMBL272080::en0_A2:S;A3:R;A5:R;A7:R;A8:R;A10:R;A12:S;A14:R;A17:R;A19:S;A21:S;A23:R;A26:S;A30:R;A36:R,CHEMBL272080,0
CHEMBL272080::en1_A2:S;A3:S;A5:R;A7:R;A8:S;A10:S;A12:S;A14:S;A17:S;A19:R;A21:R;A23:S;A26:R;A30:S;A36:R,CHEMBL272080,1
CHEMBL272080::en2_A2:R;A3:S;A5:R;A7:S;A8:R;A10:R;A12:R;A14:R;A17:R;A19:S;A21:R;A23:R;A26:R;A30:S;A36:R,CHEMBL272080,2
CHEMBL272080::en3_A2:R;A3:S;A5:R;A7:R;A8:R;A10:R;A12:S;A14:R;A17:R;A19:R;A21:R;A23:S;A26:R;A30:R;A36:R,CHEMBL272080,3
CHEMBL272080::en4_A2:S;A3:S;A5:S;A7:R;A8:R;A10:R;A12:S;A14:S;A17:R;A19:R;A21:S;A23:R;A26:R;A30:R;A36:R,CHEMBL272080,4
CHEMBL272427::en0_A1:R;A13:S;A16:R;A17:R;A18:R;A21:S;A23:R;A27:S;A29:R;A32:R,CHEMBL272427,0
CHEMBL272427::en1_A1:S;A13:S;A16:R;A17:R;A18:R;A21:S;A23:R;A27:S;A29:R;A32:R,CHEMBL272427,1
CHEMBL272427::en2_A1:R;A13:R;A16:R;A17:R;A18:R;A21:S;A23:R;A27:S;A29:R;A32:R,CHEMBL272427,2
CHEMBL272427::en3_A1:S;A13:R;A16:R;A17:R;A18:R;A21:S;A23:R;A27:S;A29:R;A32:R,CHEMBL272427,3
CHEMBL272427::en4_A1:R;A13:S;A16:S;A17:R;A18:R;A21:S;A23:R;A27:S;A29:R;A32:R,CHEMBL272427,4
CHEMBL272557::en0_A6:R;A8:R;A11:S;A13:S,CHEMBL272557,0
CHEMBL272557::en1_A6:S;A8:R;A11:S;A13:S,CHEMBL272557,1
CHEMBL272557::en2_A6:R;A8:S;A11:S;A13:S,CHEMBL272557,2
CHEMBL272557::en3_A6:S;A8:S;A11:S;A13:S,CHEMBL272557,3
CHEMBL272557::en4_A6:R;A8:R;A11:R;A13:S,CHEMBL272557,4
CHEMBL272621::en0_A1:R;A7:S;A10:R;A11:S;A13:S;A15:R;A17:R;A21:R;A23:R;A26:R,CHEMBL272621,0
CHEMBL272621::en1_A1:S;A7:S;A10:R;A11:S;A13:S;A15:R;A17:R;A21:R;A23:R;A26:R,CHEMBL272621,1
CHEMBL272621::en2_A1:R;A7:R;A10:R;A11:S;A13:S;A15:R;A17:R;A21:R;A23:R;A26:R,CHEMBL272621,2
CHEMBL272621::en3_A1:S;A7:R;A10:R;A11:S;A13:S;A15:R;A17:R;A21:R;A23:R;A26:R,CHEMBL272621,3
CHEMBL272621::en4_A1:R;A7:S;A10:S;A11:S;A13:S;A15:R;A17:R;A21:R;A23:R;A26:R,CHEMBL272621,4
CHEMBL273019::en0_A10:S;A12:R;A15:R;A17:S;A19:S,CHEMBL273019,0
CHEMBL273019::en1_A10:R;A12:R;A15:R;A17:S;A19:S,CHEMBL273019,1
CHEMBL273019::en2_A10:S;A12:S;A15:R;A17:S;A19:S,CHEMBL273019,2
CHEMBL273019::en3_A10:R;A12:S;A15:R;A17:S;A19:S,CHEMBL273019,3
CHEMBL273019::en4_A10:S;A12:R;A15:S;A17:S;A19:S,CHEMBL273019,4
CHEMBL273453::en0_A1:R;A10:S;A11:S;A12:R;A15:R;A18:R;A25:R,CHEMBL273453,0
CHEMBL273453::en1_A1:S;A10:S;A11:S;A12:R;A15:R;A18:R;A25:R,CHEMBL273453,1
CHEMBL273453::en2_A1:R;A10:R;A11:S;A12:R;A15:R;A18:R;A25:R,CHEMBL273453,2
CHEMBL273453::en3_A1:S;A10:R;A11:S;A12:R;A15:R;A18:R;A25:R,CHEMBL273453,3
CHEMBL273453::en4_A1:R;A10:S;A11:R;A12:R;A15:R;A18:R;A25:R,CHEMBL273453,4
CHEMBL274047::en0_A2:R;A3:S;A6:R;A8:S,CHEMBL274047,0
CHEMBL274047::en1_A2:S;A3:S;A6:R;A8:S,CHEMBL274047,1
CHEMBL274047::en2_A2:R;A3:R;A6:S;A8:S,CHEMBL274047,2
CHEMBL274826::en0_A1:R;A10:R;A11:S;A14:S;A20:R,CHEMBL274826,0
CHEMBL274826::en1_A1:S;A10:R;A11:S;A14:S;A20:R,CHEMBL274826,1
CHEMBL274826::en2_A1:R;A10:S;A11:S;A14:S;A20:R,CHEMBL274826,2
CHEMBL274826::en3_A1:S;A10:S;A11:S;A14:S;A20:R,CHEMBL274826,3
CHEMBL274826::en4_A1:R;A10:R;A11:R;A14:S;A20:R,CHEMBL274826,4
CHEMBL275040::en0_A3:R;A6:S;A10:R,CHEMBL275040,0
CHEMBL275040::en1_A3:S;A6:S;A10:R,CHEMBL275040,1
CHEMBL275040::en2_A3:R;A6:R;A10:R,CHEMBL275040,2
CHEMBL275040::en3_A3:S;A6:R;A10:R,CHEMBL275040,3
CHEMBL275040::en4_A3:R;A6:S;A10:S,CHEMBL275040,4
CHEMBL27507::en0_A6:R,CHEMBL27507,0
CHEMBL27507::en1_A6:S,CHEMBL27507,1
CHEMBL275459::en0_A4:R;A15:S,CHEMBL275459,0
CHEMBL275459::en1_A4:S;A15:S,CHEMBL275459,1
CHEMBL275459::en2_A4:R;A15:R,CHEMBL275459,2
CHEMBL275459::en3_A4:S;A15:R,CHEMBL275459,3
CHEMBL275459::en4_A4:R;A15:S,CHEMBL275459,4
CHEMBL275707::en0_A1:R;A21:S,CHEMBL275707,0
CHEMBL275707::en1_A1:S;A21:S,CHEMBL275707,1
CHEMBL275707::en2_A1:R;A21:R,CHEMBL275707,2
CHEMBL275742::en0_A5:S,CHEMBL275742,0
CHEMBL275742::en1_A5:R,CHEMBL275742,1
CHEMBL275758::en0_A19:S;A26:S,CHEMBL275758,0
CHEMBL275758::en1_A19:R;A26:S,CHEMBL275758,1
CHEMBL275758::en2_A19:S;A26:R,CHEMBL275758,2
CHEMBL275758::en3_A19:R;A26:R,CHEMBL275758,3
CHEMBL275803::en0_A14:R,CHEMBL275803,0
CHEMBL275803::en1_A14:S,CHEMBL275803,1
CHEMBL276568::en0_A11:S;A15:R;A24:S,CHEMBL276568,0
CHEMBL276568::en1_A11:R;A15:R;A24:S,CHEMBL276568,1
CHEMBL276568::en2_A11:S;A15:S;A24:S,CHEMBL276568,2
CHEMBL276568::en3_A11:R;A15:S;A24:S,CHEMBL276568,3
CHEMBL276568::en4_A11:S;A15:R;A24:R,CHEMBL276568,4
CHEMBL27769::en0_A1:S;A7:S;A10:R;A11:S;A14:S;A16:R;A20:R,CHEMBL27769,0
CHEMBL27769::en1_A1:R;A7:S;A10:R;A11:S;A14:S;A16:R;A20:R,CHEMBL27769,1
CHEMBL27769::en2_A1:S;A7:R;A10:R;A11:S;A14:S;A16:R;A20:R,CHEMBL27769,2
CHEMBL27769::en3_A1:R;A7:R;A10:R;A11:S;A14:S;A16:R;A20:R,CHEMBL27769,3
CHEMBL27769::en4_A1:S;A7:S;A10:S;A11:S;A14:S;A16:R;A20:R,CHEMBL27769,4
CHEMBL278315::en0_A5:S;A8:S;A11:R;A13:R;A18:S;A23:R,CHEMBL278315,0
CHEMBL278315::en1_A5:R;A8:S;A11:R;A13:R;A18:S;A23:R,CHEMBL278315,1
CHEMBL278315::en2_A5:S;A8:R;A11:R;A13:R;A18:S;A23:R,CHEMBL278315,2
CHEMBL278315::en3_A5:R;A8:R;A11:R;A13:R;A18:S;A23:R,CHEMBL278315,3
CHEMBL278315::en4_A5:S;A8:S;A11:S;A13:R;A18:S;A23:R,CHEMBL278315,4
CHEMBL278462::en0_A8:R;A10:S,CHEMBL278462,0
CHEMBL278462::en1_A8:S;A10:S,CHEMBL278462,1
CHEMBL278462::en2_A8:R;A10:R,CHEMBL278462,2
CHEMBL278462::en3_A8:S;A10:R,CHEMBL278462,3
CHEMBL278570::en0_A13:S;A20:R,CHEMBL278570,0
CHEMBL278570::en1_A13:R;A20:R,CHEMBL278570,1
CHEMBL278570::en2_A13:S;A20:S,CHEMBL278570,2
CHEMBL278570::en3_A13:R;A20:S,CHEMBL278570,3
CHEMBL278570::en4_A13:S;A20:R,CHEMBL278570,4
CHEMBL278623::en0_A7:R;A21:R,CHEMBL278623,0
CHEMBL278623::en1_A7:S;A21:R,CHEMBL278623,1
CHEMBL278623::en2_A7:R;A21:S,CHEMBL278623,2
CHEMBL278623::en3_A7:S;A21:S,CHEMBL278623,3
CHEMBL278703::en0_A5:R;A14:R;A18:S,CHEMBL278703,0
CHEMBL278703::en1_A5:S;A14:R;A18:S,CHEMBL278703,1
CHEMBL278703::en2_A5:R;A14:S;A18:S,CHEMBL278703,2
CHEMBL278703::en3_A5:S;A14:S;A18:S,CHEMBL278703,3
CHEMBL278703::en4_A5:R;A14:R;A18:R,CHEMBL278703,4
CHEMBL279115::en0_A16:R;A17:S;A19:R;A21:R;A27:R;A34:R;A35:R;A39:S,CHEMBL279115,0
CHEMBL279115::en1_A16:S;A17:S;A19:R;A21:R;A27:R;A34:R;A35:R;A39:S,CHEMBL279115,1
CHEMBL279115::en2_A16:R;A17:R;A19:R;A21:R;A27:R;A34:R;A35:R;A39:S,CHEMBL279115,2
CHEMBL279115::en3_A16:S;A17:R;A19:R;A21:R;A27:R;A34:R;A35:R;A39:S,CHEMBL279115,3
CHEMBL279115::en4_A16:R;A17:S;A19:S;A21:R;A27:R;A34:R;A35:R;A39:S,CHEMBL279115,4
CHEMBL279260::en0_A1:R;A19:R,CHEMBL279260,0
CHEMBL279260::en1_A1:S;A19:R,CHEMBL279260,1
CHEMBL279260::en2_A1:R;A19:S,CHEMBL279260,2
CHEMBL279260::en3_A1:S;A19:S,CHEMBL279260,3
CHEMBL279786::en0_A4:S;A15:R;A20:S,CHEMBL279786,0
CHEMBL279786::en1_A4:R;A15:R;A20:S,CHEMBL279786,1
CHEMBL279786::en2_A4:S;A15:S;A20:S,CHEMBL279786,2
CHEMBL279786::en3_A4:R;A15:S;A20:S,CHEMBL279786,3
CHEMBL279786::en4_A4:S;A15:R;A20:R,CHEMBL279786,4
CHEMBL280481::en0_A8:R,CHEMBL280481,0
CHEMBL280481::en1_A8:S,CHEMBL280481,1
CHEMBL280481::en2_A8:R,CHEMBL280481,2
CHEMBL280481::en3_A8:S,CHEMBL280481,3
CHEMBL281724::en0_A16:S,CHEMBL281724,0
CHEMBL281724::en1_A16:R,CHEMBL281724,1
CHEMBL281764::en0_A4:S;A16:S,CHEMBL281764,0
CHEMBL281764::en1_A4:R;A16:S,CHEMBL281764,1
CHEMBL281764::en2_A4:S;A16:R,CHEMBL281764,2
CHEMBL281764::en3_A4:R;A16:R,CHEMBL281764,3
CHEMBL281764::en4_A4:S;A16:S,CHEMBL281764,4
CHEMBL281786::en0_A2:S;A5:R;A7:R;A12:S;A21:R;A29:S,CHEMBL281786,0
CHEMBL281786::en1_A2:R;A5:S;A7:R;A12:S;A21:R;A29:S,CHEMBL281786,1
CHEMBL282575::en0_A1:S;A4:S;A22:S;A23:S;A26:S,CHEMBL282575,0
CHEMBL282575::en1_A1:R;A4:S;A22:S;A23:S;A26:S,CHEMBL282575,1
CHEMBL282575::en2_A1:S;A4:R;A22:S;A23:S;A26:S,CHEMBL282575,2
CHEMBL282575::en3_A1:R;A4:R;A22:S;A23:S;A26:S,CHEMBL282575,3
CHEMBL282575::en4_A1:S;A4:S;A22:R;A23:S;A26:S,CHEMBL282575,4
CHEMBL282686::en0_A3:R,CHEMBL282686,0
CHEMBL282686::en1_A3:S,CHEMBL282686,1
CHEMBL28338::en0_A10:R;A21:S,CHEMBL28338,0
CHEMBL28338::en1_A10:S;A21:S,CHEMBL28338,1
CHEMBL28338::en2_A10:R;A21:R,CHEMBL28338,2
CHEMBL28338::en3_A10:S;A21:R,CHEMBL28338,3
CHEMBL283820::en0_A5:S,CHEMBL283820,0
CHEMBL283820::en1_A5:R,CHEMBL283820,1
CHEMBL284237::en0_A1:S;A3:R,CHEMBL284237,0
CHEMBL284237::en1_A1:R;A3:S,CHEMBL284237,1
CHEMBL284483::en0_A2:S;A4:S;A14:S;A16:R;A18:S,CHEMBL284483,0
CHEMBL284483::en1_A2:R;A4:S;A14:S;A16:R;A18:S,CHEMBL284483,1
CHEMBL284483::en2_A2:S;A4:R;A14:S;A16:R;A18:S,CHEMBL284483,2
CHEMBL284483::en3_A2:R;A4:R;A14:S;A16:R;A18:S,CHEMBL284483,3
CHEMBL284483::en4_A2:S;A4:S;A14:R;A16:R;A18:S,CHEMBL284483,4
CHEMBL284616::en0_A13:R;A15:S;A21:S;A23:S,CHEMBL284616,0
CHEMBL284616::en1_A13:S;A15:S;A21:S;A23:S,CHEMBL284616,1
CHEMBL284616::en2_A13:R;A15:R;A21:S;A23:S,CHEMBL284616,2
CHEMBL284616::en3_A13:S;A15:R;A21:S;A23:S,CHEMBL284616,3
CHEMBL284616::en4_A13:R;A15:S;A21:R;A23:S,CHEMBL284616,4
CHEMBL284642::en0_A11:S;A37:R,CHEMBL284642,0
CHEMBL284642::en1_A11:R;A37:R,CHEMBL284642,1
CHEMBL284642::en2_A11:S;A37:S,CHEMBL284642,2
CHEMBL284838::en0_A22:R;A27:S,CHEMBL284838,0
CHEMBL284838::en1_A22:S;A27:S,CHEMBL284838,1
CHEMBL284838::en2_A22:R;A27:R,CHEMBL284838,2
CHEMBL284838::en3_A22:S;A27:R,CHEMBL284838,3
CHEMBL285347::en0_A1:S;A3:R;A13:S;A21:R;A23:S,CHEMBL285347,0
CHEMBL285347::en1_A1:R;A3:R;A13:S;A21:R;A23:S,CHEMBL285347,1
CHEMBL285347::en2_A1:S;A3:S;A13:S;A21:R;A23:S,CHEMBL285347,2
CHEMBL285347::en3_A1:R;A3:S;A13:S;A21:R;A23:S,CHEMBL285347,3
CHEMBL285347::en4_A1:S;A3:R;A13:S;A21:S;A23:S,CHEMBL285347,4
CHEMBL286452::en0_A1:S;A4:S;A14:S;A15:S;A18:S,CHEMBL286452,0
CHEMBL286452::en1_A1:R;A4:S;A14:S;A15:S;A18:S,CHEMBL286452,1
CHEMBL286452::en2_A1:S;A4:R;A14:S;A15:S;A18:S,CHEMBL286452,2
CHEMBL286452::en3_A1:R;A4:R;A14:S;A15:S;A18:S,CHEMBL286452,3
CHEMBL286452::en4_A1:S;A4:S;A14:R;A15:S;A18:S,CHEMBL286452,4
CHEMBL287677::en0_A6:S,CHEMBL287677,0
CHEMBL287677::en1_A6:R,CHEMBL287677,1
CHEMBL288149::en0_A5:R,CHEMBL288149,0
CHEMBL288149::en1_A5:S,CHEMBL288149,1
CHEMBL289228::en0_A6:S,CHEMBL289228,0
CHEMBL289228::en1_A6:R,CHEMBL289228,1
CHEMBL289556::en0_A3:R;A7:R;A11:R;A18:R,CHEMBL289556,0
CHEMBL289556::en1_A3:S;A7:R;A11:R;A18:R,CHEMBL289556,1
CHEMBL289556::en2_A3:R;A7:S;A11:R;A18:R,CHEMBL289556,2
CHEMBL289556::en3_A3:S;A7:S;A11:R;A18:R,CHEMBL289556,3
CHEMBL289556::en4_A3:R;A7:R;A11:S;A18:R,CHEMBL289556,4
CHEMBL29::en0_A4:R;A5:R;A19:R,CHEMBL29,0
CHEMBL29::en1_A4:S;A5:R;A19:R,CHEMBL29,1
CHEMBL29::en2_A4:R;A5:S;A19:R,CHEMBL29,2
CHEMBL29::en3_A4:S;A5:S;A19:R,CHEMBL29,3
CHEMBL29::en4_A4:R;A5:R;A19:S,CHEMBL29,4
CHEMBL290352::en0_A28:R;A30:R;A36:S,CHEMBL290352,0
CHEMBL290352::en1_A28:R;A30:S;A36:S,CHEMBL290352,1
CHEMBL290352::en2_A28:S;A30:R;A36:R,CHEMBL290352,2
CHEMBL291657::en0_A20:R,CHEMBL291657,0
CHEMBL291657::en1_A20:S,CHEMBL291657,1
CHEMBL292008::en0_A7:R;A9:R;A12:R;A14:S,CHEMBL292008,0
CHEMBL292008::en1_A7:S;A9:R;A12:R;A14:S,CHEMBL292008,1
CHEMBL292008::en2_A7:R;A9:S;A12:R;A14:S,CHEMBL292008,2
CHEMBL292008::en3_A7:S;A9:S;A12:R;A14:S,CHEMBL292008,3
CHEMBL292008::en4_A7:R;A9:R;A12:S;A14:S,CHEMBL292008,4
CHEMBL292009::en0_A4:S;A7:S,CHEMBL292009,0
CHEMBL292009::en1_A4:R;A7:R,CHEMBL292009,1
CHEMBL292376::en0_A7:S,CHEMBL292376,0
CHEMBL292376::en1_A7:R,CHEMBL292376,1
CHEMBL292389::en0_A5:R,CHEMBL292389,0
CHEMBL292389::en1_A5:S,CHEMBL292389,1
CHEMBL29292::en0_A4:S;A8:R;A10:R,CHEMBL29292,0
CHEMBL29292::en1_A4:R;A8:R;A10:R,CHEMBL29292,1
CHEMBL29292::en2_A4:S;A8:S;A10:R,CHEMBL29292,2
CHEMBL29292::en3_A4:R;A8:S;A10:R,CHEMBL29292,3
CHEMBL29292::en4_A4:S;A8:R;A10:S,CHEMBL29292,4
CHEMBL294029::en0_A1:S;A15:R,CHEMBL294029,0
CHEMBL294029::en1_A1:R;A15:R,CHEMBL294029,1
CHEMBL294029::en2_A1:S;A15:S,CHEMBL294029,2
CHEMBL294029::en3_A1:R;A15:S,CHEMBL294029,3
CHEMBL295433::en0_A1:R;A25:S,CHEMBL295433,0
CHEMBL295433::en1_A1:S;A25:S,CHEMBL295433,1
CHEMBL295433::en2_A1:R;A25:R,CHEMBL295433,2
CHEMBL295698::en0_A13:R;A16:R,CHEMBL295698,0
CHEMBL295698::en1_A13:S;A16:R,CHEMBL295698,1
CHEMBL295698::en2_A13:R;A16:S,CHEMBL295698,2
CHEMBL295698::en3_A13:S;A16:S,CHEMBL295698,3
CHEMBL296373::en0_A2:R;A23:R,CHEMBL296373,0
CHEMBL296373::en1_A2:S;A23:R,CHEMBL296373,1
CHEMBL296373::en2_A2:R;A23:S,CHEMBL296373,2
CHEMBL296373::en3_A2:S;A23:S,CHEMBL296373,3
CHEMBL297453::en0_A3:R;A14:R,CHEMBL297453,0
CHEMBL297453::en1_A3:S;A14:R,CHEMBL297453,1
CHEMBL297453::en2_A3:R;A14:S,CHEMBL297453,2
CHEMBL297453::en3_A3:S;A14:S,CHEMBL297453,3
CHEMBL298283::en0_A2:S;A7:S;A9:S;A11:R;A13:R;A15:S;A17:R;A19:S;A21:R;A24:S;A26:S;A29:R;A33:R;A35:R;A40:R;A49:S;A52:S;A54:S;A56:S;A58:S;A61:S,CHEMBL298283,0
CHEMBL298283::en1_A2:R;A7:R;A9:S;A11:R;A13:S;A15:R;A17:R;A19:S;A21:S;A24:R;A26:R;A29:R;A33:S;A35:R;A40:R;A49:R;A52:R;A54:R;A56:R;A58:S;A61:R,CHEMBL298283,1
CHEMBL298283::en2_A2:R;A7:R;A9:R;A11:S;A13:S;A15:S;A17:R;A19:S;A21:S;A24:R;A26:S;A29:R;A33:R;A35:S;A40:R;A49:S;A52:R;A54:R;A56:S;A58:S;A61:S,CHEMBL298283,2
CHEMBL298283::en3_A2:R;A7:S;A9:R;A11:S;A13:R;A15:R;A17:S;A19:R;A21:R;A24:S;A26:R;A29:R;A33:R;A35:S;A40:R;A49:S;A52:R;A54:S;A56:S;A58:R;A61:S,CHEMBL298283,3
CHEMBL298283::en4_A2:R;A7:S;A9:S;A11:S;A13:R;A15:R;A17:R;A19:S;A21:S;A24:S;A26:S;A29:R;A33:S;A35:R;A40:S;A49:R;A52:R;A54:R;A56:R;A58:S;A61:R,CHEMBL298283,4
CHEMBL298359::en0_A11:R;A17:S;A20:R;A22:R,CHEMBL298359,0
CHEMBL298359::en1_A11:S;A17:S;A20:R;A22:R,CHEMBL298359,1
CHEMBL298359::en2_A11:R;A17:R;A20:R;A22:R,CHEMBL298359,2
CHEMBL298359::en3_A11:S;A17:R;A20:R;A22:R,CHEMBL298359,3
CHEMBL298406::en0_A12:S;A21:S,CHEMBL298406,0
CHEMBL298406::en1_A12:R;A21:S,CHEMBL298406,1
CHEMBL298406::en2_A12:S;A21:R,CHEMBL298406,2
CHEMBL298406::en3_A12:R;A21:R,CHEMBL298406,3
CHEMBL298734::en0_A14:S,CHEMBL298734,0
CHEMBL298734::en1_A14:R,CHEMBL298734,1
CHEMBL299613::en0_A11:R;A12:S;A15:S;A17:R;A21:R,CHEMBL299613,0
CHEMBL299613::en1_A11:S;A12:S;A15:S;A17:R;A21:R,CHEMBL299613,1
CHEMBL299613::en2_A11:R;A12:R;A15:S;A17:R;A21:R,CHEMBL299613,2
CHEMBL299613::en3_A11:S;A12:R;A15:S;A17:R;A21:R,CHEMBL299613,3
CHEMBL299613::en4_A11:R;A12:S;A15:R;A17:R;A21:R,CHEMBL299613,4
CHEMBL3::en0_A5:R,CHEMBL3,0
CHEMBL3::en1_A5:S,CHEMBL3,1
CHEMBL300049::en0_A2:R;A6:R;A8:R;A10:S;A12:R;A17:S;A20:S;A22:S;A24:R;A26:S;A29:S;A34:R;A36:R;A43:S;A45:S;A47:R,CHEMBL300049,0
CHEMBL300049::en1_A2:S;A6:S;A8:R;A10:S;A12:R;A17:S;A20:S;A22:S;A24:S;A26:R;A29:R;A34:S;A36:S;A43:S;A45:R;A47:S,CHEMBL300049,1
CHEMBL300049::en2_A2:S;A6:S;A8:R;A10:R;A12:R;A17:R;A20:R;A22:R;A24:S;A26:S;A29:S;A34:R;A36:R;A43:S;A45:S;A47:R,CHEMBL300049,2
CHEMBL300049::en3_A2:R;A6:S;A8:S;A10:R;A12:R;A17:S;A20:S;A22:S;A24:R;A26:S;A29:S;A34:R;A36:R;A43:R;A45:S;A47:R,CHEMBL300049,3
CHEMBL300049::en4_A2:S;A6:R;A8:R;A10:R;A12:S;A17:R;A20:S;A22:S;A24:R;A26:S;A29:S;A34:R;A36:R;A43:S;A45:R;A47:S,CHEMBL300049,4
CHEMBL300337::en0_A7:S;A19:R;A29:R;A37:S;A39:R,CHEMBL300337,0
CHEMBL300337::en1_A7:R;A19:R;A29:R;A37:S;A39:R,CHEMBL300337,1
CHEMBL300337::en2_A7:S;A19:S;A29:R;A37:S;A39:R,CHEMBL300337,2
CHEMBL300337::en3_A7:R;A19:S;A29:R;A37:S;A39:R,CHEMBL300337,3
CHEMBL300337::en4_A7:S;A19:R;A29:S;A37:S;A39:R,CHEMBL300337,4
CHEMBL300841::en0_A6:R;A14:R;A16:R,CHEMBL300841,0
CHEMBL300841::en1_A6:S;A14:R;A16:R,CHEMBL300841,1
CHEMBL300841::en2_A6:R;A14:S;A16:R,CHEMBL300841,2
CHEMBL300841::en3_A6:S;A14:S;A16:R,CHEMBL300841,3
CHEMBL300841::en4_A6:R;A14:R;A16:S,CHEMBL300841,4
CHEMBL301370::en0_A2:R,CHEMBL301370,0
CHEMBL301370::en1_A2:S,CHEMBL301370,1
CHEMBL301523::en0_A1:R,CHEMBL301523,0
CHEMBL301523::en1_A1:S,CHEMBL301523,1
CHEMBL301742::en0_A2:R,CHEMBL301742,0
CHEMBL301742::en1_A2:S,CHEMBL301742,1
CHEMBL301829::en0_A21:S;A29:S,CHEMBL301829,0
CHEMBL301829::en1_A21:R;A29:S,CHEMBL301829,1
CHEMBL301829::en2_A21:S;A29:R,CHEMBL301829,2
CHEMBL301829::en3_A21:R;A29:R,CHEMBL301829,3
CHEMBL303062::en0_A6:R;A8:R;A10:S,CHEMBL303062,0
CHEMBL303062::en1_A6:S;A8:S;A10:S,CHEMBL303062,1
CHEMBL3039502::en0_A1:S,CHEMBL3039502,0
CHEMBL3039502::en1_A1:R,CHEMBL3039502,1
CHEMBL3039503::en0_A12:S;A15:S;A19:S;A22:S,CHEMBL3039503,0
CHEMBL3039503::en1_A12:R;A15:R;A19:S;A22:S,CHEMBL3039503,1
CHEMBL3039503::en2_A12:S;A15:S;A19:R;A22:R,CHEMBL3039503,2
CHEMBL3039503::en3_A12:R;A15:R;A19:R;A22:R,CHEMBL3039503,3
CHEMBL3039507::en0_A11:S;A13:R;A16:R;A18:R;A20:S,CHEMBL3039507,0
CHEMBL3039507::en1_A11:R;A13:R;A16:R;A18:R;A20:S,CHEMBL3039507,1
CHEMBL3039507::en2_A11:S;A13:S;A16:R;A18:R;A20:S,CHEMBL3039507,2
CHEMBL3039507::en3_A11:R;A13:S;A16:R;A18:R;A20:S,CHEMBL3039507,3
CHEMBL3039507::en4_A11:S;A13:R;A16:S;A18:R;A20:S,CHEMBL3039507,4
CHEMBL3039509::en0_A2:R;A7:S;A9:R;A11:R;A13:R;A15:S;A17:S;A19:S;A23:R;A25:S;A35:S;A44:R,CHEMBL3039509,0
CHEMBL3039509::en1_A2:S;A7:R;A9:R;A11:S;A13:R;A15:S;A17:S;A19:R;A23:R;A25:S;A35:R;A44:R,CHEMBL3039509,1
CHEMBL3039509::en2_A2:S;A7:S;A9:R;A11:S;A13:S;A15:R;A17:S;A19:R;A23:S;A25:S;A35:R;A44:S,CHEMBL3039509,2
CHEMBL3039509::en3_A2:S;A7:S;A9:R;A11:S;A13:R;A15:R;A17:R;A19:S;A23:S;A25:R;A35:S;A44:R,CHEMBL3039509,3
CHEMBL3039509::en4_A2:S;A7:R;A9:R;A11:R;A13:R;A15:S;A17:S;A19:R;A23:S;A25:R;A35:S;A44:R,CHEMBL3039509,4
CHEMBL3039513::en0_A2:S,CHEMBL3039513,0
CHEMBL3039513::en1_A2:R,CHEMBL3039513,1
CHEMBL3039514::en0_A5:S;A12:R;A23:R;A40:S;A47:R,CHEMBL3039514,0
CHEMBL3039514::en1_A5:R;A12:R;A23:R;A40:S;A47:R,CHEMBL3039514,1
CHEMBL3039514::en2_A5:S;A12:S;A23:R;A40:S;A47:R,CHEMBL3039514,2
CHEMBL3039514::en3_A5:R;A12:S;A23:R;A40:S;A47:R,CHEMBL3039514,3
CHEMBL3039514::en4_A5:S;A12:R;A23:S;A40:S;A47:R,CHEMBL3039514,4
CHEMBL3039515::en0_A28:S,CHEMBL3039515,0
CHEMBL3039515::en1_A28:R,CHEMBL3039515,1
CHEMBL3039516::en0_A21:S;A23:S;A35:R,CHEMBL3039516,0
CHEMBL3039516::en1_A21:R;A23:S;A35:R,CHEMBL3039516,1
CHEMBL3039516::en2_A21:S;A23:R;A35:R,CHEMBL3039516,2
CHEMBL3039516::en3_A21:R;A23:R;A35:R,CHEMBL3039516,3
CHEMBL3039516::en4_A21:S;A23:S;A35:S,CHEMBL3039516,4
CHEMBL3039518::en0_A39:R,CHEMBL3039518,0
CHEMBL3039518::en1_A39:S,CHEMBL3039518,1
CHEMBL3039519::en0_A5:S;A12:R;A31:S;A38:R,CHEMBL3039519,0
CHEMBL3039519::en1_A5:R;A12:R;A31:S;A38:R,CHEMBL3039519,1
CHEMBL3039519::en2_A5:S;A12:S;A31:S;A38:R,CHEMBL3039519,2
CHEMBL3039519::en3_A5:R;A12:S;A31:S;A38:R,CHEMBL3039519,3
CHEMBL3039519::en4_A5:S;A12:R;A31:R;A38:R,CHEMBL3039519,4
CHEMBL3039522::en0_A2:S;A6:S;A14:R;A17:S;A32:R;A34:S;A40:S;A46:S,CHEMBL3039522,0
CHEMBL3039522::en1_A2:R;A6:S;A14:R;A17:S;A32:R;A34:S;A40:S;A46:S,CHEMBL3039522,1
CHEMBL3039522::en2_A2:S;A6:R;A14:R;A17:S;A32:R;A34:S;A40:S;A46:S,CHEMBL3039522,2
CHEMBL3039522::en3_A2:R;A6:R;A14:R;A17:S;A32:R;A34:S;A40:S;A46:S,CHEMBL3039522,3
CHEMBL3039522::en4_A2:S;A6:S;A14:S;A17:S;A32:R;A34:S;A40:S;A46:S,CHEMBL3039522,4
CHEMBL3039528::en0_A5:R;A7:R,CHEMBL3039528,0
CHEMBL3039528::en1_A5:S;A7:R,CHEMBL3039528,1
CHEMBL3039528::en2_A5:R;A7:S,CHEMBL3039528,2
CHEMBL3039528::en3_A5:S;A7:S,CHEMBL3039528,3
CHEMBL3039530::en0_A6:S,CHEMBL3039530,0
CHEMBL3039530::en1_A6:R,CHEMBL3039530,1
CHEMBL3039531::en0_A21:R,CHEMBL3039531,0
CHEMBL3039531::en1_A21:S,CHEMBL3039531,1
CHEMBL3039598::en0_A5:R;A7:R;A24:S;A32:R,CHEMBL3039598,0
CHEMBL3039598::en1_A5:S;A7:R;A24:S;A32:R,CHEMBL3039598,1
CHEMBL3039598::en2_A5:R;A7:S;A24:S;A32:R,CHEMBL3039598,2
CHEMBL3039598::en3_A5:S;A7:S;A24:S;A32:R,CHEMBL3039598,3
CHEMBL3039598::en4_A5:R;A7:R;A24:R;A32:R,CHEMBL3039598,4
CHEMBL303960::en0_A9:S;A13:S;A14:R;A19:R,CHEMBL303960,0
CHEMBL303960::en1_A9:R;A13:S;A14:R;A19:R,CHEMBL303960,1
CHEMBL303960::en2_A9:S;A13:R;A14:R;A19:R,CHEMBL303960,2
CHEMBL303960::en3_A9:R;A13:R;A14:R;A19:R,CHEMBL303960,3
CHEMBL303960::en4_A9:S;A13:S;A14:S;A19:R,CHEMBL303960,4
CHEMBL3039733::en0_A1:R;A6:S;A16:R,CHEMBL3039733,0
CHEMBL3039733::en1_A1:S;A6:S;A16:R,CHEMBL3039733,1
CHEMBL3039733::en2_A1:R;A6:R;A16:S,CHEMBL3039733,2
CHEMBL305666::en0_A2:R,CHEMBL305666,0
CHEMBL305666::en1_A2:S,CHEMBL305666,1
CHEMBL305686::en0_A10:R;A12:S;A16:S,CHEMBL305686,0
CHEMBL305686::en1_A10:S;A12:S;A16:S,CHEMBL305686,1
CHEMBL305686::en2_A10:R;A12:R;A16:S,CHEMBL305686,2
CHEMBL305686::en3_A10:S;A12:R;A16:S,CHEMBL305686,3
CHEMBL305686::en4_A10:R;A12:S;A16:R,CHEMBL305686,4
CHEMBL305904::en0_A2:S;A11:S;A12:S,CHEMBL305904,0
CHEMBL305904::en1_A2:R;A11:S;A12:S,CHEMBL305904,1
CHEMBL305904::en2_A2:S;A11:R;A12:S,CHEMBL305904,2
CHEMBL305904::en3_A2:R;A11:R;A12:S,CHEMBL305904,3
CHEMBL305904::en4_A2:S;A11:S;A12:R,CHEMBL305904,4
CHEMBL306280::en0_A2:S,CHEMBL306280,0
CHEMBL306280::en1_A2:R,CHEMBL306280,1
CHEMBL307429::en0_A2:S;A5:S;A7:S;A9:R,CHEMBL307429,0
CHEMBL307429::en1_A2:R;A5:S;A7:S;A9:R,CHEMBL307429,1
CHEMBL307429::en2_A2:S;A5:R;A7:S;A9:R,CHEMBL307429,2
CHEMBL307429::en3_A2:R;A5:R;A7:S;A9:R,CHEMBL307429,3
CHEMBL307429::en4_A2:S;A5:S;A7:R;A9:R,CHEMBL307429,4
CHEMBL308148::en0_A16:S,CHEMBL308148,0
CHEMBL308148::en1_A16:R,CHEMBL308148,1
CHEMBL3085474::en0_A13:S;A15:R,CHEMBL3085474,0
CHEMBL3085474::en1_A13:R;A15:R,CHEMBL3085474,1
CHEMBL3085474::en2_A13:S;A15:S,CHEMBL3085474,2
CHEMBL3085474::en3_A13:R;A15:S,CHEMBL3085474,3
CHEMBL3086524::en0_A6:S;A8:S;A10:S,CHEMBL3086524,0
CHEMBL3086524::en1_A6:R;A8:S;A10:S,CHEMBL3086524,1
CHEMBL3086524::en2_A6:S;A8:R;A10:S,CHEMBL3086524,2
CHEMBL3086524::en3_A6:R;A8:R;A10:S,CHEMBL3086524,3
CHEMBL3086524::en4_A6:S;A8:S;A10:R,CHEMBL3086524,4
CHEMBL3087515::en0_A7:R;A8:S;A12:R,CHEMBL3087515,0
CHEMBL3087515::en1_A7:S;A8:S;A12:R,CHEMBL3087515,1
CHEMBL3087515::en2_A7:R;A8:R;A12:R,CHEMBL3087515,2
CHEMBL3087515::en3_A7:S;A8:R;A12:R,CHEMBL3087515,3
CHEMBL3087515::en4_A7:R;A8:S;A12:S,CHEMBL3087515,4
CHEMBL3092041::en0_A9:S;A10:R;A17:S;A18:S;A24:R,CHEMBL3092041,0
CHEMBL3092041::en1_A9:R;A10:R;A17:S;A18:S;A24:R,CHEMBL3092041,1
CHEMBL3092041::en2_A9:S;A10:S;A17:S;A18:S;A24:R,CHEMBL3092041,2
CHEMBL3092041::en3_A9:R;A10:S;A17:S;A18:S;A24:R,CHEMBL3092041,3
CHEMBL3092041::en4_A9:S;A10:R;A17:R;A18:S;A24:R,CHEMBL3092041,4
CHEMBL3092995::en0_A6:R,CHEMBL3092995,0
CHEMBL3092995::en1_A6:S,CHEMBL3092995,1
CHEMBL3093499::en0_A21:R;A28:R;A30:S;A32:R;A36:S;A44:S;A50:S;A59:S;A63:R;A69:S;A74:S;A76:R;A94:R;A96:R,CHEMBL3093499,0
CHEMBL3093499::en1_A21:R;A28:S;A30:S;A32:R;A36:S;A44:R;A50:R;A59:R;A63:S;A69:R;A74:R;A76:S;A94:S;A96:R,CHEMBL3093499,1
CHEMBL3093499::en2_A21:R;A28:R;A30:R;A32:S;A36:S;A44:S;A50:R;A59:S;A63:R;A69:S;A74:R;A76:S;A94:S;A96:S,CHEMBL3093499,2
CHEMBL3093499::en3_A21:S;A28:R;A30:S;A32:R;A36:R;A44:S;A50:R;A59:S;A63:R;A69:R;A74:S;A76:S;A94:R;A96:S,CHEMBL3093499,3
CHEMBL3099551::en0_A1:S;A5:S;A18:R,CHEMBL3099551,0
CHEMBL3099551::en1_A1:R;A5:S;A18:R,CHEMBL3099551,1
CHEMBL3099551::en2_A1:S;A5:R;A18:R,CHEMBL3099551,2
CHEMBL3099551::en3_A1:R;A5:R;A18:R,CHEMBL3099551,3
CHEMBL3099551::en4_A1:S;A5:S;A18:S,CHEMBL3099551,4
CHEMBL309962::en0_A3:R;A6:R,CHEMBL309962,0
CHEMBL309962::en1_A3:S;A6:R,CHEMBL309962,1
CHEMBL309962::en2_A3:R;A6:S,CHEMBL309962,2
CHEMBL309962::en3_A3:S;A6:S,CHEMBL309962,3
CHEMBL3112741::en0_A9:S;A12:R,CHEMBL3112741,0
CHEMBL3112741::en1_A9:R;A12:R,CHEMBL3112741,1
CHEMBL3112741::en2_A9:S;A12:S,CHEMBL3112741,2
CHEMBL3112741::en3_A9:R;A12:S,CHEMBL3112741,3
CHEMBL3112866::en0_A1:R,CHEMBL3112866,0
CHEMBL3112866::en1_A1:S,CHEMBL3112866,1
CHEMBL3113734::en0_A10:S;A13:S,CHEMBL3113734,0
CHEMBL3113734::en1_A10:R;A13:R,CHEMBL3113734,1
CHEMBL311498::en0_A9:R;A18:R,CHEMBL311498,0
CHEMBL311498::en1_A9:S;A18:R,CHEMBL311498,1
CHEMBL311498::en2_A9:R;A18:S,CHEMBL311498,2
CHEMBL311498::en3_A9:S;A18:S,CHEMBL311498,3
CHEMBL3120793::en0_A6:S;A9:S;A13:S;A15:S;A28:R;A31:R,CHEMBL3120793,0
CHEMBL3120793::en1_A6:R;A9:S;A13:S;A15:S;A28:R;A31:R,CHEMBL3120793,1
CHEMBL3120793::en2_A6:S;A9:R;A13:S;A15:S;A28:R;A31:R,CHEMBL3120793,2
CHEMBL3120793::en3_A6:R;A9:R;A13:S;A15:S;A28:R;A31:R,CHEMBL3120793,3
CHEMBL3120793::en4_A6:S;A9:S;A13:R;A15:S;A28:R;A31:R,CHEMBL3120793,4
CHEMBL3121849::en0_A5:S;A12:R;A28:S;A35:R,CHEMBL3121849,0
CHEMBL3121849::en1_A5:R;A12:R;A28:S;A35:R,CHEMBL3121849,1
CHEMBL3121849::en2_A5:S;A12:S;A28:S;A35:R,CHEMBL3121849,2
CHEMBL3121849::en3_A5:R;A12:S;A28:S;A35:R,CHEMBL3121849,3
CHEMBL3121849::en4_A5:S;A12:R;A28:R;A35:R,CHEMBL3121849,4
CHEMBL3125702::en0_A3:R;A14:S;A21:R;A29:R,CHEMBL3125702,0
CHEMBL3125702::en1_A3:S;A14:S;A21:R;A29:R,CHEMBL3125702,1
CHEMBL3125702::en2_A3:R;A14:R;A21:R;A29:R,CHEMBL3125702,2
CHEMBL3125702::en3_A3:S;A14:R;A21:R;A29:R,CHEMBL3125702,3
CHEMBL3125702::en4_A3:R;A14:S;A21:S;A29:R,CHEMBL3125702,4
CHEMBL3126004::en0_A1:S;A3:S;A7:S;A9:S;A21:R,CHEMBL3126004,0
CHEMBL3126004::en1_A1:R;A3:S;A7:S;A9:S;A21:R,CHEMBL3126004,1
CHEMBL3126004::en2_A1:S;A3:R;A7:S;A9:S;A21:R,CHEMBL3126004,2
CHEMBL3126004::en3_A1:R;A3:R;A7:S;A9:S;A21:R,CHEMBL3126004,3
CHEMBL3126004::en4_A1:S;A3:S;A7:R;A9:S;A21:R,CHEMBL3126004,4
CHEMBL3126832::en0_A3:S;A7:R;A15:S;A20:R;A29:S,CHEMBL3126832,0
CHEMBL3126832::en1_A3:R;A7:R;A15:S;A20:R;A29:S,CHEMBL3126832,1
CHEMBL3126832::en2_A3:S;A7:S;A15:S;A20:R;A29:S,CHEMBL3126832,2
CHEMBL3126832::en3_A3:R;A7:S;A15:S;A20:R;A29:S,CHEMBL3126832,3
CHEMBL3126832::en4_A3:S;A7:R;A15:R;A20:R;A29:S,CHEMBL3126832,4
CHEMBL3126842::en0_A8:S;A10:R;A14:S;A17:R,CHEMBL3126842,0
CHEMBL3127326::en0_A5:S;A12:R;A20:S;A23:R;A31:S;A38:R,CHEMBL3127326,0
CHEMBL3127326::en1_A5:R;A12:R;A20:S;A23:R;A31:S;A38:R,CHEMBL3127326,1
CHEMBL3127326::en2_A5:S;A12:S;A20:S;A23:R;A31:S;A38:R,CHEMBL3127326,2
CHEMBL3127326::en3_A5:R;A12:S;A20:S;A23:R;A31:S;A38:R,CHEMBL3127326,3
CHEMBL3127326::en4_A5:S;A12:R;A20:R;A23:R;A31:S;A38:R,CHEMBL3127326,4
CHEMBL3128043::en0_A15:S,CHEMBL3128043,0
CHEMBL3128043::en1_A15:R,CHEMBL3128043,1
CHEMBL3133037::en0_A27:R,CHEMBL3133037,0
CHEMBL3133037::en1_A27:S,CHEMBL3133037,1
CHEMBL3137301::en0_A5:R;A8:R,CHEMBL3137301,0
CHEMBL3137301::en1_A5:S;A8:R,CHEMBL3137301,1
CHEMBL3137301::en2_A5:R;A8:S,CHEMBL3137301,2
CHEMBL3137301::en3_A5:S;A8:S,CHEMBL3137301,3
CHEMBL3137304::en0_A18:R;A20:S;A28:S,CHEMBL3137304,0
CHEMBL3137304::en1_A18:S;A20:S;A28:S,CHEMBL3137304,1
CHEMBL3137304::en2_A18:R;A20:R;A28:S,CHEMBL3137304,2
CHEMBL3137304::en3_A18:S;A20:R;A28:S,CHEMBL3137304,3
CHEMBL3137304::en4_A18:R;A20:S;A28:R,CHEMBL3137304,4
CHEMBL3137313::en0_A8:R;A10:S;A13:R;A28:R,CHEMBL3137313,0
CHEMBL3137313::en1_A8:S;A10:S;A13:R;A28:R,CHEMBL3137313,1
CHEMBL3137313::en2_A8:S;A10:S;A13:R;A28:S,CHEMBL3137313,2
CHEMBL3137316::en0_A18:R;A20:S;A32:S,CHEMBL3137316,0
CHEMBL3137316::en1_A18:S;A20:S;A32:S,CHEMBL3137316,1
CHEMBL3137316::en2_A18:R;A20:R;A32:S,CHEMBL3137316,2
CHEMBL3137316::en3_A18:S;A20:R;A32:S,CHEMBL3137316,3
CHEMBL3137316::en4_A18:R;A20:S;A32:R,CHEMBL3137316,4
CHEMBL3137321::en0_A9:S;A22:S;A23:S;A29:R,CHEMBL3137321,0
CHEMBL3137321::en1_A9:R;A22:S;A23:S;A29:R,CHEMBL3137321,1
CHEMBL3137321::en2_A9:S;A22:R;A23:S;A29:R,CHEMBL3137321,2
CHEMBL3137321::en3_A9:R;A22:R;A23:S;A29:R,CHEMBL3137321,3
CHEMBL3137322::en0_A1:R;A2:S;A4:S;A7:S,CHEMBL3137322,0
CHEMBL3137322::en1_A1:S;A2:S;A4:S;A7:S,CHEMBL3137322,1
CHEMBL3137322::en2_A1:R;A2:R;A4:S;A7:S,CHEMBL3137322,2
CHEMBL3137322::en3_A1:R;A2:S;A4:R;A7:S,CHEMBL3137322,3
CHEMBL3137322::en4_A1:S;A2:S;A4:R;A7:S,CHEMBL3137322,4
CHEMBL3137336::en0_A13:S,CHEMBL3137336,0
CHEMBL3137336::en1_A13:R,CHEMBL3137336,1
CHEMBL3138543::en0_A4:R;A6:S;A9:R;A10:S;A13:S;A15:S;A26:R;A27:R,CHEMBL3138543,0
CHEMBL3138543::en2_A4:R;A6:R;A9:R;A10:S;A13:S;A15:S;A17:R;A26:R;A27:R,CHEMBL3138543,2
CHEMBL3138624::en0_A2:S;A7:R;A9:S;A11:S;A13:S;A15:S;A18:R;A22:R;A24:S;A29:R;A38:R,CHEMBL3138624,0
CHEMBL3138624::en1_A2:S;A7:S;A9:R;A11:S;A13:S;A15:R;A18:S;A22:R;A24:R;A29:R;A38:S,CHEMBL3138624,1
CHEMBL3138624::en2_A2:S;A7:R;A9:R;A11:S;A13:R;A15:R;A18:R;A22:R;A24:S;A29:S;A38:S,CHEMBL3138624,2
CHEMBL3138624::en3_A2:S;A7:S;A9:S;A11:R;A13:R;A15:S;A18:R;A22:S;A24:S;A29:S;A38:R,CHEMBL3138624,3
CHEMBL3138624::en4_A2:S;A7:R;A9:R;A11:R;A13:R;A15:S;A18:S;A22:S;A24:R;A29:S;A38:S,CHEMBL3138624,4
CHEMBL3138665::en0_A2:S;A7:R;A9:R;A10:R,CHEMBL3138665,0
CHEMBL3138665::en1_A2:R;A7:R;A9:R;A10:R,CHEMBL3138665,1
CHEMBL3138665::en2_A2:S;A7:S;A9:R;A10:R,CHEMBL3138665,2
CHEMBL3142543::en0_A2:R;A25:R,CHEMBL3142543,0
CHEMBL3142543::en1_A2:S;A25:R,CHEMBL3142543,1
CHEMBL3142543::en2_A2:S;A25:S,CHEMBL3142543,2
CHEMBL3143549::en0_A9:R;A11:R;A14:S;A16:S,CHEMBL3143549,0
CHEMBL3143549::en1_A9:S;A11:R;A14:S;A16:S,CHEMBL3143549,1
CHEMBL3143549::en2_A9:R;A11:S;A14:S;A16:S,CHEMBL3143549,2
CHEMBL3143549::en3_A9:S;A11:S;A14:S;A16:S,CHEMBL3143549,3
CHEMBL3143549::en4_A9:R;A11:R;A14:R;A16:S,CHEMBL3143549,4
CHEMBL315985::en0_A11:S,CHEMBL315985,0
CHEMBL315985::en1_A11:R,CHEMBL315985,1
CHEMBL31601::en0_A8:R;A19:R;A29:R;A37:S;A39:R,CHEMBL31601,0
CHEMBL31601::en1_A8:S;A19:R;A29:R;A37:S;A39:R,CHEMBL31601,1
CHEMBL31601::en2_A8:R;A19:S;A29:R;A37:S;A39:R,CHEMBL31601,2
CHEMBL31601::en3_A8:S;A19:S;A29:R;A37:S;A39:R,CHEMBL31601,3
CHEMBL31601::en4_A8:R;A19:R;A29:S;A37:S;A39:R,CHEMBL31601,4
CHEMBL316197::en0_A2:R;A6:R;A15:S;A16:S;A19:R,CHEMBL316197,0
CHEMBL316197::en1_A2:S;A6:R;A15:S;A16:S;A19:R,CHEMBL316197,1
CHEMBL316197::en2_A2:R;A6:S;A15:S;A16:S;A19:R,CHEMBL316197,2
CHEMBL316197::en3_A2:S;A6:S;A15:S;A16:S;A19:R,CHEMBL316197,3
CHEMBL316197::en4_A2:R;A6:R;A15:R;A16:S;A19:R,CHEMBL316197,4
CHEMBL31634::en0_A6:S;A8:S;A10:S,CHEMBL31634,0
CHEMBL31634::en1_A6:R;A8:S;A10:S,CHEMBL31634,1
CHEMBL31634::en2_A6:S;A8:R;A10:S,CHEMBL31634,2
CHEMBL31634::en3_A6:R;A8:R;A10:S,CHEMBL31634,3
CHEMBL31634::en4_A6:S;A8:S;A10:R,CHEMBL31634,4
CHEMBL317052::en0_A16:R;A18:R;A21:R;A23:S,CHEMBL317052,0
CHEMBL317052::en1_A16:S;A18:R;A21:R;A23:S,CHEMBL317052,1
CHEMBL317052::en2_A16:R;A18:S;A21:R;A23:S,CHEMBL317052,2
CHEMBL317052::en3_A16:S;A18:S;A21:R;A23:S,CHEMBL317052,3
CHEMBL317052::en4_A16:R;A18:R;A21:S;A23:S,CHEMBL317052,4
CHEMBL317094::en0_A5:S;A15:R;A25:R,CHEMBL317094,0
CHEMBL317094::en1_A5:R;A15:R;A25:R,CHEMBL317094,1
CHEMBL317094::en2_A5:S;A15:S;A25:R,CHEMBL317094,2
CHEMBL317094::en3_A5:R;A15:S;A25:R,CHEMBL317094,3
CHEMBL317094::en4_A5:S;A15:R;A25:S,CHEMBL317094,4
CHEMBL318153::en0_A5:S;A7:S;A9:S,CHEMBL318153,0
CHEMBL318153::en1_A5:R;A7:S;A9:S,CHEMBL318153,1
CHEMBL318153::en2_A5:S;A7:R;A9:S,CHEMBL318153,2
CHEMBL318153::en3_A5:R;A7:R;A9:S,CHEMBL318153,3
CHEMBL318153::en4_A5:S;A7:S;A9:R,CHEMBL318153,4
CHEMBL318191::en0_A9:S;A21:S,CHEMBL318191,0
CHEMBL318191::en1_A9:R;A21:S,CHEMBL318191,1
CHEMBL318191::en2_A9:S;A21:R,CHEMBL318191,2
CHEMBL318191::en3_A9:R;A21:R,CHEMBL318191,3
CHEMBL3182320::en0_A1:S;A3:S;A6:S;A8:R;A40:R;A42:R;A44:S;A46:R;A48:R;A50:S,CHEMBL3182320,0
CHEMBL3182320::en1_A1:R;A3:S;A6:S;A8:R;A40:R;A42:R;A44:S;A46:R;A48:R;A50:S,CHEMBL3182320,1
CHEMBL3182320::en2_A1:S;A3:R;A6:S;A8:R;A40:R;A42:R;A44:S;A46:R;A48:R;A50:S,CHEMBL3182320,2
CHEMBL3182320::en3_A1:R;A3:R;A6:S;A8:R;A40:R;A42:R;A44:S;A46:R;A48:R;A50:S,CHEMBL3182320,3
CHEMBL3182320::en4_A1:S;A3:S;A6:R;A8:R;A40:R;A42:R;A44:S;A46:R;A48:R;A50:S,CHEMBL3182320,4
CHEMBL3182343::en0_A11:S;A15:S;A19:R;A27:S,CHEMBL3182343,0
CHEMBL3182343::en1_A11:R;A15:S;A19:R;A27:S,CHEMBL3182343,1
CHEMBL3182343::en2_A11:S;A15:R;A19:R;A27:S,CHEMBL3182343,2
CHEMBL3182343::en3_A11:R;A15:R;A19:R;A27:S,CHEMBL3182343,3
CHEMBL3182343::en4_A11:S;A15:S;A19:S;A27:S,CHEMBL3182343,4
CHEMBL3184512::en0_A3:R;A5:R;A9:R;A10:S;A12:R;A15:R;A21:R;A23:S;A25:S,CHEMBL3184512,0
CHEMBL3184512::en1_A3:S;A5:R;A9:R;A10:S;A12:R;A15:R;A21:R;A23:S;A25:S,CHEMBL3184512,1
CHEMBL3184512::en2_A3:R;A5:S;A9:R;A10:S;A12:R;A15:R;A21:R;A23:S;A25:S,CHEMBL3184512,2
CHEMBL3184512::en3_A3:S;A5:S;A9:R;A10:S;A12:R;A15:R;A21:R;A23:S;A25:S,CHEMBL3184512,3
CHEMBL3184512::en4_A3:R;A5:R;A9:S;A10:S;A12:R;A15:R;A21:R;A23:S;A25:S,CHEMBL3184512,4
CHEMBL3184846::en0_A4:R;A5:R;A7:R;A23:R;A25:S;A39:R,CHEMBL3184846,0
CHEMBL3184846::en1_A4:S;A5:R;A7:R;A23:R;A25:S;A39:R,CHEMBL3184846,1
CHEMBL3184846::en2_A4:R;A5:S;A7:R;A23:R;A25:S;A39:R,CHEMBL3184846,2
CHEMBL3184846::en3_A4:S;A5:S;A7:R;A23:R;A25:S;A39:R,CHEMBL3184846,3
CHEMBL3184846::en4_A4:R;A5:R;A7:S;A23:R;A25:S;A39:R,CHEMBL3184846,4
CHEMBL3185938::en0_A3:R,CHEMBL3185938,0
CHEMBL3185938::en1_A3:S,CHEMBL3185938,1
CHEMBL3186117::en0_A21:S;A23:S;A26:S;A28:S,CHEMBL3186117,0
CHEMBL3186117::en1_A21:R;A23:S;A26:S;A28:S,CHEMBL3186117,1
CHEMBL3186117::en2_A21:S;A23:R;A26:S;A28:S,CHEMBL3186117,2
CHEMBL3186117::en3_A21:R;A23:R;A26:S;A28:S,CHEMBL3186117,3
CHEMBL3186117::en4_A21:S;A23:S;A26:R;A28:S,CHEMBL3186117,4
CHEMBL3186294::en0_A19:S;A21:S;A24:S;A26:S,CHEMBL3186294,0
CHEMBL3186294::en1_A19:R;A21:S;A24:S;A26:S,CHEMBL3186294,1
CHEMBL3186294::en2_A19:S;A21:R;A24:S;A26:S,CHEMBL3186294,2
CHEMBL3186294::en3_A19:R;A21:R;A24:S;A26:S,CHEMBL3186294,3
CHEMBL3186294::en4_A19:S;A21:S;A24:R;A26:S,CHEMBL3186294,4
CHEMBL3186538::en0_A10:S;A14:R;A22:S,CHEMBL3186538,0
CHEMBL3186538::en1_A10:R;A14:R;A22:S,CHEMBL3186538,1
CHEMBL3186538::en2_A10:S;A14:S;A22:S,CHEMBL3186538,2
CHEMBL3186538::en3_A10:R;A14:S;A22:S,CHEMBL3186538,3
CHEMBL3186538::en4_A10:S;A14:R;A22:R,CHEMBL3186538,4
CHEMBL3187384::en0_A9:R;A23:R;A31:R;A39:R,CHEMBL3187384,0
CHEMBL3187384::en1_A9:S;A23:R;A31:R;A39:R,CHEMBL3187384,1
CHEMBL3187384::en2_A9:R;A23:S;A31:R;A39:R,CHEMBL3187384,2
CHEMBL3187384::en3_A9:S;A23:S;A31:R;A39:R,CHEMBL3187384,3
CHEMBL3187384::en4_A9:R;A23:R;A31:S;A39:R,CHEMBL3187384,4
CHEMBL3188029::en0_A4:R;A8:R;A10:R,CHEMBL3188029,0
CHEMBL3188029::en1_A4:S;A8:R;A10:R,CHEMBL3188029,1
CHEMBL3188029::en2_A4:R;A8:S;A10:R,CHEMBL3188029,2
CHEMBL3188029::en3_A4:S;A8:S;A10:R,CHEMBL3188029,3
CHEMBL3188029::en4_A4:R;A8:R;A10:S,CHEMBL3188029,4
CHEMBL318859::en0_A14:R;A17:S;A23:S,CHEMBL318859,0
CHEMBL318859::en1_A14:S;A17:S;A23:S,CHEMBL318859,1
CHEMBL318859::en2_A14:R;A17:R;A23:S,CHEMBL318859,2
CHEMBL318859::en3_A14:S;A17:R;A23:S,CHEMBL318859,3
CHEMBL318859::en4_A14:R;A17:S;A23:R,CHEMBL318859,4
CHEMBL32::en0_A6:S;A11:S,CHEMBL32,0
CHEMBL32::en1_A6:R;A11:S,CHEMBL32,1
CHEMBL32::en2_A6:S;A11:R,CHEMBL32,2
CHEMBL32::en3_A6:R;A11:R,CHEMBL32,3
CHEMBL320341::en0_A1:R,CHEMBL320341,0
CHEMBL320341::en1_A1:S,CHEMBL320341,1
CHEMBL320656::en0_A3:S;A9:R;A24:S,CHEMBL320656,0
CHEMBL320656::en1_A3:R;A9:R;A24:S,CHEMBL320656,1
CHEMBL320656::en2_A3:S;A9:S;A24:S,CHEMBL320656,2
CHEMBL320656::en3_A3:R;A9:S;A24:S,CHEMBL320656,3
CHEMBL320656::en4_A3:S;A9:R;A24:R,CHEMBL320656,4
CHEMBL3218390::en0_A14:R;A22:R,CHEMBL3218390,0
CHEMBL3218390::en1_A14:S;A22:R,CHEMBL3218390,1
CHEMBL3218390::en2_A14:R;A22:S,CHEMBL3218390,2
CHEMBL3218390::en3_A14:S;A22:S,CHEMBL3218390,3
CHEMBL3219124::en0_A3:S,CHEMBL3219124,0
CHEMBL3219124::en1_A3:R,CHEMBL3219124,1
CHEMBL3219616::en0_A2:R;A14:R;A29:S,CHEMBL3219616,0
CHEMBL3219616::en1_A2:S;A14:R;A29:S,CHEMBL3219616,1
CHEMBL3220708::en0_A2:S;A6:S;A8:R;A10:R;A12:R;A16:R;A18:S;A21:S;A23:S;A25:R;A27:R;A30:S;A34:S;A36:S;A40:S;A44:S;A46:R;A48:R,CHEMBL3220708,0
CHEMBL3220708::en1_A2:S;A6:S;A8:S;A10:R;A12:R;A16:S;A18:S;A21:R;A23:R;A25:R;A27:S;A30:R;A34:S;A36:R;A40:S;A44:S;A46:R;A48:R,CHEMBL3220708,1
CHEMBL3220708::en2_A2:S;A6:S;A8:R;A10:R;A12:S;A16:R;A18:S;A21:R;A23:S;A25:S;A27:R;A30:R;A34:R;A36:R;A40:R;A44:S;A46:R;A48:R,CHEMBL3220708,2
CHEMBL3220708::en3_A2:S;A6:R;A8:S;A10:R;A12:S;A16:S;A18:R;A21:S;A23:S;A25:S;A27:R;A30:R;A34:S;A36:R;A40:S;A44:R;A46:S;A48:S,CHEMBL3220708,3
CHEMBL3220708::en4_A2:R;A6:R;A8:R;A10:R;A12:S;A16:S;A18:S;A21:R;A23:R;A25:S;A27:S;A30:S;A34:S;A36:R;A40:R;A44:R;A46:R;A48:R,CHEMBL3220708,4
CHEMBL322241::en0_A6:S;A8:S;A19:S,CHEMBL322241,0
CHEMBL322241::en1_A6:R;A8:S;A19:S,CHEMBL322241,1
CHEMBL322241::en2_A6:S;A8:R;A19:S,CHEMBL322241,2
CHEMBL322241::en3_A6:R;A8:R;A19:S,CHEMBL322241,3
CHEMBL322241::en4_A6:S;A8:S;A19:R,CHEMBL322241,4
CHEMBL322832::en0_A5:S,CHEMBL322832,0
CHEMBL322832::en1_A5:R,CHEMBL322832,1
CHEMBL3234035::en0_A14:R;A18:S;A20:S,CHEMBL3234035,0
CHEMBL3234035::en1_A14:S;A18:S;A20:S,CHEMBL3234035,1
CHEMBL3234035::en2_A14:R;A18:R;A20:R,CHEMBL3234035,2
CHEMBL323533::en0_A1:S;A4:R;A15:S,CHEMBL323533,0
CHEMBL323533::en1_A1:R;A4:R;A15:S,CHEMBL323533,1
CHEMBL323533::en2_A1:S;A4:S;A15:S,CHEMBL323533,2
CHEMBL323533::en3_A1:R;A4:S;A15:S,CHEMBL323533,3
CHEMBL323533::en4_A1:S;A4:R;A15:R,CHEMBL323533,4
CHEMBL3235620::en0_A6:R;A8:R;A24:S,CHEMBL3235620,0
CHEMBL3235620::en1_A6:S;A8:R;A24:S,CHEMBL3235620,1
CHEMBL3235620::en2_A6:R;A8:S;A24:S,CHEMBL3235620,2
CHEMBL3235620::en3_A6:S;A8:S;A24:S,CHEMBL3235620,3
CHEMBL3235620::en4_A6:R;A8:R;A24:R,CHEMBL3235620,4
CHEMBL3236549::en0_A9:S,CHEMBL3236549,0
CHEMBL3236549::en1_A9:R,CHEMBL3236549,1
CHEMBL3237547::en0_A3:R;A8:R;A10:R;A13:S,CHEMBL3237547,0
CHEMBL3237547::en1_A3:S;A8:R;A10:R;A13:S,CHEMBL3237547,1
CHEMBL3237547::en2_A3:R;A8:S;A10:R;A13:S,CHEMBL3237547,2
CHEMBL3237547::en3_A3:S;A8:S;A10:R;A13:S,CHEMBL3237547,3
CHEMBL3237547::en4_A3:R;A8:R;A10:S;A13:S,CHEMBL3237547,4
CHEMBL3249110::en0_A21:S;A27:S;A29:S;A31:S;A33:S;A35:S,CHEMBL3249110,0
CHEMBL3249110::en1_A21:R;A27:S;A29:S;A31:S;A33:S;A35:S,CHEMBL3249110,1
CHEMBL3249110::en2_A21:S;A27:R;A29:S;A31:S;A33:S;A35:S,CHEMBL3249110,2
CHEMBL3249110::en3_A21:R;A27:R;A29:S;A31:S;A33:S;A35:S,CHEMBL3249110,3
CHEMBL3249110::en4_A21:S;A27:S;A29:R;A31:S;A33:S;A35:S,CHEMBL3249110,4
CHEMBL3250476::en0_A8:S;A10:S;A12:S,CHEMBL3250476,0
CHEMBL3250476::en1_A8:R;A10:S;A12:S,CHEMBL3250476,1
CHEMBL3250476::en2_A8:S;A10:R;A12:S,CHEMBL3250476,2
CHEMBL3250476::en3_A8:R;A10:R;A12:S,CHEMBL3250476,3
CHEMBL3250476::en4_A8:S;A10:S;A12:R,CHEMBL3250476,4
CHEMBL3251296::en0_A9:R;A10:R;A12:S;A16:R,CHEMBL3251296,0
CHEMBL3251296::en1_A9:S;A10:R;A12:S;A16:R,CHEMBL3251296,1
CHEMBL3251296::en2_A9:R;A10:S;A12:S;A16:R,CHEMBL3251296,2
CHEMBL3251296::en3_A9:S;A10:S;A12:S;A16:R,CHEMBL3251296,3
CHEMBL3251296::en4_A9:R;A10:R;A12:R;A16:R,CHEMBL3251296,4
CHEMBL325166::en0_A7:R;A13:S,CHEMBL325166,0
CHEMBL325166::en1_A7:S;A13:S,CHEMBL325166,1
CHEMBL325166::en2_A7:R;A13:R,CHEMBL325166,2
CHEMBL325166::en3_A7:S;A13:R,CHEMBL325166,3
CHEMBL325695::en0_A5:R;A19:R,CHEMBL325695,0
CHEMBL325695::en1_A5:S;A19:R,CHEMBL325695,1
CHEMBL325695::en2_A5:R;A19:S,CHEMBL325695,2
CHEMBL325695::en3_A5:S;A19:S,CHEMBL325695,3
CHEMBL3259907::en0_A24:S,CHEMBL3259907,0
CHEMBL3259907::en1_A24:R,CHEMBL3259907,1
CHEMBL3264610::en0_A3:S,CHEMBL3264610,0
CHEMBL3264610::en1_A3:R,CHEMBL3264610,1
CHEMBL32838::en0_A2:S;A3:R;A20:R;A23:R;A24:S;A27:R,CHEMBL32838,0
CHEMBL32838::en1_A2:R;A3:R;A20:R;A23:R;A24:S;A27:R,CHEMBL32838,1
CHEMBL32838::en2_A2:S;A3:S;A20:R;A23:R;A24:S;A27:R,CHEMBL32838,2
CHEMBL32838::en3_A2:R;A3:S;A20:R;A23:R;A24:S;A27:R,CHEMBL32838,3
CHEMBL32838::en4_A2:S;A3:R;A20:S;A23:R;A24:S;A27:R,CHEMBL32838,4
CHEMBL3286830::en0_A1:S,CHEMBL3286830,0
CHEMBL3286830::en1_A1:R,CHEMBL3286830,1
CHEMBL3287218::en0_A12:S,CHEMBL3287218,0
CHEMBL3287218::en1_A12:R,CHEMBL3287218,1
CHEMBL3287379::en0_A12:S,CHEMBL3287379,0
CHEMBL3287379::en1_A12:R,CHEMBL3287379,1
CHEMBL3287735::en0_A2:S,CHEMBL3287735,0
CHEMBL3287735::en1_A2:R,CHEMBL3287735,1
CHEMBL32911::en0_A24:R,CHEMBL32911,0
CHEMBL32911::en1_A24:S,CHEMBL32911,1
CHEMBL3291398::en0_A2:R;A5:S;A11:S;A14:R;A17:S;A19:R;A21:R;A25:R;A30:R;A31:R;A33:R,CHEMBL3291398,0
CHEMBL3291398::en1_A2:R;A5:S;A11:R;A14:R;A17:R;A19:R;A21:S;A25:S;A30:R;A31:R;A33:R,CHEMBL3291398,1
CHEMBL3291398::en2_A2:S;A5:R;A11:S;A14:S;A17:S;A19:S;A21:R;A25:S;A30:S;A31:R;A33:R,CHEMBL3291398,2
CHEMBL3291398::en3_A2:R;A5:R;A11:R;A14:R;A17:S;A19:R;A21:S;A25:S;A30:S;A31:R;A33:R,CHEMBL3291398,3
CHEMBL3291398::en4_A2:S;A5:R;A11:S;A14:R;A17:R;A19:R;A21:R;A25:R;A30:S;A31:R;A33:R,CHEMBL3291398,4
CHEMBL33::en0_A1:R,CHEMBL33,0
CHEMBL33::en1_A1:S,CHEMBL33,1
CHEMBL3301595::en0_A1:R;A4:R,CHEMBL3301595,0
CHEMBL3301595::en1_A1:S;A4:R,CHEMBL3301595,1
CHEMBL3301595::en2_A1:R;A4:S,CHEMBL3301595,2
CHEMBL3301595::en3_A1:S;A4:S,CHEMBL3301595,3
CHEMBL3301604::en0_A6:S;A9:S,CHEMBL3301604,0
CHEMBL3301604::en1_A6:R;A9:R,CHEMBL3301604,1
CHEMBL3301608::en0_A8:R;A31:S,CHEMBL3301608,0
CHEMBL3301608::en1_A8:S;A31:S,CHEMBL3301608,1
CHEMBL3301608::en2_A8:R;A31:R,CHEMBL3301608,2
CHEMBL3301608::en3_A8:S;A31:R,CHEMBL3301608,3
CHEMBL3301612::en0_A5:R,CHEMBL3301612,0
CHEMBL3301612::en1_A5:S,CHEMBL3301612,1
CHEMBL3301613::en0_A2:R;A11:R,CHEMBL3301613,0
CHEMBL3301613::en1_A2:S;A11:S,CHEMBL3301613,1
CHEMBL3301621::en0_A6:S;A10:R,CHEMBL3301621,0
CHEMBL3301621::en1_A6:R;A10:S,CHEMBL3301621,1
CHEMBL3301671::en0_A9:R;A10:S;A13:R;A15:S,CHEMBL3301671,0
CHEMBL3301671::en1_A9:S;A10:S;A13:R;A15:S,CHEMBL3301671,1
CHEMBL3301671::en2_A9:R;A10:R;A13:S;A15:S,CHEMBL3301671,2
CHEMBL3301673::en0_A12:R;A13:S;A26:R;A29:S,CHEMBL3301673,0
CHEMBL3301681::en0_A3:R;A5:R;A6:S;A24:R;A33:S,CHEMBL3301681,0
CHEMBL3301681::en1_A3:S;A5:R;A6:S;A24:R;A33:S,CHEMBL3301681,1
CHEMBL3301681::en2_A3:R;A5:S;A6:S;A24:R;A33:S,CHEMBL3301681,2
CHEMBL3301681::en3_A3:S;A5:S;A6:S;A24:R;A33:S,CHEMBL3301681,3
CHEMBL3301681::en4_A3:R;A5:R;A6:R;A24:R;A33:S,CHEMBL3301681,4
CHEMBL3306803::en0_A11:R;A28:R,CHEMBL3306803,0
CHEMBL3306803::en1_A11:S;A28:R,CHEMBL3306803,1
CHEMBL3306803::en2_A11:R;A28:S,CHEMBL3306803,2
CHEMBL3306803::en3_A11:S;A28:S,CHEMBL3306803,3
CHEMBL331369::en0_A5:S;A15:R;A20:S;A25:S;A30:S,CHEMBL331369,0
CHEMBL331369::en1_A5:R;A15:R;A20:S;A25:S;A30:S,CHEMBL331369,1
CHEMBL331369::en2_A5:S;A15:S;A20:S;A25:S;A30:S,CHEMBL331369,2
CHEMBL331369::en3_A5:R;A15:S;A20:S;A25:S;A30:S,CHEMBL331369,3
CHEMBL331369::en4_A5:S;A15:R;A20:R;A25:S;A30:S,CHEMBL331369,4
CHEMBL331378::en0_A1:S;A16:R;A25:R,CHEMBL331378,0
CHEMBL331378::en1_A1:R;A16:R;A25:R,CHEMBL331378,1
CHEMBL331378::en2_A1:S;A16:S;A25:R,CHEMBL331378,2
CHEMBL331378::en3_A1:R;A16:S;A25:R,CHEMBL331378,3
CHEMBL331378::en4_A1:S;A16:R;A25:S,CHEMBL331378,4
CHEMBL331382::en0_A18:R;A20:R;A23:R;A25:S,CHEMBL331382,0
CHEMBL331382::en1_A18:S;A20:R;A23:R;A25:S,CHEMBL331382,1
CHEMBL331382::en2_A18:R;A20:S;A23:R;A25:S,CHEMBL331382,2
CHEMBL331382::en3_A18:S;A20:S;A23:R;A25:S,CHEMBL331382,3
CHEMBL331382::en4_A18:R;A20:R;A23:S;A25:S,CHEMBL331382,4
CHEMBL3314565::en0_A3:S;A14:S;A26:R,CHEMBL3314565,0
CHEMBL3314565::en1_A3:R;A14:S;A26:R,CHEMBL3314565,1
CHEMBL3314565::en2_A3:S;A14:R;A26:R,CHEMBL3314565,2
CHEMBL3314565::en3_A3:R;A14:R;A26:R,CHEMBL3314565,3
CHEMBL3314565::en4_A3:S;A14:S;A26:S,CHEMBL3314565,4
CHEMBL3317856::en0_A13:S,CHEMBL3317856,0
CHEMBL3317856::en1_A13:R,CHEMBL3317856,1
CHEMBL3317857::en0_A4:S;A7:R,CHEMBL3317857,0
CHEMBL3317857::en1_A4:R;A7:R,CHEMBL3317857,1
CHEMBL3317857::en2_A4:S;A7:S,CHEMBL3317857,2
CHEMBL3317857::en3_A4:R;A7:S,CHEMBL3317857,3
CHEMBL3318007::en0_A3:S;A4:S;A7:R;A10:R,CHEMBL3318007,0
CHEMBL3318007::en1_A3:R;A4:S;A7:S;A10:R,CHEMBL3318007,1
CHEMBL3319236::en0_A10:R,CHEMBL3319236,0
CHEMBL3319236::en1_A10:S,CHEMBL3319236,1
CHEMBL333325::en0_A1:S;A15:S,CHEMBL333325,0
CHEMBL333325::en1_A1:R;A15:S,CHEMBL333325,1
CHEMBL333325::en2_A1:S;A15:R,CHEMBL333325,2
CHEMBL333325::en3_A1:R;A15:R,CHEMBL333325,3
CHEMBL3334567::en0_A1:R,CHEMBL3334567,0
CHEMBL3334567::en1_A1:S,CHEMBL3334567,1
CHEMBL3334824::en0_A3:S;A18:S,CHEMBL3334824,0
CHEMBL3334824::en1_A3:R;A18:S,CHEMBL3334824,1
CHEMBL3334824::en2_A3:S;A18:R,CHEMBL3334824,2
CHEMBL3334824::en3_A3:R;A18:R,CHEMBL3334824,3
CHEMBL3335793::en0_A20:S,CHEMBL3335793,0
CHEMBL3335793::en1_A20:R,CHEMBL3335793,1
CHEMBL3341939::en0_A3:R,CHEMBL3341939,0
CHEMBL3341939::en1_A3:S,CHEMBL3341939,1
CHEMBL334830::en0_A3:S,CHEMBL334830,0
CHEMBL334830::en1_A3:R,CHEMBL334830,1
CHEMBL3348846::en0_A19:S;A22:R,CHEMBL3348846,0
CHEMBL3348846::en1_A19:R;A22:R,CHEMBL3348846,1
CHEMBL3348846::en2_A19:S;A22:S,CHEMBL3348846,2
CHEMBL3348861::en0_A11:R;A21:S,CHEMBL3348861,0
CHEMBL3348861::en1_A11:S;A21:S,CHEMBL3348861,1
CHEMBL3348861::en2_A11:R;A21:R,CHEMBL3348861,2
CHEMBL3348861::en3_A11:S;A21:R,CHEMBL3348861,3
CHEMBL3348923::en0_A1:S,CHEMBL3348923,0
CHEMBL3348923::en1_A1:R,CHEMBL3348923,1
CHEMBL3349001::en0_A2:R;A10:R,CHEMBL3349001,0
CHEMBL3349001::en1_A2:S;A10:R,CHEMBL3349001,1
CHEMBL3349001::en2_A2:R;A10:S,CHEMBL3349001,2
CHEMBL3349001::en3_A2:S;A10:S,CHEMBL3349001,3
CHEMBL334966::en0_A21:R;A23:R;A26:S;A30:R;A40:R;A42:S,CHEMBL334966,0
CHEMBL334966::en1_A21:S;A23:R;A26:S;A30:R;A40:R;A42:S,CHEMBL334966,1
CHEMBL334966::en2_A21:R;A23:S;A26:S;A30:R;A40:R;A42:S,CHEMBL334966,2
CHEMBL334966::en3_A21:S;A23:S;A26:S;A30:R;A40:R;A42:S,CHEMBL334966,3
CHEMBL334966::en4_A21:R;A23:R;A26:R;A30:R;A40:R;A42:S,CHEMBL334966,4
CHEMBL3351077::en0_A5:R;A16:S;A20:S;A31:S,CHEMBL3351077,0
CHEMBL3351077::en1_A16:R;A20:S;A31:S,CHEMBL3351077,1
CHEMBL3351077::en2_A16:S;A20:R;A31:S;A34:R,CHEMBL3351077,2
CHEMBL3351077::en3_A16:R;A20:R;A31:S,CHEMBL3351077,3
CHEMBL3351077::en4_A16:S;A20:S;A31:R,CHEMBL3351077,4
CHEMBL3353541::en0_A1:R,CHEMBL3353541,0
CHEMBL3353541::en1_A1:S,CHEMBL3353541,1
CHEMBL3354637::en0_A2:R;A3:S;A5:R;A7:R,CHEMBL3354637,0
CHEMBL3354637::en1_A2:S;A3:S;A5:R;A7:R,CHEMBL3354637,1
CHEMBL3354637::en2_A2:R;A3:R;A5:R;A7:R,CHEMBL3354637,2
CHEMBL3354637::en3_A2:S;A3:R;A5:R;A7:R,CHEMBL3354637,3
CHEMBL3354637::en4_A2:R;A3:S;A5:S;A7:R,CHEMBL3354637,4
CHEMBL336296::en0_A5:R;A7:R;A10:S;A14:R;A22:R;A24:S,CHEMBL336296,0
CHEMBL336296::en1_A5:S;A7:R;A10:S;A14:R;A22:R;A24:S,CHEMBL336296,1
CHEMBL336296::en2_A5:R;A7:S;A10:S;A14:R;A22:R;A24:S,CHEMBL336296,2
CHEMBL336296::en3_A5:S;A7:S;A10:S;A14:R;A22:R;A24:S,CHEMBL336296,3
CHEMBL336296::en4_A5:R;A7:R;A10:R;A14:R;A22:R;A24:S,CHEMBL336296,4
CHEMBL336920::en0_A4:S,CHEMBL336920,0
CHEMBL336920::en1_A4:R,CHEMBL336920,1
CHEMBL337450::en0_A2:R;A3:S;A5:S;A9:S,CHEMBL337450,0
CHEMBL337450::en1_A2:S;A3:S;A5:S;A9:S,CHEMBL337450,1
CHEMBL337450::en2_A2:R;A3:R;A5:S;A9:S,CHEMBL337450,2
CHEMBL337450::en3_A2:S;A3:R;A5:S;A9:S,CHEMBL337450,3
CHEMBL337450::en4_A2:R;A3:S;A5:R;A9:S,CHEMBL337450,4
CHEMBL3391662::en0_A8:R;A16:S;A18:S;A31:S;A33:S,CHEMBL3391662,0
CHEMBL3391662::en1_A8:S;A16:S;A18:S;A31:S;A33:S,CHEMBL3391662,1
CHEMBL3391662::en2_A8:R;A16:R;A18:S;A31:S;A33:S,CHEMBL3391662,2
CHEMBL3391662::en3_A8:S;A16:R;A18:S;A31:S;A33:S,CHEMBL3391662,3
CHEMBL3391662::en4_A8:R;A16:S;A18:R;A31:S;A33:S,CHEMBL3391662,4
CHEMBL339323::en0_A6:S;A16:S;A17:S;A20:S,CHEMBL339323,0
CHEMBL339323::en1_A6:R;A16:S;A17:S;A20:S,CHEMBL339323,1
CHEMBL339323::en2_A6:S;A16:R;A17:S;A20:S,CHEMBL339323,2
CHEMBL339323::en3_A6:R;A16:R;A17:S;A20:S,CHEMBL339323,3
CHEMBL339323::en4_A6:S;A16:S;A17:R;A20:S,CHEMBL339323,4
CHEMBL339427::en2_A35:R,CHEMBL339427,2
CHEMBL339427::en3_A35:R,CHEMBL339427,3
CHEMBL33986::en0_A7:R;A12:R;A14:S,CHEMBL33986,0
CHEMBL33986::en1_A7:S;A12:R;A14:S,CHEMBL33986,1
CHEMBL33986::en2_A7:R;A12:S;A14:S,CHEMBL33986,2
CHEMBL33986::en3_A7:S;A12:S;A14:S,CHEMBL33986,3
CHEMBL33986::en4_A7:R;A12:R;A14:R,CHEMBL33986,4
CHEMBL3407547::en0_A8:R,CHEMBL3407547,0
CHEMBL3407547::en1_A8:S,CHEMBL3407547,1
CHEMBL3408248::en0_A1:S,CHEMBL3408248,0
CHEMBL3408248::en1_A1:R,CHEMBL3408248,1
CHEMBL3408947::en0_A8:R;A10:R;A25:S;A28:R,CHEMBL3408947,0
CHEMBL3408947::en1_A8:S;A10:R;A25:S;A28:R,CHEMBL3408947,1
CHEMBL3408947::en2_A8:R;A10:S;A25:S;A28:R,CHEMBL3408947,2
CHEMBL3408947::en3_A8:S;A10:S;A25:S;A28:R,CHEMBL3408947,3
CHEMBL3408947::en4_A8:R;A10:R;A25:R;A28:R,CHEMBL3408947,4
CHEMBL3410450::en0_A6:S;A33:S,CHEMBL3410450,0
CHEMBL3410450::en1_A6:R;A33:S,CHEMBL3410450,1
CHEMBL3410450::en2_A6:S;A33:R,CHEMBL3410450,2
CHEMBL3410450::en3_A6:R;A33:R,CHEMBL3410450,3
CHEMBL34124::en0_A17:R,CHEMBL34124,0
CHEMBL34124::en1_A17:S,CHEMBL34124,1
CHEMBL341421::en0_A6:S;A9:R;A12:S;A16:R,CHEMBL341421,0
CHEMBL341421::en1_A6:R;A9:R;A12:S;A16:R,CHEMBL341421,1
CHEMBL341421::en2_A6:S;A9:S;A12:S;A16:R,CHEMBL341421,2
CHEMBL341421::en3_A6:R;A9:S;A12:S;A16:R,CHEMBL341421,3
CHEMBL341421::en4_A6:S;A9:R;A12:R;A16:R,CHEMBL341421,4
CHEMBL3414626::en0_A5:S;A7:S;A18:R;A20:S;A22:R;A24:R,CHEMBL3414626,0
CHEMBL3414626::en1_A5:R;A7:S;A18:R;A20:S;A22:R;A24:S,CHEMBL3414626,1
CHEMBL3414626::en2_A5:S;A7:R;A18:R;A20:S;A22:R;A24:R,CHEMBL3414626,2
CHEMBL3414626::en3_A5:R;A7:R;A18:R;A20:S;A22:R;A24:S,CHEMBL3414626,3
CHEMBL3414626::en4_A5:S;A7:S;A18:S;A20:S;A22:R;A24:R,CHEMBL3414626,4
CHEMBL3417243::en0_A5:R;A7:S;A12:S;A14:S,CHEMBL3417243,0
CHEMBL3417243::en1_A5:S;A7:S;A12:S;A14:S,CHEMBL3417243,1
CHEMBL3417243::en2_A5:R;A7:R;A12:S;A14:S,CHEMBL3417243,2
CHEMBL3417243::en3_A5:S;A7:R;A12:S;A14:S,CHEMBL3417243,3
CHEMBL3417243::en4_A5:R;A7:S;A12:R;A14:S,CHEMBL3417243,4
CHEMBL3417258::en0_A7:S;A11:S;A20:R;A22:R,CHEMBL3417258,0
CHEMBL3417258::en1_A7:R;A11:S;A20:R;A22:R,CHEMBL3417258,1
CHEMBL3417258::en2_A7:S;A11:R;A20:R;A22:R,CHEMBL3417258,2
CHEMBL3417258::en3_A7:R;A11:R;A20:R;A22:R,CHEMBL3417258,3
CHEMBL3417258::en4_A7:S;A11:S;A20:S;A22:R,CHEMBL3417258,4
CHEMBL3422648::en0_A1:S;A3:R;A5:S;A8:S;A12:R;A21:S,CHEMBL3422648,0
CHEMBL3422648::en1_A1:R;A3:R;A5:S;A8:S;A12:R;A21:S,CHEMBL3422648,1
CHEMBL3422648::en2_A1:S;A3:S;A5:S;A8:S;A12:R;A21:S,CHEMBL3422648,2
CHEMBL3422648::en3_A1:R;A3:S;A5:S;A8:S;A12:R;A21:S,CHEMBL3422648,3
CHEMBL3422648::en4_A1:S;A3:R;A5:R;A8:S;A12:R;A21:S,CHEMBL3422648,4
CHEMBL342372::en0_A1:S;A3:R;A25:R,CHEMBL342372,0
CHEMBL342372::en1_A1:R;A3:R;A25:R,CHEMBL342372,1
CHEMBL342372::en2_A1:S;A3:S;A25:R,CHEMBL342372,2
CHEMBL342372::en3_A1:R;A3:S;A25:R,CHEMBL342372,3
CHEMBL342372::en4_A1:S;A3:R;A25:S,CHEMBL342372,4
CHEMBL34259::en0_A22:R,CHEMBL34259,0
CHEMBL34259::en1_A22:S,CHEMBL34259,1
CHEMBL3426621::en0_A1:R,CHEMBL3426621,0
CHEMBL3426621::en1_A1:S,CHEMBL3426621,1
CHEMBL3427435::en0_A5:S;A7:S;A14:S;A20:S,CHEMBL3427435,0
CHEMBL3427435::en1_A5:R;A7:S;A14:S;A20:S,CHEMBL3427435,1
CHEMBL3427435::en2_A5:S;A7:R;A14:S;A20:S,CHEMBL3427435,2
CHEMBL3427435::en3_A5:R;A7:R;A14:S;A20:S,CHEMBL3427435,3
CHEMBL3427435::en4_A5:S;A7:S;A14:R;A20:S,CHEMBL3427435,4
CHEMBL343633::en0_A5:S,CHEMBL343633,0
CHEMBL343633::en1_A5:R,CHEMBL343633,1
CHEMBL346178::en0_A18:R,CHEMBL346178,0
CHEMBL346178::en1_A18:S,CHEMBL346178,1
CHEMBL348763::en0_A6:S;A23:S,CHEMBL348763,0
CHEMBL348763::en1_A6:R;A23:S,CHEMBL348763,1
CHEMBL348763::en2_A6:S;A23:R,CHEMBL348763,2
CHEMBL348763::en3_A6:R;A23:R,CHEMBL348763,3
CHEMBL349811::en0_A23:R,CHEMBL349811,0
CHEMBL349811::en1_A23:S,CHEMBL349811,1
CHEMBL350775::en0_A14:R,CHEMBL350775,0
CHEMBL350775::en1_A14:S,CHEMBL350775,1
CHEMBL3527358::en0_A2:S;A3:R;A8:S;A17:R;A20:R;A21:S;A24:R,CHEMBL3527358,0
CHEMBL3527358::en1_A2:R;A3:R;A8:S;A17:R;A20:R;A21:S;A24:R,CHEMBL3527358,1
CHEMBL3527358::en2_A2:S;A3:S;A8:S;A17:R;A20:R;A21:S;A24:R,CHEMBL3527358,2
CHEMBL3527358::en3_A2:R;A3:S;A8:S;A17:R;A20:R;A21:S;A24:R,CHEMBL3527358,3
CHEMBL3527358::en4_A2:S;A3:R;A8:R;A17:R;A20:R;A21:S;A24:R,CHEMBL3527358,4
CHEMBL3527416::en0_A1:S;A3:S;A6:S;A8:R;A34:R;A36:R;A38:S;A40:R;A42:R;A44:S,CHEMBL3527416,0
CHEMBL3527416::en1_A1:R;A3:S;A6:S;A8:R;A34:R;A36:R;A38:S;A40:R;A42:R;A44:S,CHEMBL3527416,1
CHEMBL3527416::en2_A1:S;A3:R;A6:S;A8:R;A34:R;A36:R;A38:S;A40:R;A42:R;A44:S,CHEMBL3527416,2
CHEMBL3527416::en3_A1:R;A3:R;A6:S;A8:R;A34:R;A36:R;A38:S;A40:R;A42:R;A44:S,CHEMBL3527416,3
CHEMBL3527416::en4_A1:S;A3:S;A6:R;A8:R;A34:R;A36:R;A38:S;A40:R;A42:R;A44:S,CHEMBL3527416,4
CHEMBL3542265::en0_A7:R,CHEMBL3542265,0
CHEMBL3542265::en1_A7:S,CHEMBL3542265,1
CHEMBL3544913::en0_A3:S;A6:R,CHEMBL3544913,0
CHEMBL3544913::en1_A3:R;A6:R,CHEMBL3544913,1
CHEMBL3544913::en2_A3:S;A6:S,CHEMBL3544913,2
CHEMBL3544913::en3_A3:R;A6:S,CHEMBL3544913,3
CHEMBL3544916::en0_A5:S;A7:S;A9:R;A14:S;A16:S;A29:S;A31:S,CHEMBL3544916,0
CHEMBL3544916::en1_A5:R;A7:S;A9:R;A14:S;A16:S;A29:S;A31:S,CHEMBL3544916,1
CHEMBL3544916::en2_A5:S;A7:R;A9:R;A14:S;A16:S;A29:S;A31:S,CHEMBL3544916,2
CHEMBL3544916::en3_A5:R;A7:R;A9:R;A14:S;A16:S;A29:S;A31:S,CHEMBL3544916,3
CHEMBL3544916::en4_A5:S;A7:S;A9:S;A14:S;A16:S;A29:S;A31:S,CHEMBL3544916,4
CHEMBL3544919::en0_A7:S;A25:R,CHEMBL3544919,0
CHEMBL3544919::en1_A7:R;A25:R,CHEMBL3544919,1
CHEMBL3544919::en2_A7:S;A25:S,CHEMBL3544919,2
CHEMBL3544960::en0_A2:R,CHEMBL3544960,0
CHEMBL3544960::en1_A2:S,CHEMBL3544960,1
CHEMBL3544964::en0_A16:S,CHEMBL3544964,0
CHEMBL3544964::en1_A16:R,CHEMBL3544964,1
CHEMBL3544975::en0_A20:S,CHEMBL3544975,0
CHEMBL3544975::en1_A20:R,CHEMBL3544975,1
CHEMBL3544977::en0_A5:S;A9:S;A34:S;A36:S;A41:S;A45:R;A65:S;A70:S,CHEMBL3544977,0
CHEMBL3544977::en1_A5:R;A9:S;A34:S;A36:S;A41:S;A45:R;A65:S;A70:S,CHEMBL3544977,1
CHEMBL3544977::en2_A5:S;A9:R;A34:S;A36:S;A41:S;A45:R;A65:S;A70:S,CHEMBL3544977,2
CHEMBL3544977::en3_A5:R;A9:R;A34:S;A36:S;A41:S;A45:R;A65:S;A70:S,CHEMBL3544977,3
CHEMBL3544977::en4_A5:S;A9:S;A34:R;A36:S;A41:S;A45:R;A65:S;A70:S,CHEMBL3544977,4
CHEMBL3544983::en0_A24:R;A26:S;A31:R,CHEMBL3544983,0
CHEMBL3544983::en1_A24:S;A26:S;A31:R,CHEMBL3544983,1
CHEMBL3544983::en2_A26:R;A31:R,CHEMBL3544983,2
CHEMBL3544983::en3_A26:S;A31:S,CHEMBL3544983,3
CHEMBL3545011::en0_A1:R;A2:S;A4:R;A15:S;A22:R;A26:S,CHEMBL3545011,0
CHEMBL3545011::en1_A1:S;A2:S;A4:R;A15:S;A22:R;A26:S,CHEMBL3545011,1
CHEMBL3545011::en2_A1:R;A2:R;A4:R;A15:S;A22:R;A26:S,CHEMBL3545011,2
CHEMBL3545011::en3_A1:S;A2:R;A4:R;A15:S;A22:R;A26:S,CHEMBL3545011,3
CHEMBL3545011::en4_A1:R;A2:S;A4:S;A15:S;A22:R;A26:S,CHEMBL3545011,4
CHEMBL3545035::en0_A8:R;A26:S,CHEMBL3545035,0
CHEMBL3545035::en1_A8:S;A26:S,CHEMBL3545035,1
CHEMBL3545035::en2_A8:R;A26:R,CHEMBL3545035,2
CHEMBL3545035::en3_A8:S;A26:R,CHEMBL3545035,3
CHEMBL3545040::en0_A12:R;A16:S;A29:S,CHEMBL3545040,0
CHEMBL3545040::en1_A12:S;A16:S;A29:S,CHEMBL3545040,1
CHEMBL3545040::en2_A12:R;A16:R;A29:S,CHEMBL3545040,2
CHEMBL3545040::en3_A12:S;A16:R;A29:S,CHEMBL3545040,3
CHEMBL3545040::en4_A12:R;A16:S;A29:R,CHEMBL3545040,4
CHEMBL3545057::en0_A4:S;A6:S;A8:R;A9:S;A12:S;A14:R;A15:R;A18:R;A20:S;A23:S;A25:R;A28:R;A29:R;A32:S;A34:S;A43:S;A47:S;A50:R;A53:S;A55:R,CHEMBL3545057,0
CHEMBL3545057::en1_A4:S;A6:S;A8:R;A9:S;A12:S;A14:S;A15:R;A18:S;A20:S;A23:R;A25:R;A28:S;A29:S;A32:S;A34:R;A43:R;A47:S;A50:R;A53:S;A55:R,CHEMBL3545057,1
CHEMBL3545057::en2_A4:S;A6:R;A8:R;A9:R;A12:S;A14:S;A15:R;A18:R;A20:R;A23:S;A25:S;A28:R;A29:S;A32:R;A34:S;A43:R;A47:S;A50:R;A53:R;A55:R,CHEMBL3545057,2
CHEMBL3545057::en3_A4:S;A6:S;A8:R;A9:S;A12:R;A14:R;A15:R;A18:S;A20:S;A23:R;A25:R;A28:S;A29:R;A32:R;A34:S;A43:R;A47:R;A50:S;A53:S;A55:R,CHEMBL3545057,3
CHEMBL3545057::en4_A4:S;A6:S;A8:R;A9:S;A12:S;A14:S;A15:R;A18:R;A20:S;A23:R;A25:S;A28:S;A29:S;A32:R;A34:S;A43:S;A47:S;A50:R;A53:S;A55:S,CHEMBL3545057,4
CHEMBL3545123::en0_A5:S;A12:R;A18:S;A21:R;A27:S;A34:R;A40:S;A76:S,CHEMBL3545123,0
CHEMBL3545125::en0_A4:S;A5:R;A8:S,CHEMBL3545125,0
CHEMBL3545125::en1_A4:R;A5:R;A8:S,CHEMBL3545125,1
CHEMBL3545125::en2_A4:S;A5:S;A8:S,CHEMBL3545125,2
CHEMBL3545125::en3_A4:R;A5:S;A8:S,CHEMBL3545125,3
CHEMBL3545125::en4_A4:S;A5:R;A8:R,CHEMBL3545125,4
CHEMBL3545163::en0_A5:R;A7:S;A14:R;A28:S;A30:R,CHEMBL3545163,0
CHEMBL3545163::en1_A5:S;A7:S;A14:R;A28:S;A30:R,CHEMBL3545163,1
CHEMBL3545163::en2_A5:R;A7:R;A14:R;A28:S;A30:R,CHEMBL3545163,2
CHEMBL3545163::en3_A5:S;A7:R;A14:R;A28:S;A30:R,CHEMBL3545163,3
CHEMBL3545163::en4_A5:R;A7:S;A14:S;A28:S;A30:R,CHEMBL3545163,4
CHEMBL3545164::en0_A1:S,CHEMBL3545164,0
CHEMBL3545164::en1_A1:R,CHEMBL3545164,1
CHEMBL3545211::en0_A13:S;A16:R;A17:R;A18:S;A21:R;A31:S,CHEMBL3545211,0
CHEMBL3545211::en1_A13:R;A16:R;A17:R;A18:S;A21:R;A31:S,CHEMBL3545211,1
CHEMBL3545211::en2_A13:S;A16:S;A17:R;A18:S;A21:R;A31:S,CHEMBL3545211,2
CHEMBL3545211::en3_A13:R;A16:S;A17:R;A18:S;A21:R;A31:S,CHEMBL3545211,3
CHEMBL3545211::en4_A13:S;A16:R;A17:S;A18:S;A21:R;A31:S,CHEMBL3545211,4
CHEMBL3545233::en0_A2:S,CHEMBL3545233,0
CHEMBL3545233::en1_A2:R,CHEMBL3545233,1
CHEMBL3545237::en0_A2:R;A6:R;A7:R;A10:R;A12:R;A16:S;A18:R;A21:S,CHEMBL3545237,0
CHEMBL3545237::en1_A2:S;A6:R;A7:R;A10:R;A12:R;A16:S;A18:R;A21:S,CHEMBL3545237,1
CHEMBL3545237::en2_A2:R;A6:S;A7:R;A10:R;A12:R;A16:S;A18:R;A21:S,CHEMBL3545237,2
CHEMBL3545237::en3_A2:S;A6:S;A7:R;A10:R;A12:R;A16:S;A18:R;A21:S,CHEMBL3545237,3
CHEMBL3545237::en4_A2:R;A6:R;A7:S;A10:R;A12:R;A16:S;A18:R;A21:S,CHEMBL3545237,4
CHEMBL3545254::en0_A6:S;A8:S;A11:R;A12:S;A22:R;A24:R;A27:R,CHEMBL3545254,0
CHEMBL3545254::en1_A6:R;A8:S;A11:R;A12:S;A22:R;A24:R;A27:R,CHEMBL3545254,1
CHEMBL3545254::en2_A6:S;A8:R;A11:R;A12:S;A22:R;A24:R;A27:R,CHEMBL3545254,2
CHEMBL3545254::en3_A6:R;A8:R;A11:R;A12:S;A22:R;A24:R;A27:R,CHEMBL3545254,3
CHEMBL3545254::en4_A6:S;A8:S;A11:S;A12:S;A22:R;A24:R;A27:R,CHEMBL3545254,4
CHEMBL3545274::en0_A19:R,CHEMBL3545274,0
CHEMBL3545274::en1_A19:S,CHEMBL3545274,1
CHEMBL3545289::en0_A1:S,CHEMBL3545289,0
CHEMBL3545333::en0_A7:S;A9:R;A12:R;A14:R;A17:S;A31:S;A34:S,CHEMBL3545333,0
CHEMBL3545333::en1_A7:R;A9:R;A12:R;A14:R;A17:S;A31:S;A34:S,CHEMBL3545333,1
CHEMBL3545333::en2_A7:S;A9:S;A12:R;A14:R;A17:S;A31:S;A34:S,CHEMBL3545333,2
CHEMBL3545333::en3_A7:R;A9:S;A12:R;A14:R;A17:S;A31:S;A34:S,CHEMBL3545333,3
CHEMBL3545333::en4_A7:S;A9:R;A12:S;A14:R;A17:S;A31:S;A34:S,CHEMBL3545333,4
CHEMBL3545363::en0_A4:S;A9:R;A13:S;A32:R;A34:R;A38:R;A50:S,CHEMBL3545363,0
CHEMBL3545363::en1_A4:R;A9:R;A13:S;A32:R;A34:R;A38:R;A50:S,CHEMBL3545363,1
CHEMBL3545363::en2_A4:S;A9:S;A13:S;A32:R;A34:R;A38:R;A50:S,CHEMBL3545363,2
CHEMBL3545363::en3_A4:R;A9:S;A13:S;A32:R;A34:R;A38:R;A50:S,CHEMBL3545363,3
CHEMBL3545363::en4_A4:S;A9:R;A13:R;A32:R;A34:R;A38:R;A50:S,CHEMBL3545363,4
CHEMBL3545367::en0_A7:R;A16:S,CHEMBL3545367,0
CHEMBL3545367::en1_A7:S;A16:S,CHEMBL3545367,1
CHEMBL3545367::en2_A7:R;A16:R,CHEMBL3545367,2
CHEMBL3545367::en3_A7:S;A16:R,CHEMBL3545367,3
CHEMBL3545391::en0_A3:S;A7:R;A8:R;A19:R;A30:S,CHEMBL3545391,0
CHEMBL3545391::en1_A3:R;A7:R;A8:S;A19:S;A30:S,CHEMBL3545391,1
CHEMBL3545391::en2_A3:S;A7:S;A8:S;A19:S;A30:S,CHEMBL3545391,2
CHEMBL3545391::en3_A3:R;A7:S;A8:R;A19:R;A30:S,CHEMBL3545391,3
CHEMBL3545391::en4_A3:S;A7:R;A8:R;A19:S;A30:S,CHEMBL3545391,4
CHEMBL3545396::en0_A20:S;A22:R,CHEMBL3545396,0
CHEMBL3545396::en1_A20:R;A22:R,CHEMBL3545396,1
CHEMBL3545396::en2_A20:S;A22:S,CHEMBL3545396,2
CHEMBL3545396::en3_A20:R;A22:S,CHEMBL3545396,3
CHEMBL3545407::en0_A5:S;A7:S;A23:R;A25:S,CHEMBL3545407,0
CHEMBL3545407::en1_A5:R;A7:S;A23:R;A25:S,CHEMBL3545407,1
CHEMBL3545407::en2_A5:S;A7:R;A23:R;A25:S,CHEMBL3545407,2
CHEMBL3545407::en3_A5:R;A7:R;A23:R;A25:S,CHEMBL3545407,3
CHEMBL3545407::en4_A5:S;A7:S;A23:S;A25:S,CHEMBL3545407,4
CHEMBL3545408::en0_A11:R;A14:R;A16:S;A25:R;A33:S,CHEMBL3545408,0
CHEMBL3545408::en1_A11:S;A14:R;A16:S;A25:R;A33:S,CHEMBL3545408,1
CHEMBL3545408::en2_A11:R;A14:S;A16:S;A25:R;A33:S,CHEMBL3545408,2
CHEMBL3545408::en3_A11:S;A14:S;A16:S;A25:R;A33:S,CHEMBL3545408,3
CHEMBL3547132::en0_A1:R,CHEMBL3547132,0
CHEMBL3547132::en1_A1:S,CHEMBL3547132,1
CHEMBL35493::en0_A6:R;A8:S,CHEMBL35493,0
CHEMBL35493::en1_A6:S;A8:R,CHEMBL35493,1
CHEMBL3549904::en0_A3:S;A8:S;A10:R;A12:S;A14:S;A16:S;A19:R;A21:R;A23:S;A25:R;A27:S;A29:S;A32:S;A34:R;A36:S,CHEMBL3549904,0
CHEMBL3549904::en1_A3:R;A8:R;A10:S;A12:S;A14:R;A16:R;A19:R;A21:S;A23:R;A25:S;A27:S;A29:S;A32:R;A34:R;A36:S,CHEMBL3549904,1
CHEMBL3549904::en2_A3:R;A8:S;A10:S;A12:R;A14:R;A16:S;A19:S;A21:S;A23:S;A25:S;A27:R;A29:R;A32:S;A34:R;A36:R,CHEMBL3549904,2
CHEMBL3549904::en3_A3:S;A8:R;A10:S;A12:R;A14:S;A16:R;A19:R;A21:S;A23:S;A25:S;A27:R;A29:R;A32:S;A34:S;A36:S,CHEMBL3549904,3
CHEMBL3549904::en4_A3:S;A8:S;A10:R;A12:S;A14:R;A16:R;A19:S;A21:S;A23:R;A25:S;A27:S;A29:S;A32:S;A34:S;A36:R,CHEMBL3549904,4
CHEMBL356301::en0_A24:R,CHEMBL356301,0
CHEMBL356301::en1_A24:S,CHEMBL356301,1
CHEMBL3577885::en0_A1:R,CHEMBL3577885,0
CHEMBL3577885::en1_A1:S,CHEMBL3577885,1
CHEMBL3580454::en0_A11:S;A15:S;A19:R;A27:S,CHEMBL3580454,0
CHEMBL3580454::en1_A11:R;A15:S;A19:R;A27:S,CHEMBL3580454,1
CHEMBL3580454::en2_A11:S;A15:R;A19:R;A27:S,CHEMBL3580454,2
CHEMBL3580454::en3_A11:R;A15:R;A19:R;A27:S,CHEMBL3580454,3
CHEMBL3580454::en4_A11:S;A15:S;A19:S;A27:S,CHEMBL3580454,4
CHEMBL3580737::en0_A14:R,CHEMBL3580737,0
CHEMBL3580737::en1_A14:S,CHEMBL3580737,1
CHEMBL3581647::en0_A16:R,CHEMBL3581647,0
CHEMBL3581647::en1_A16:S,CHEMBL3581647,1
CHEMBL3586404::en0_A2:S;A5:S,CHEMBL3586404,0
CHEMBL3586404::en1_A2:R;A5:R,CHEMBL3586404,1
CHEMBL3590106::en0_A14:S,CHEMBL3590106,0
CHEMBL3590106::en1_A14:R,CHEMBL3590106,1
CHEMBL3590187::en0_A5:R;A12:R;A13:R;A22:R;A24:R;A27:S,CHEMBL3590187,0
CHEMBL3590187::en1_A5:S;A12:R;A13:R;A22:R;A24:R;A27:S,CHEMBL3590187,1
CHEMBL3590187::en2_A5:R;A12:S;A13:R;A22:R;A24:R;A27:S,CHEMBL3590187,2
CHEMBL3590187::en3_A5:S;A12:S;A13:R;A22:R;A24:R;A27:S,CHEMBL3590187,3
CHEMBL3590187::en4_A5:R;A12:R;A13:S;A22:R;A24:R;A27:S,CHEMBL3590187,4
CHEMBL359164::en0_A5:S;A8:S,CHEMBL359164,0
CHEMBL359164::en1_A5:R;A8:S,CHEMBL359164,1
CHEMBL359164::en2_A5:S;A8:R,CHEMBL359164,2
CHEMBL359164::en3_A5:R;A8:R,CHEMBL359164,3
CHEMBL3601398::en0_A12:S;A28:S;A31:R,CHEMBL3601398,0
CHEMBL3601398::en1_A12:R;A28:S;A31:S,CHEMBL3601398,1
CHEMBL3601398::en2_A12:S;A28:R;A31:S,CHEMBL3601398,2
CHEMBL3601398::en3_A12:R;A28:R;A31:R,CHEMBL3601398,3
CHEMBL3601411::en0_A1:R;A3:S;A27:R;A30:S,CHEMBL3601411,0
CHEMBL3601411::en1_A1:S;A3:S;A27:R;A30:S,CHEMBL3601411,1
CHEMBL3601411::en2_A1:R;A3:R;A27:R;A30:S,CHEMBL3601411,2
CHEMBL3601411::en3_A1:R;A3:S;A27:S;A30:S,CHEMBL3601411,3
CHEMBL3601411::en4_A1:S;A3:S;A27:S;A30:S,CHEMBL3601411,4
CHEMBL36015::en0_A24:S,CHEMBL36015,0
CHEMBL36015::en1_A24:R,CHEMBL36015,1
CHEMBL360216::en0_A10:R,CHEMBL360216,0
CHEMBL360216::en1_A10:S,CHEMBL360216,1
CHEMBL360328::en0_A1:S,CHEMBL360328,0
CHEMBL360328::en1_A1:R,CHEMBL360328,1
CHEMBL3608680::en0_A22:R,CHEMBL3608680,0
CHEMBL3608680::en1_A22:S,CHEMBL3608680,1
CHEMBL3613118::en0_A15:R;A20:S;A22:S,CHEMBL3613118,0
CHEMBL3613118::en1_A15:S;A20:S;A22:S,CHEMBL3613118,1
CHEMBL3613118::en2_A15:R;A20:R;A22:R,CHEMBL3613118,2
CHEMBL361812::en0_A15:R,CHEMBL361812,0
CHEMBL361812::en1_A15:S,CHEMBL361812,1
CHEMBL3622821::en0_A2:S;A14:R,CHEMBL3622821,0
CHEMBL3622821::en1_A2:R;A14:R,CHEMBL3622821,1
CHEMBL3622821::en2_A2:S;A14:S,CHEMBL3622821,2
CHEMBL3622821::en3_A2:R;A14:S,CHEMBL3622821,3
CHEMBL3623004::en0_A1:R;A12:S,CHEMBL3623004,0
CHEMBL3623004::en1_A1:S;A12:S,CHEMBL3623004,1
CHEMBL3623004::en2_A1:R;A12:R,CHEMBL3623004,2
CHEMBL3623004::en3_A1:S;A12:R,CHEMBL3623004,3
CHEMBL3623004::en4_A1:R;A12:S,CHEMBL3623004,4
CHEMBL3623290::en0_A30:S,CHEMBL3623290,0
CHEMBL3623290::en1_A30:R,CHEMBL3623290,1
CHEMBL363392::en0_A22:S;A46:S,CHEMBL363392,0
CHEMBL363392::en1_A22:R;A46:S,CHEMBL363392,1
CHEMBL363392::en2_A22:S;A46:R,CHEMBL363392,2
CHEMBL363392::en3_A22:R;A46:R,CHEMBL363392,3
CHEMBL364447::en0_A4:R;A6:S;A11:S;A13:S;A15:S;A21:S;A23:S;A25:R;A29:R;A32:R;A36:S;A38:S;A40:R,CHEMBL364447,0
CHEMBL364447::en1_A4:S;A6:S;A11:R;A13:R;A15:R;A21:S;A23:S;A25:R;A29:R;A32:S;A36:R;A38:S;A40:R,CHEMBL364447,1
CHEMBL364447::en2_A4:R;A6:S;A11:S;A13:R;A15:R;A21:R;A23:S;A25:S;A29:R;A32:S;A36:R;A38:R;A40:S,CHEMBL364447,2
CHEMBL364447::en3_A4:R;A6:S;A11:S;A13:S;A15:R;A21:R;A23:R;A25:S;A29:S;A32:R;A36:R;A38:R;A40:R,CHEMBL364447,3
CHEMBL364447::en4_A4:S;A6:S;A11:S;A13:R;A15:R;A21:S;A23:S;A25:S;A29:R;A32:R;A36:R;A38:S;A40:S,CHEMBL364447,4
CHEMBL3644672::en0_A6:R,CHEMBL3644672,0
CHEMBL3644672::en1_A6:S,CHEMBL3644672,1
CHEMBL364713::en0_A13:S;A14:S,CHEMBL364713,0
CHEMBL364713::en1_A13:R;A14:S,CHEMBL364713,1
CHEMBL364713::en2_A13:S;A14:R,CHEMBL364713,2
CHEMBL364713::en3_A13:R;A14:R,CHEMBL364713,3
CHEMBL3647420::en0_A36:S,CHEMBL3647420,0
CHEMBL3647420::en1_A36:R,CHEMBL3647420,1
CHEMBL3647420::en2_A36:S,CHEMBL3647420,2
CHEMBL3647420::en3_A36:R,CHEMBL3647420,3
CHEMBL36503::en0_A5:S;A7:R;A26:R,CHEMBL36503,0
CHEMBL36503::en1_A5:R;A7:R;A26:R,CHEMBL36503,1
CHEMBL36503::en2_A5:S;A7:S;A26:R,CHEMBL36503,2
CHEMBL36503::en3_A5:R;A7:S;A26:R,CHEMBL36503,3
CHEMBL36503::en4_A5:S;A7:R;A26:S,CHEMBL36503,4
CHEMBL36506::en0_A2:R;A3:R;A8:S;A10:R,CHEMBL36506,0
CHEMBL36506::en1_A2:S;A3:R;A8:S;A10:R,CHEMBL36506,1
CHEMBL36506::en2_A2:R;A3:S;A8:S;A10:R,CHEMBL36506,2
CHEMBL36506::en3_A2:S;A3:S;A8:S;A10:R,CHEMBL36506,3
CHEMBL36506::en4_A2:R;A3:R;A8:R;A10:R,CHEMBL36506,4
CHEMBL3651966::en0_A1:S;A3:S;A6:R,CHEMBL3651966,0
CHEMBL3651966::en1_A1:R;A3:S;A6:R,CHEMBL3651966,1
CHEMBL3651966::en2_A1:S;A3:R;A6:R,CHEMBL3651966,2
CHEMBL3651966::en3_A1:R;A3:R;A6:R,CHEMBL3651966,3
CHEMBL3651966::en4_A1:S;A3:S;A6:S,CHEMBL3651966,4
CHEMBL3655081::en0_A7:S;A9:S,CHEMBL3655081,0
CHEMBL3655081::en1_A7:R;A9:R,CHEMBL3655081,1
CHEMBL3659477::en0_A8:R,CHEMBL3659477,0
CHEMBL3659477::en1_A8:S,CHEMBL3659477,1
CHEMBL3659497::en0_A15:R,CHEMBL3659497,0
CHEMBL3659497::en1_A15:S,CHEMBL3659497,1
CHEMBL366208::en0_A14:S,CHEMBL366208,0
CHEMBL366208::en1_A14:R,CHEMBL366208,1
CHEMBL3666807::en0_A1:S;A9:R;A27:R,CHEMBL3666807,0
CHEMBL3666807::en1_A1:R;A9:R;A27:R,CHEMBL3666807,1
CHEMBL3666807::en2_A1:S;A9:S;A27:R,CHEMBL3666807,2
CHEMBL3666807::en3_A1:R;A9:S;A27:R,CHEMBL3666807,3
CHEMBL3666807::en4_A1:S;A9:R;A27:S,CHEMBL3666807,4
CHEMBL3669417::en0_A8:S;A24:R,CHEMBL3669417,0
CHEMBL3669417::en1_A8:R;A24:R,CHEMBL3669417,1
CHEMBL3669417::en2_A8:S;A24:S,CHEMBL3669417,2
CHEMBL3669417::en3_A8:R;A24:S,CHEMBL3669417,3
CHEMBL366947::en0_A12:S,CHEMBL366947,0
CHEMBL366947::en1_A12:R,CHEMBL366947,1
CHEMBL3670685::en0_A1:S,CHEMBL3670685,0
CHEMBL3670685::en1_A1:R,CHEMBL3670685,1
CHEMBL3670800::en0_A14:S,CHEMBL3670800,0
CHEMBL3670800::en1_A14:R,CHEMBL3670800,1
CHEMBL3673096::en0_A24:S,CHEMBL3673096,0
CHEMBL3673096::en1_A24:R,CHEMBL3673096,1
CHEMBL3694493::en0_A27:S;A30:S,CHEMBL3694493,0
CHEMBL3694493::en1_A27:R;A30:R,CHEMBL3694493,1
CHEMBL3696475::en0_A3:S;A11:R,CHEMBL3696475,0
CHEMBL3696475::en1_A3:R;A11:R,CHEMBL3696475,1
CHEMBL3696475::en2_A3:S;A11:S,CHEMBL3696475,2
CHEMBL3701238::en0_A7:S,CHEMBL3701238,0
CHEMBL3701238::en1_A7:R,CHEMBL3701238,1
CHEMBL370143::en0_A2:R;A4:S;A6:S;A7:R;A9:S;A11:R;A12:S;A14:R;A17:S;A19:S;A21:R;A23:S;A26:S;A28:S;A30:S;A33:R;A36:R;A38:R;A40:R,CHEMBL370143,0
CHEMBL370143::en1_A2:S;A4:R;A6:R;A7:R;A9:R;A11:S;A12:R;A14:R;A17:R;A19:R;A21:R;A23:S;A26:R;A28:S;A30:S;A33:S;A36:R;A38:R;A40:R,CHEMBL370143,1
CHEMBL370143::en2_A2:R;A4:R;A6:R;A7:S;A9:S;A11:R;A12:R;A14:R;A17:S;A19:S;A21:R;A23:S;A26:R;A28:R;A30:R;A33:S;A36:R;A38:R;A40:S,CHEMBL370143,2
CHEMBL370143::en3_A2:S;A4:S;A6:S;A7:S;A9:S;A11:R;A12:R;A14:R;A17:S;A19:R;A21:R;A23:R;A26:S;A28:S;A30:R;A33:S;A36:S;A38:S;A40:S,CHEMBL370143,3
CHEMBL370143::en4_A2:R;A4:R;A6:R;A7:S;A9:R;A11:R;A12:R;A14:S;A17:R;A19:S;A21:R;A23:R;A26:R;A28:R;A30:R;A33:R;A36:S;A38:S;A40:R,CHEMBL370143,4
CHEMBL3702854::en0_A13:S,CHEMBL3702854,0
CHEMBL3702854::en1_A13:R,CHEMBL3702854,1
CHEMBL3702854::en2_A13:S,CHEMBL3702854,2
CHEMBL3702854::en3_A13:R,CHEMBL3702854,3
CHEMBL3703921::en0_A2:S;A4:R;A25:R;A27:S;A29:S,CHEMBL3703921,0
CHEMBL3703921::en1_A2:R;A4:R;A25:R;A27:S;A29:S,CHEMBL3703921,1
CHEMBL3703921::en2_A2:S;A4:S;A25:R;A27:S;A29:S,CHEMBL3703921,2
CHEMBL3703921::en3_A2:R;A4:S;A25:R;A27:S;A29:S,CHEMBL3703921,3
CHEMBL3703921::en4_A2:S;A4:R;A25:S;A27:S;A29:S,CHEMBL3703921,4
CHEMBL3706389::en0_A15:S;A17:S;A20:S;A22:S,CHEMBL3706389,0
CHEMBL3706389::en1_A15:R;A17:S;A20:S;A22:S,CHEMBL3706389,1
CHEMBL3706389::en2_A15:S;A17:R;A20:S;A22:S,CHEMBL3706389,2
CHEMBL3706389::en3_A15:R;A17:R;A20:S;A22:S,CHEMBL3706389,3
CHEMBL3706389::en4_A15:S;A17:S;A20:R;A22:S,CHEMBL3706389,4
CHEMBL3707212::en0_A3:S;A7:R;A8:R;A17:R;A18:R;A21:S,CHEMBL3707212,0
CHEMBL3707212::en1_A3:R;A7:R;A8:R;A17:R;A18:R;A21:S,CHEMBL3707212,1
CHEMBL3707212::en2_A3:S;A7:S;A8:R;A17:R;A18:R;A21:S,CHEMBL3707212,2
CHEMBL3707212::en3_A3:R;A7:S;A8:R;A17:R;A18:R;A21:S,CHEMBL3707212,3
CHEMBL3707212::en4_A3:S;A7:R;A8:S;A17:R;A18:R;A21:S,CHEMBL3707212,4
CHEMBL3707222::en0_A4:S;A20:S;A30:R;A32:R;A39:S;A41:S;A50:S;A53:S,CHEMBL3707222,0
CHEMBL3707222::en1_A4:R;A20:S;A30:R;A32:R;A39:S;A41:S;A50:S;A53:S,CHEMBL3707222,1
CHEMBL3707222::en2_A4:S;A20:R;A30:R;A32:R;A39:S;A41:S;A50:S;A53:S,CHEMBL3707222,2
CHEMBL3707222::en3_A4:R;A20:R;A30:R;A32:R;A39:S;A41:S;A50:S;A53:S,CHEMBL3707222,3
CHEMBL3707222::en4_A4:S;A20:S;A30:S;A32:R;A39:S;A41:S;A50:S;A53:S,CHEMBL3707222,4
CHEMBL3707224::en0_A10:S;A14:R,CHEMBL3707224,0
CHEMBL3707224::en1_A10:S;A14:R,CHEMBL3707224,1
CHEMBL3707224::en2_A10:R;A14:R,CHEMBL3707224,2
CHEMBL3707224::en3_A10:R;A14:R,CHEMBL3707224,3
CHEMBL3707224::en4_A10:S;A14:S,CHEMBL3707224,4
CHEMBL3707231::en0_A1:S;A8:R;A11:R;A12:S;A14:S;A16:S;A22:R;A25:S;A27:S,CHEMBL3707231,0
CHEMBL3707231::en1_A1:R;A8:R;A11:R;A12:S;A14:S;A16:S;A22:R;A25:S;A27:S,CHEMBL3707231,1
CHEMBL3707231::en2_A1:S;A8:S;A11:R;A12:S;A14:S;A16:S;A22:R;A25:S;A27:S,CHEMBL3707231,2
CHEMBL3707231::en3_A1:R;A8:S;A11:R;A12:S;A14:S;A16:S;A22:R;A25:S;A27:S,CHEMBL3707231,3
CHEMBL3707231::en4_A1:S;A8:R;A11:S;A12:S;A14:S;A16:S;A22:R;A25:S;A27:S,CHEMBL3707231,4
CHEMBL3707235::en0_A1:R,CHEMBL3707235,0
CHEMBL3707235::en1_A1:S,CHEMBL3707235,1
CHEMBL3707247::en0_A19:S,CHEMBL3707247,0
CHEMBL3707247::en1_A19:R,CHEMBL3707247,1
CHEMBL3707263::en0_A1:S;A14:R;A17:S;A18:R;A19:S;A22:R;A24:S;A28:R;A30:S;A32:R;A34:S,CHEMBL3707263,0
CHEMBL3707263::en1_A1:S;A14:R;A17:S;A18:S;A19:S;A22:R;A24:S;A28:R;A30:R;A32:R;A34:R,CHEMBL3707263,1
CHEMBL3707263::en2_A1:R;A14:R;A17:S;A18:R;A19:S;A22:S;A24:R;A28:S;A30:S;A32:S;A34:R,CHEMBL3707263,2
CHEMBL3707263::en3_A1:R;A14:S;A17:R;A18:R;A19:R;A22:S;A24:S;A28:R;A30:R;A32:S;A34:R,CHEMBL3707263,3
CHEMBL3707263::en4_A1:S;A14:S;A17:S;A18:R;A19:R;A22:S;A24:R;A28:S;A30:S;A32:R;A34:R,CHEMBL3707263,4
CHEMBL3707286::en0_A19:S;A21:R;A24:R;A26:R;A28:R;A30:S;A32:S;A34:R;A36:S;A38:S,CHEMBL3707286,0
CHEMBL3707286::en1_A19:R;A21:R;A24:R;A26:R;A28:R;A30:S;A32:S;A34:R;A36:S;A38:S,CHEMBL3707286,1
CHEMBL3707286::en2_A19:S;A21:S;A24:R;A26:R;A28:R;A30:S;A32:S;A34:R;A36:S;A38:S,CHEMBL3707286,2
CHEMBL3707286::en3_A19:R;A21:S;A24:R;A26:R;A28:R;A30:S;A32:S;A34:R;A36:S;A38:S,CHEMBL3707286,3
CHEMBL3707286::en4_A19:S;A21:R;A24:S;A26:R;A28:R;A30:S;A32:S;A34:R;A36:S;A38:S,CHEMBL3707286,4
CHEMBL3707296::en0_A4:R,CHEMBL3707296,0
CHEMBL3707296::en1_A4:S,CHEMBL3707296,1
CHEMBL3707310::en0_A7:R,CHEMBL3707310,0
CHEMBL3707310::en1_A7:S,CHEMBL3707310,1
CHEMBL3707311::en0_A4:S;A6:R;A9:R;A10:S;A19:S;A24:S,CHEMBL3707311,0
CHEMBL3707311::en1_A4:R;A6:R;A9:R;A10:S;A19:S;A24:S,CHEMBL3707311,1
CHEMBL3707311::en2_A4:S;A6:S;A9:R;A10:S;A19:S;A24:S,CHEMBL3707311,2
CHEMBL3707311::en3_A4:R;A6:S;A9:R;A10:S;A19:S;A24:S,CHEMBL3707311,3
CHEMBL3707311::en4_A4:S;A6:R;A9:S;A10:S;A19:S;A24:S,CHEMBL3707311,4
CHEMBL3707312::en0_A16:R,CHEMBL3707312,0
CHEMBL3707312::en1_A16:S,CHEMBL3707312,1
CHEMBL3707331::en0_A1:S;A4:R;A13:S,CHEMBL3707331,0
CHEMBL3707331::en1_A1:R;A4:R;A13:S,CHEMBL3707331,1
CHEMBL3707331::en2_A1:S;A4:S;A13:S,CHEMBL3707331,2
CHEMBL3707331::en3_A1:R;A4:S;A13:S,CHEMBL3707331,3
CHEMBL3707331::en4_A1:S;A4:R;A13:R,CHEMBL3707331,4
CHEMBL3707348::en0_A9:R,CHEMBL3707348,0
CHEMBL3707348::en1_A9:S,CHEMBL3707348,1
CHEMBL3707351::en0_A5:R,CHEMBL3707351,0
CHEMBL3707351::en1_A5:S,CHEMBL3707351,1
CHEMBL3707372::en0_A2:S;A3:R;A8:S;A17:R;A19:S;A40:S;A44:R;A56:R,CHEMBL3707372,0
CHEMBL3707372::en1_A2:R;A3:R;A8:S;A17:R;A19:S;A40:S;A44:R;A56:R,CHEMBL3707372,1
CHEMBL3707372::en2_A2:S;A3:S;A8:S;A17:R;A19:S;A40:S;A44:R;A56:R,CHEMBL3707372,2
CHEMBL3707372::en3_A2:R;A3:S;A8:S;A17:R;A19:S;A40:S;A44:R;A56:R,CHEMBL3707372,3
CHEMBL3707372::en4_A2:S;A3:R;A8:R;A17:R;A19:S;A40:S;A44:R;A56:R,CHEMBL3707372,4
CHEMBL3707376::en0_A25:R,CHEMBL3707376,0
CHEMBL3707376::en1_A25:S,CHEMBL3707376,1
CHEMBL3707377::en0_A3:R;A4:R;A13:R;A14:R;A17:S;A19:S,CHEMBL3707377,0
CHEMBL3707377::en1_A3:S;A4:R;A13:R;A14:R;A17:S;A19:S,CHEMBL3707377,1
CHEMBL3707377::en2_A3:R;A4:S;A13:R;A14:R;A17:S;A19:S,CHEMBL3707377,2
CHEMBL3707377::en3_A3:S;A4:S;A13:R;A14:R;A17:S;A19:S,CHEMBL3707377,3
CHEMBL3707377::en4_A3:R;A4:R;A13:S;A14:R;A17:S;A19:S,CHEMBL3707377,4
CHEMBL3707385::en0_A9:S,CHEMBL3707385,0
CHEMBL3707385::en1_A1:S;A9:S;A15:S,CHEMBL3707385,1
CHEMBL3707385::en2_A1:S;A13:S,CHEMBL3707385,2
CHEMBL370805::en0_A4:S;A5:R;A16:R;A19:S,CHEMBL370805,0
CHEMBL371405::en0_A1:R;A5:R;A6:R;A8:S;A17:R,CHEMBL371405,0
CHEMBL371405::en1_A1:S;A5:R;A6:R;A8:S;A17:R,CHEMBL371405,1
CHEMBL371405::en2_A1:R;A5:S;A6:R;A8:S;A17:R,CHEMBL371405,2
CHEMBL371405::en3_A1:S;A5:S;A6:R;A8:S;A17:R,CHEMBL371405,3
CHEMBL371405::en4_A1:R;A5:R;A6:S;A8:S;A17:R,CHEMBL371405,4
CHEMBL3716365::en0_A6:S,CHEMBL3716365,0
CHEMBL3716365::en1_A6:R,CHEMBL3716365,1
CHEMBL372205::en0_A1:R,CHEMBL372205,0
CHEMBL372205::en1_A1:S,CHEMBL372205,1
CHEMBL373081::en0_A3:R;A6:S;A8:S;A10:S;A11:S;A13:S;A15:R;A18:R;A21:R;A24:S;A26:S;A29:R,CHEMBL373081,0
CHEMBL373081::en1_A3:S;A6:R;A8:S;A10:R;A11:S;A13:S;A15:R;A18:S;A21:R;A24:S;A26:S;A29:R,CHEMBL373081,1
CHEMBL373081::en2_A3:R;A6:R;A8:S;A10:S;A11:R;A13:R;A15:R;A18:S;A21:R;A24:R;A26:R;A29:R,CHEMBL373081,2
CHEMBL373081::en3_A3:S;A6:S;A8:S;A10:S;A11:S;A13:S;A15:S;A18:S;A21:R;A24:S;A26:R;A29:S,CHEMBL373081,3
CHEMBL373081::en4_A3:R;A6:S;A8:R;A10:R;A11:R;A13:R;A15:R;A18:S;A21:S;A24:R;A26:R;A29:R,CHEMBL373081,4
CHEMBL3732012::en0_A10:R;A12:R,CHEMBL3732012,0
CHEMBL3732012::en1_A10:S;A12:S,CHEMBL3732012,1
CHEMBL3734774::en0_A8:R,CHEMBL3734774,0
CHEMBL3734774::en1_A8:S,CHEMBL3734774,1
CHEMBL373691::en0_A1:S;A3:R;A5:S;A8:S;A12:R;A21:S,CHEMBL373691,0
CHEMBL373691::en1_A1:R;A3:R;A5:S;A8:S;A12:R;A21:S,CHEMBL373691,1
CHEMBL373691::en2_A1:S;A3:S;A5:S;A8:S;A12:R;A21:S,CHEMBL373691,2
CHEMBL373691::en3_A1:R;A3:S;A5:S;A8:S;A12:R;A21:S,CHEMBL373691,3
CHEMBL373691::en4_A1:S;A3:R;A5:R;A8:S;A12:R;A21:S,CHEMBL373691,4
CHEMBL3742465::en0_A3:R;A5:R;A6:S;A8:S;A9:R;A11:R;A13:R;A18:R;A24:R,CHEMBL3742465,0
CHEMBL3742465::en1_A3:S;A5:S;A6:S;A8:S;A9:R;A11:R;A13:R;A18:R;A24:R,CHEMBL3742465,1
CHEMBL374478::en0_A2:S;A6:R;A42:S;A44:R;A46:R;A48:R;A50:S;A52:S;A57:S,CHEMBL374478,0
CHEMBL374478::en1_A2:S;A6:R;A42:R;A44:S;A46:R;A48:R;A50:R;A52:R;A57:R,CHEMBL374478,1
CHEMBL374478::en2_A2:R;A6:S;A42:R;A44:R;A46:S;A48:S;A50:S;A52:S;A57:S,CHEMBL374478,2
CHEMBL374478::en3_A2:S;A6:R;A42:S;A44:R;A46:S;A48:R;A50:S;A52:S;A57:S,CHEMBL374478,3
CHEMBL374478::en4_A2:S;A6:R;A42:R;A44:S;A46:S;A48:R;A50:S;A52:R;A57:S,CHEMBL374478,4
CHEMBL374731::en0_A4:S;A6:S;A8:S,CHEMBL374731,0
CHEMBL374731::en1_A4:R;A6:S;A8:S,CHEMBL374731,1
CHEMBL374731::en2_A4:S;A6:R;A8:S,CHEMBL374731,2
CHEMBL374731::en3_A4:R;A6:R;A8:S,CHEMBL374731,3
CHEMBL374731::en4_A4:S;A6:S;A8:R,CHEMBL374731,4
CHEMBL374975::en0_A4:S;A6:R;A8:S;A10:S;A12:S;A13:R;A17:S;A19:R;A21:R;A24:S,CHEMBL374975,0
CHEMBL374975::en1_A4:R;A6:R;A8:S;A10:R;A12:S;A13:R;A17:R;A19:S;A21:R;A24:R,CHEMBL374975,1
CHEMBL374975::en2_A4:S;A6:S;A8:S;A10:S;A12:S;A13:R;A17:R;A19:S;A21:S;A24:R,CHEMBL374975,2
CHEMBL374975::en3_A4:S;A6:S;A8:R;A10:S;A12:S;A13:S;A17:R;A19:R;A21:S;A24:S,CHEMBL374975,3
CHEMBL374975::en4_A4:S;A6:S;A8:R;A10:R;A12:S;A13:S;A17:S;A19:R;A21:R;A24:R,CHEMBL374975,4
CHEMBL375611::en0_A1:R;A9:S;A10:S;A14:R,CHEMBL375611,0
CHEMBL375611::en1_A1:S;A9:S;A10:S;A14:R,CHEMBL375611,1
CHEMBL375611::en2_A1:R;A9:S;A10:R;A14:R,CHEMBL375611,2
CHEMBL376180::en0_A17:R,CHEMBL376180,0
CHEMBL376180::en1_A17:S,CHEMBL376180,1
CHEMBL376359::en0_A10:S,CHEMBL376359,0
CHEMBL376359::en1_A10:R,CHEMBL376359,1
CHEMBL376488::en0_A13:S;A20:R,CHEMBL376488,0
CHEMBL376488::en1_A13:R;A20:R,CHEMBL376488,1
CHEMBL376488::en2_A13:S;A20:S,CHEMBL376488,2
CHEMBL376488::en3_A13:R;A20:S,CHEMBL376488,3
CHEMBL3769414::en0_A33:R;A37:R,CHEMBL3769414,0
CHEMBL3769414::en1_A33:S;A37:R,CHEMBL3769414,1
CHEMBL3769414::en2_A33:R;A37:S,CHEMBL3769414,2
CHEMBL3769414::en3_A33:S;A37:S,CHEMBL3769414,3
CHEMBL378031::en0_A1:S;A4:R;A5:S;A14:R;A15:S;A17:S;A19:S;A26:S,CHEMBL378031,0
CHEMBL378031::en1_A1:R;A4:R;A5:S;A14:R;A15:S;A17:S;A19:S;A26:S,CHEMBL378031,1
CHEMBL378031::en2_A1:S;A4:S;A5:S;A14:R;A15:S;A17:S;A19:S;A26:S,CHEMBL378031,2
CHEMBL378031::en3_A1:R;A4:S;A5:S;A14:R;A15:S;A17:S;A19:S;A26:S,CHEMBL378031,3
CHEMBL378031::en4_A1:S;A4:R;A5:R;A14:R;A15:S;A17:S;A19:S;A26:S,CHEMBL378031,4
CHEMBL3785197::en0_A16:R;A47:S,CHEMBL3785197,0
CHEMBL3785197::en1_A16:S;A47:S,CHEMBL3785197,1
CHEMBL3785197::en2_A16:R;A47:R,CHEMBL3785197,2
CHEMBL3785197::en3_A16:S;A47:R,CHEMBL3785197,3
CHEMBL3785909::en0_A12:R,CHEMBL3785909,0
CHEMBL3785909::en1_A12:S,CHEMBL3785909,1
CHEMBL3786182::en0_A14:R;A16:R,CHEMBL3786182,0
CHEMBL3786182::en1_A14:S;A16:R,CHEMBL3786182,1
CHEMBL3786182::en2_A14:R;A16:S,CHEMBL3786182,2
CHEMBL3786182::en3_A14:S;A16:S,CHEMBL3786182,3
CHEMBL3786896::en0_A5:S;A12:R,CHEMBL3786896,0
CHEMBL3786896::en1_A5:R;A12:R,CHEMBL3786896,1
CHEMBL3786896::en2_A5:S;A12:S,CHEMBL3786896,2
CHEMBL3786896::en3_A5:R;A12:S,CHEMBL3786896,3
CHEMBL3793226::en0_A13:S,CHEMBL3793226,0
CHEMBL3793226::en1_A13:R,CHEMBL3793226,1
CHEMBL380230::en0_A1:S;A5:R;A7:S;A10:S,CHEMBL380230,0
CHEMBL380230::en1_A1:R;A5:R;A7:S;A10:S,CHEMBL380230,1
CHEMBL380230::en2_A1:S;A5:S;A7:R;A10:S,CHEMBL380230,2
CHEMBL3806158::en0_A6:R;A12:R;A15:R,CHEMBL3806158,0
CHEMBL3806158::en1_A6:S;A12:R;A15:R,CHEMBL3806158,1
CHEMBL3806158::en2_A6:R;A12:S;A15:R,CHEMBL3806158,2
CHEMBL3806158::en3_A6:S;A12:S;A15:R,CHEMBL3806158,3
CHEMBL3806158::en4_A6:R;A12:R;A15:S,CHEMBL3806158,4
CHEMBL3809489::en0_A13:R,CHEMBL3809489,0
CHEMBL3809489::en1_A13:S,CHEMBL3809489,1
CHEMBL38120::en0_A2:R;A5:R,CHEMBL38120,0
CHEMBL38120::en1_A2:S;A5:R,CHEMBL38120,1
CHEMBL38120::en2_A2:R;A5:S,CHEMBL38120,2
CHEMBL38120::en3_A2:S;A5:S,CHEMBL38120,3
CHEMBL3818050::en0_A9:R;A11:R;A14:S;A18:R;A26:R;A28:S,CHEMBL3818050,0
CHEMBL3818050::en1_A9:S;A11:R;A14:S;A18:R;A26:R;A28:S,CHEMBL3818050,1
CHEMBL3818050::en2_A9:R;A11:S;A14:S;A18:R;A26:R;A28:S,CHEMBL3818050,2
CHEMBL3818050::en3_A9:S;A11:S;A14:S;A18:R;A26:R;A28:S,CHEMBL3818050,3
CHEMBL3818050::en4_A9:R;A11:R;A14:R;A18:R;A26:R;A28:S,CHEMBL3818050,4
CHEMBL3822773::en0_A7:R;A9:S,CHEMBL3822773,0
CHEMBL3822773::en1_A7:S;A9:S,CHEMBL3822773,1
CHEMBL3822773::en2_A7:R;A9:R,CHEMBL3822773,2
CHEMBL3822773::en3_A7:S;A9:R,CHEMBL3822773,3
CHEMBL382300::en0_A4:R;A7:S;A9:R;A10:S;A20:R;A25:S;A26:R;A30:S;A32:S;A51:S;A58:S;A60:R,CHEMBL382300,0
CHEMBL382300::en1_A4:S;A7:S;A9:R;A10:S;A20:R;A25:R;A26:R;A30:R;A32:R;A51:R;A58:S;A60:S,CHEMBL382300,1
CHEMBL382300::en2_A4:S;A7:R;A9:R;A10:S;A20:S;A25:R;A26:S;A30:S;A32:R;A51:R;A58:S;A60:S,CHEMBL382300,2
CHEMBL382300::en3_A4:R;A7:S;A9:R;A10:S;A20:R;A25:S;A26:S;A30:S;A32:R;A51:R;A58:S;A60:S,CHEMBL382300,3
CHEMBL382300::en4_A4:S;A7:S;A9:S;A10:S;A20:R;A25:R;A26:R;A30:R;A32:R;A51:S;A58:R;A60:R,CHEMBL382300,4
CHEMBL3827379::en0_A3:R;A6:S;A20:R;A22:R;A25:R;A26:R;A43:R;A46:S;A48:S,CHEMBL3827379,0
CHEMBL3827379::en1_A3:S;A6:S;A20:R;A22:R;A25:R;A26:R;A43:R;A46:S;A48:S,CHEMBL3827379,1
CHEMBL3827379::en2_A3:R;A6:R;A20:R;A22:R;A25:R;A26:R;A43:R;A46:S;A48:S,CHEMBL3827379,2
CHEMBL3827379::en3_A3:S;A6:R;A20:R;A22:R;A25:R;A26:R;A43:R;A46:S;A48:S,CHEMBL3827379,3
CHEMBL3827379::en4_A3:R;A6:S;A20:S;A22:R;A25:R;A26:R;A43:R;A46:S;A48:S,CHEMBL3827379,4
CHEMBL3833333::en0_A3:R;A6:S;A8:S;A9:R;A10:R;A11:S;A13:S;A16:R;A25:S;A32:S;A33:R;A34:R;A39:R;A42:S;A44:S;A45:S,CHEMBL3833333,0
CHEMBL3833333::en1_A6:S;A9:R;A10:R;A11:S;A13:R;A14:S;A15:R;A27:S;A28:R;A32:S;A33:R;A34:S;A45:R,CHEMBL3833333,1
CHEMBL3833333::en2_A3:S;A6:S;A8:S;A9:R;A10:R;A11:R;A13:S;A17:S;A33:S;A34:R;A39:S;A44:S;A45:S,CHEMBL3833333,2
CHEMBL3833333::en3_A1:R;A8:S;A9:S;A20:S;A21:S;A28:S;A32:R;A36:R;A42:R,CHEMBL3833333,3
CHEMBL3833371::en0_A6:S;A9:S;A13:S;A15:S;A24:R;A27:R,CHEMBL3833371,0
CHEMBL3833371::en1_A6:R;A9:S;A13:S;A15:S;A24:R;A27:R,CHEMBL3833371,1
CHEMBL3833371::en2_A6:S;A9:R;A13:S;A15:S;A24:R;A27:R,CHEMBL3833371,2
CHEMBL3833371::en3_A6:R;A9:R;A13:S;A15:S;A24:R;A27:R,CHEMBL3833371,3
CHEMBL3833371::en4_A6:S;A9:S;A13:R;A15:S;A24:R;A27:R,CHEMBL3833371,4
CHEMBL3833389::en0_A1:R,CHEMBL3833389,0
CHEMBL3833389::en1_A1:S,CHEMBL3833389,1
CHEMBL3833407::en0_A3:S;A5:R;A6:R;A8:R;A11:S;A13:R;A18:R;A20:S;A26:S;A28:S;A30:R;A33:R;A34:R;A36:R;A38:R;A42:R;A45:R;A46:R;A48:S;A49:S;A51:S;A58:R;A60:R;A66:S;A68:R;A73:S;A74:R;A76:S;A78:S,CHEMBL3833407,0
CHEMBL3833407::en1_A3:S;A5:R;A8:S;A11:S;A13:S;A26:S;A33:S;A36:S;A38:S;A42:R;A43:R;A45:R;A46:S;A49:R;A53:S;A58:R;A60:S;A66:S;A73:R;A78:S,CHEMBL3833407,1
CHEMBL3833407::en2_A2:R;A3:R;A5:S;A6:S;A8:R;A9:R;A11:S;A13:S;A18:S;A20:S;A33:S;A36:R;A38:S;A42:R;A45:R;A48:R;A49:R;A51:S;A58:S;A60:R;A66:S;A68:S;A78:R,CHEMBL3833407,2
CHEMBL383824::en0_A2:R;A24:S;A27:S;A30:R;A32:R;A37:S,CHEMBL383824,0
CHEMBL383824::en1_A2:S;A24:S;A27:S;A30:R;A32:R;A37:S,CHEMBL383824,1
CHEMBL383824::en2_A2:R;A24:R;A27:S;A30:R;A32:R;A37:S,CHEMBL383824,2
CHEMBL383824::en3_A2:S;A24:R;A27:S;A30:R;A32:R;A37:S,CHEMBL383824,3
CHEMBL383824::en4_A2:R;A24:S;A27:R;A30:R;A32:R;A37:S,CHEMBL383824,4
CHEMBL384200::en0_A28:R;A31:R;A33:R;A36:R;A38:S;A40:S;A42:S;A44:R,CHEMBL384200,0
CHEMBL384200::en1_A28:S;A31:R;A33:R;A36:R;A38:S;A40:S;A42:S;A44:R,CHEMBL384200,1
CHEMBL384200::en2_A28:S;A31:S;A33:R;A36:R;A38:S;A40:S;A42:S;A44:R,CHEMBL384200,2
CHEMBL384467::en0_A1:R;A3:R;A4:S;A13:S;A15:S;A17:R;A20:S;A22:S,CHEMBL384467,0
CHEMBL384467::en1_A1:S;A3:R;A4:S;A13:S;A15:S;A17:R;A20:S;A22:S,CHEMBL384467,1
CHEMBL384467::en2_A1:R;A3:S;A4:S;A13:S;A15:S;A17:R;A20:S;A22:S,CHEMBL384467,2
CHEMBL384467::en3_A1:S;A3:S;A4:S;A13:S;A15:S;A17:R;A20:S;A22:S,CHEMBL384467,3
CHEMBL384467::en4_A1:R;A3:R;A4:R;A13:S;A15:S;A17:R;A20:S;A22:S,CHEMBL384467,4
CHEMBL386630::en0_A1:S;A4:R;A5:S;A14:R;A16:S;A19:S,CHEMBL386630,0
CHEMBL386630::en1_A1:R;A4:R;A5:S;A14:R;A16:S;A19:S,CHEMBL386630,1
CHEMBL386630::en2_A1:S;A4:S;A5:S;A14:R;A16:S;A19:S,CHEMBL386630,2
CHEMBL386630::en3_A1:R;A4:S;A5:S;A14:R;A16:S;A19:S,CHEMBL386630,3
CHEMBL386630::en4_A1:S;A4:R;A5:R;A14:R;A16:S;A19:S,CHEMBL386630,4
CHEMBL38700::en0_A6:S;A9:R,CHEMBL38700,0
CHEMBL38700::en1_A6:R;A9:R,CHEMBL38700,1
CHEMBL38700::en2_A6:S;A9:S,CHEMBL38700,2
CHEMBL38700::en3_A6:R;A9:S,CHEMBL38700,3
CHEMBL38824::en0_A8:S;A14:S;A15:S;A32:R,CHEMBL38824,0
CHEMBL38824::en1_A8:R;A14:S;A15:S;A32:R,CHEMBL38824,1
CHEMBL38824::en2_A8:S;A14:R;A15:S;A32:R,CHEMBL38824,2
CHEMBL38824::en3_A8:R;A14:R;A15:S;A32:R,CHEMBL38824,3
CHEMBL38824::en4_A8:S;A14:S;A15:R;A32:R,CHEMBL38824,4
CHEMBL388595::en0_A10:R;A13:R;A15:S;A18:R;A20:S;A21:R;A31:R;A33:S;A36:S,CHEMBL388595,0
CHEMBL388595::en1_A10:S;A13:R;A15:S;A18:R;A20:S;A21:R;A31:R;A33:S;A36:S,CHEMBL388595,1
CHEMBL388595::en2_A10:R;A13:S;A15:S;A18:R;A20:S;A21:R;A31:R;A33:S;A36:S,CHEMBL388595,2
CHEMBL388595::en3_A10:S;A13:S;A15:S;A18:R;A20:S;A21:R;A31:R;A33:S;A36:S,CHEMBL388595,3
CHEMBL388595::en4_A10:R;A13:R;A15:R;A18:R;A20:S;A21:R;A31:R;A33:S;A36:S,CHEMBL388595,4
CHEMBL3892369::en0_A12:S,CHEMBL3892369,0
CHEMBL3892369::en1_A12:R,CHEMBL3892369,1
CHEMBL389621::en0_A1:R;A10:S;A11:S;A12:R;A15:R;A17:R;A20:R,CHEMBL389621,0
CHEMBL389621::en1_A1:S;A10:S;A11:S;A12:R;A15:R;A17:R;A20:R,CHEMBL389621,1
CHEMBL389621::en2_A1:R;A10:R;A11:S;A12:R;A15:R;A17:R;A20:R,CHEMBL389621,2
CHEMBL389621::en3_A1:S;A10:R;A11:S;A12:R;A15:R;A17:R;A20:R,CHEMBL389621,3
CHEMBL389621::en4_A1:R;A10:S;A11:R;A12:R;A15:R;A17:R;A20:R,CHEMBL389621,4
CHEMBL389847::en0_A1:S;A3:R;A13:R;A15:R;A21:S;A34:R;A36:S,CHEMBL389847,0
CHEMBL389847::en1_A1:R;A3:R;A13:R;A15:R;A21:S;A34:R;A36:S,CHEMBL389847,1
CHEMBL389847::en2_A1:S;A3:S;A13:R;A15:R;A21:S;A34:R;A36:S,CHEMBL389847,2
CHEMBL389847::en3_A1:R;A3:S;A13:R;A15:R;A21:S;A34:R;A36:S,CHEMBL389847,3
CHEMBL389847::en4_A1:S;A3:R;A13:S;A15:R;A21:S;A34:R;A36:S,CHEMBL389847,4
CHEMBL38992::en0_A9:R;A11:R;A22:S,CHEMBL38992,0
CHEMBL38992::en1_A9:S;A11:R;A22:S,CHEMBL38992,1
CHEMBL38992::en2_A9:R;A11:S;A22:S,CHEMBL38992,2
CHEMBL38992::en3_A9:S;A11:S;A22:S,CHEMBL38992,3
CHEMBL38992::en4_A9:R;A11:R;A22:R,CHEMBL38992,4
CHEMBL3900409::en0_A14:R;A20:S,CHEMBL3900409,0
CHEMBL3900409::en1_A14:S;A20:S,CHEMBL3900409,1
CHEMBL3900409::en2_A14:R;A20:R,CHEMBL3900409,2
CHEMBL3900409::en3_A14:S;A20:R,CHEMBL3900409,3
CHEMBL3900554::en0_A18:S,CHEMBL3900554,0
CHEMBL3900554::en1_A18:R,CHEMBL3900554,1
CHEMBL3905910::en0_A4:R;A29:R,CHEMBL3905910,0
CHEMBL3905910::en1_A4:S;A29:R,CHEMBL3905910,1
CHEMBL3905910::en2_A4:R;A29:S,CHEMBL3905910,2
CHEMBL3905910::en3_A4:S;A29:S,CHEMBL3905910,3
CHEMBL3909517::en0_A3:R;A14:R;A17:S;A19:R,CHEMBL3909517,0
CHEMBL3909517::en1_A3:S;A14:R;A17:S;A19:R,CHEMBL3909517,1
CHEMBL3909517::en2_A3:R;A14:S;A17:S;A19:R,CHEMBL3909517,2
CHEMBL3909517::en3_A3:S;A14:S;A17:S;A19:R,CHEMBL3909517,3
CHEMBL3909517::en4_A3:R;A14:R;A17:R;A19:R,CHEMBL3909517,4
CHEMBL3911164::en0_A10:R;A14:R;A21:S,CHEMBL3911164,0
CHEMBL3911164::en1_A10:S;A14:R;A21:S,CHEMBL3911164,1
CHEMBL3911164::en2_A10:R;A14:S;A21:S,CHEMBL3911164,2
CHEMBL3911164::en3_A10:S;A14:S;A21:S,CHEMBL3911164,3
CHEMBL3911164::en4_A10:R;A14:R;A21:R,CHEMBL3911164,4
CHEMBL3914857::en0_A1:R,CHEMBL3914857,0
CHEMBL3914857::en1_A1:S,CHEMBL3914857,1
CHEMBL3915620::en0_A3:R,CHEMBL3915620,0
CHEMBL3915620::en1_A3:S,CHEMBL3915620,1
CHEMBL3916700::en0_A13:S;A16:S;A41:R,CHEMBL3916700,0
CHEMBL3916700::en1_A13:R;A16:R;A41:R,CHEMBL3916700,1
CHEMBL3916700::en2_A13:S;A16:R;A41:S,CHEMBL3916700,2
CHEMBL3916700::en3_A13:R;A16:S;A41:S,CHEMBL3916700,3
CHEMBL392149::en0_A2:S;A4:S;A11:R;A20:R;A22:S,CHEMBL392149,0
CHEMBL392149::en1_A2:R;A4:S;A11:R;A20:R;A22:S,CHEMBL392149,1
CHEMBL392149::en2_A2:S;A4:R;A11:R;A20:R;A22:S,CHEMBL392149,2
CHEMBL392149::en3_A2:R;A4:R;A11:R;A20:R;A22:S,CHEMBL392149,3
CHEMBL392149::en4_A2:S;A4:S;A11:S;A20:R;A22:S,CHEMBL392149,4
CHEMBL3924151::en0_A8:S;A12:S;A24:S;A35:R;A39:S;A47:S;A49:S;A55:S;A68:S;A74:R,CHEMBL3924151,0
CHEMBL3924151::en1_A8:R;A12:S;A24:S;A35:R;A39:S;A47:S;A49:S;A55:S;A68:S;A74:R,CHEMBL3924151,1
CHEMBL3924151::en2_A8:S;A12:R;A24:S;A35:R;A39:S;A47:S;A49:S;A55:S;A68:S;A74:R,CHEMBL3924151,2
CHEMBL3924151::en3_A8:R;A12:R;A24:S;A35:R;A39:S;A47:S;A49:S;A55:S;A68:S;A74:R,CHEMBL3924151,3
CHEMBL3924151::en4_A8:S;A12:S;A24:R;A35:R;A39:S;A47:S;A49:S;A55:S;A68:S;A74:R,CHEMBL3924151,4
CHEMBL3928407::en0_A11:S,CHEMBL3928407,0
CHEMBL3928407::en1_A11:R,CHEMBL3928407,1
CHEMBL3931971::en0_A5:R;A16:R,CHEMBL3931971,0
CHEMBL3931971::en1_A5:S;A16:R,CHEMBL3931971,1
CHEMBL3931971::en2_A5:R;A16:S,CHEMBL3931971,2
CHEMBL3931971::en3_A5:S;A16:S,CHEMBL3931971,3
CHEMBL3936761::en0_A8:S,CHEMBL3936761,0
CHEMBL3936761::en1_A8:R,CHEMBL3936761,1
CHEMBL393820::en0_A3:S;A8:R;A9:S;A13:S;A22:R,CHEMBL393820,0
CHEMBL393820::en1_A3:R;A8:R;A9:S;A13:S;A22:R,CHEMBL393820,1
CHEMBL393820::en2_A3:S;A8:S;A9:S;A13:S;A22:R,CHEMBL393820,2
CHEMBL393820::en3_A3:R;A8:S;A9:S;A13:S;A22:R,CHEMBL393820,3
CHEMBL393820::en4_A3:S;A8:R;A9:R;A13:S;A22:R,CHEMBL393820,4
CHEMBL3939059::en0_A1:S;A4:R;A13:R,CHEMBL3939059,0
CHEMBL3939059::en1_A1:R;A4:R;A13:R,CHEMBL3939059,1
CHEMBL3939059::en2_A1:S;A4:S;A13:R,CHEMBL3939059,2
CHEMBL3939059::en3_A1:R;A4:S;A13:R,CHEMBL3939059,3
CHEMBL3939059::en4_A1:S;A4:R;A13:S,CHEMBL3939059,4
CHEMBL3950590::en0_A18:S,CHEMBL3950590,0
CHEMBL3950590::en1_A18:R,CHEMBL3950590,1
CHEMBL395091::en0_A2:S,CHEMBL395091,0
CHEMBL395091::en1_A2:R,CHEMBL395091,1
CHEMBL3951811::en0_A26:S,CHEMBL3951811,0
CHEMBL3951811::en1_A26:R,CHEMBL3951811,1
CHEMBL39541::en0_A2:S;A4:R;A5:S;A13:R;A14:R;A17:S;A22:R;A41:R;A45:S,CHEMBL39541,0
CHEMBL39541::en1_A2:R;A4:R;A5:S;A13:R;A14:R;A17:S;A22:R;A41:R;A45:S,CHEMBL39541,1
CHEMBL39541::en2_A2:S;A4:S;A5:S;A13:R;A14:R;A17:S;A22:R;A41:R;A45:S,CHEMBL39541,2
CHEMBL39541::en3_A2:R;A4:S;A5:S;A13:R;A14:R;A17:S;A22:R;A41:R;A45:S,CHEMBL39541,3
CHEMBL39541::en4_A2:S;A4:R;A5:R;A13:R;A14:R;A17:S;A22:R;A41:R;A45:S,CHEMBL39541,4
CHEMBL395414::en0_A1:S;A4:R;A8:R;A10:R;A11:R;A16:R;A18:S;A20:S;A23:R;A25:R;A27:S;A31:R;A33:R;A36:S;A38:S;A39:S,CHEMBL395414,0
CHEMBL395414::en1_A1:S;A4:R;A8:S;A10:S;A11:S;A16:S;A18:S;A20:S;A23:S;A25:S;A27:R;A31:S;A33:S;A36:S;A38:S;A39:S,CHEMBL395414,1
CHEMBL395414::en2_A1:R;A4:R;A8:R;A10:S;A11:S;A16:S;A18:R;A20:S;A23:S;A25:S;A27:S;A31:R;A33:S;A36:R;A38:S;A39:S,CHEMBL395414,2
CHEMBL395414::en3_A1:S;A4:R;A8:R;A10:R;A11:R;A16:S;A18:R;A20:R;A23:S;A25:R;A27:S;A31:S;A33:S;A36:S;A38:R;A39:R,CHEMBL395414,3
CHEMBL395414::en4_A1:S;A4:R;A8:R;A10:R;A11:S;A16:S;A18:S;A20:R;A23:S;A25:S;A27:S;A31:S;A33:S;A36:R;A38:S;A39:R,CHEMBL395414,4
CHEMBL3958686::en0_A16:S;A18:R;A21:R;A23:S;A25:S,CHEMBL3958686,0
CHEMBL3958686::en1_A16:R;A18:R;A21:R;A23:S;A25:S,CHEMBL3958686,1
CHEMBL3958686::en2_A16:S;A18:S;A21:R;A23:S;A25:S,CHEMBL3958686,2
CHEMBL3958686::en3_A16:R;A18:S;A21:R;A23:S;A25:S,CHEMBL3958686,3
CHEMBL3958686::en4_A16:S;A18:R;A21:S;A23:S;A25:S,CHEMBL3958686,4
CHEMBL3962292::en0_A9:S;A11:S,CHEMBL3962292,0
CHEMBL3962292::en1_A9:R;A11:S,CHEMBL3962292,1
CHEMBL3962292::en2_A9:S;A11:R,CHEMBL3962292,2
CHEMBL3962292::en3_A9:R;A11:R,CHEMBL3962292,3
CHEMBL396290::en0_A26:R;A28:S;A31:S;A32:R;A33:R;A36:S;A38:R;A42:S;A44:R;A47:R,CHEMBL396290,0
CHEMBL396290::en1_A26:S;A28:R;A31:S;A32:R;A33:S;A36:S;A38:S;A42:R;A44:R;A47:S,CHEMBL396290,1
CHEMBL396290::en2_A26:S;A28:S;A31:R;A32:S;A33:R;A36:S;A38:R;A42:R;A44:S;A47:R,CHEMBL396290,2
CHEMBL396290::en3_A26:S;A28:S;A31:S;A32:S;A33:R;A36:R;A38:R;A42:R;A44:S;A47:R,CHEMBL396290,3
CHEMBL396290::en4_A26:S;A28:S;A31:R;A32:R;A33:S;A36:S;A38:S;A42:S;A44:S;A47:R,CHEMBL396290,4
CHEMBL39664::en0_A3:S;A5:R,CHEMBL39664,0
CHEMBL39664::en1_A3:R;A5:R,CHEMBL39664,1
CHEMBL39664::en2_A3:S;A5:S,CHEMBL39664,2
CHEMBL39664::en3_A3:R;A5:S,CHEMBL39664,3
CHEMBL396778::en0_A1:S,CHEMBL396778,0
CHEMBL396778::en1_A1:R,CHEMBL396778,1
CHEMBL3975522::en0_A3:S;A10:S;A14:S,CHEMBL3975522,0
CHEMBL3975522::en1_A3:R;A10:S;A14:S,CHEMBL3975522,1
CHEMBL3975522::en2_A3:S;A10:R;A14:S,CHEMBL3975522,2
CHEMBL3975522::en3_A3:R;A10:R;A14:S,CHEMBL3975522,3
CHEMBL3975522::en4_A3:S;A10:S;A14:R,CHEMBL3975522,4
CHEMBL3979920::en0_A8:R;A13:S,CHEMBL3979920,0
CHEMBL3979920::en1_A8:S;A13:S,CHEMBL3979920,1
CHEMBL3979920::en2_A8:R;A13:R,CHEMBL3979920,2
CHEMBL3979920::en3_A8:S;A13:R,CHEMBL3979920,3
CHEMBL398110::en0_A8:S,CHEMBL398110,0
CHEMBL398110::en1_A8:R,CHEMBL398110,1
CHEMBL398338::en0_A12:S,CHEMBL398338,0
CHEMBL398338::en1_A12:R,CHEMBL398338,1
CHEMBL398435::en0_A8:R;A10:R;A23:R;A25:S;A30:R;A32:R,CHEMBL398435,0
CHEMBL398435::en1_A8:S;A10:R;A23:R;A25:S;A30:R;A32:R,CHEMBL398435,1
CHEMBL398435::en2_A8:R;A10:S;A23:R;A25:S;A30:R;A32:R,CHEMBL398435,2
CHEMBL398435::en3_A8:S;A10:S;A23:R;A25:S;A30:R;A32:R,CHEMBL398435,3
CHEMBL398435::en4_A8:R;A10:R;A23:S;A25:S;A30:R;A32:R,CHEMBL398435,4
CHEMBL3984425::en0_A1:S,CHEMBL3984425,0
CHEMBL3984425::en1_A1:R,CHEMBL3984425,1
CHEMBL3989407::en0_A5:R;A20:S,CHEMBL3989407,0
CHEMBL3989407::en1_A5:S;A20:S,CHEMBL3989407,1
CHEMBL3989407::en2_A5:R;A20:R,CHEMBL3989407,2
CHEMBL3989407::en3_A5:S;A20:R,CHEMBL3989407,3
CHEMBL3989413::en0_A5:R;A12:R;A14:R;A16:R;A19:S;A22:S;A23:S;A40:S;A57:S;A62:R,CHEMBL3989413,0
CHEMBL3989413::en1_A5:S;A12:R;A14:R;A16:R;A19:S;A22:S;A23:S;A40:S;A57:S;A62:R,CHEMBL3989413,1
CHEMBL3989413::en2_A5:R;A12:S;A14:R;A16:R;A19:S;A22:S;A23:S;A40:S;A57:S;A62:R,CHEMBL3989413,2
CHEMBL3989413::en3_A5:S;A12:S;A14:R;A16:R;A19:S;A22:S;A23:S;A40:S;A57:S;A62:R,CHEMBL3989413,3
CHEMBL3989413::en4_A5:R;A12:R;A14:S;A16:R;A19:S;A22:S;A23:S;A40:S;A57:S;A62:R,CHEMBL3989413,4
CHEMBL3989415::en0_A24:R;A29:S;A32:S;A34:S;A39:S;A41:R;A43:R;A45:S;A47:R,CHEMBL3989415,0
CHEMBL3989415::en1_A24:S;A29:S;A32:S;A34:S;A39:S;A41:R;A43:S;A45:S;A47:R,CHEMBL3989415,1
CHEMBL3989415::en2_A24:S;A29:R;A32:S;A34:R;A39:R;A41:R;A43:S;A45:R;A47:S,CHEMBL3989415,2
CHEMBL3989415::en3_A24:R;A29:R;A32:R;A34:S;A39:S;A41:S;A43:R;A45:R;A47:S,CHEMBL3989415,3
CHEMBL3989415::en4_A24:R;A29:R;A32:S;A34:S;A39:R;A41:S;A43:R;A45:S;A47:R,CHEMBL3989415,4
CHEMBL3989417::en0_A13:R;A17:S;A19:R;A23:S;A36:R;A46:R;A50:S;A52:R;A56:S;A69:R,CHEMBL3989417,0
CHEMBL3989417::en1_A13:S;A17:S;A19:R;A23:S;A36:R;A46:R;A50:S;A52:R;A56:S;A69:R,CHEMBL3989417,1
CHEMBL3989417::en2_A13:R;A17:R;A19:R;A23:S;A36:R;A46:R;A50:S;A52:R;A56:S;A69:R,CHEMBL3989417,2
CHEMBL3989417::en3_A13:S;A17:R;A19:R;A23:S;A36:R;A46:R;A50:S;A52:R;A56:S;A69:R,CHEMBL3989417,3
CHEMBL3989417::en4_A13:R;A17:S;A19:S;A23:S;A36:R;A46:R;A50:S;A52:R;A56:S;A69:R,CHEMBL3989417,4
CHEMBL3989418::en0_A5:R;A9:S;A11:R;A13:R;A22:S;A26:R;A32:R;A47:S;A59:R;A60:R;A61:R,CHEMBL3989418,0
CHEMBL3989418::en1_A5:R;A9:R;A11:S;A13:S;A22:R;A26:S;A32:S;A47:R;A59:S;A60:S;A61:S,CHEMBL3989418,1
CHEMBL3989418::en2_A5:S;A9:S;A11:R;A13:R;A22:S;A26:R;A32:R;A47:R;A59:R;A60:S;A61:S,CHEMBL3989418,2
CHEMBL3989418::en3_A5:R;A9:S;A11:R;A13:S;A22:R;A26:S;A32:S;A47:R;A59:S;A60:S;A61:R,CHEMBL3989418,3
CHEMBL3989418::en4_A5:S;A9:R;A11:R;A13:R;A22:R;A26:R;A32:R;A47:S;A59:S;A60:R;A61:R,CHEMBL3989418,4
CHEMBL3989419::en0_A5:S;A7:R;A18:S,CHEMBL3989419,0
CHEMBL3989419::en1_A5:R;A7:R;A18:S,CHEMBL3989419,1
CHEMBL3989419::en2_A5:S;A7:S;A18:S,CHEMBL3989419,2
CHEMBL3989419::en3_A5:R;A7:S;A18:S,CHEMBL3989419,3
CHEMBL3989419::en4_A5:S;A7:R;A18:R,CHEMBL3989419,4
CHEMBL3989421::en0_A5:R;A7:S;A8:S;A10:R;A12:R;A15:S;A17:R;A19:R;A21:R;A23:R;A25:S;A27:R;A31:R;A33:R;A35:S,CHEMBL3989421,0
CHEMBL3989421::en1_A5:S;A7:S;A8:R;A10:S;A12:S;A15:R;A17:S;A19:S;A21:S;A23:S;A25:S;A27:R;A31:R;A33:R;A35:S,CHEMBL3989421,1
CHEMBL3989421::en2_A5:S;A7:S;A8:S;A10:R;A12:R;A15:S;A17:S;A19:S;A21:S;A23:S;A25:R;A27:R;A31:S;A33:S;A35:S,CHEMBL3989421,2
CHEMBL3989421::en3_A5:R;A7:R;A8:S;A10:S;A12:R;A15:R;A17:S;A19:R;A21:R;A23:S;A25:S;A27:S;A31:R;A33:R;A35:S,CHEMBL3989421,3
CHEMBL3989421::en4_A5:S;A7:S;A8:R;A10:R;A12:S;A15:R;A17:S;A19:S;A21:R;A23:S;A25:S;A27:S;A31:R;A33:R;A35:S,CHEMBL3989421,4
CHEMBL3989423::en0_A7:S;A9:S,CHEMBL3989423,0
CHEMBL3989423::en1_A7:R;A9:S,CHEMBL3989423,1
CHEMBL3989423::en2_A7:S;A9:R,CHEMBL3989423,2
CHEMBL3989423::en3_A7:R;A9:R,CHEMBL3989423,3
CHEMBL3989428::en0_A3:R;A4:R;A7:R;A8:S;A10:S;A14:R;A18:R;A20:R;A23:S,CHEMBL3989428,0
CHEMBL3989428::en1_A3:S;A4:R;A7:R;A8:S;A10:S;A14:R;A18:R;A20:R;A23:S,CHEMBL3989428,1
CHEMBL3989428::en2_A3:R;A4:S;A7:R;A8:S;A10:S;A14:R;A18:R;A20:R;A23:S,CHEMBL3989428,2
CHEMBL3989428::en3_A3:S;A4:S;A7:R;A8:S;A10:S;A14:R;A18:R;A20:R;A23:S,CHEMBL3989428,3
CHEMBL3989428::en4_A3:R;A4:R;A7:S;A8:S;A10:S;A14:R;A18:R;A20:R;A23:S,CHEMBL3989428,4
CHEMBL3989429::en0_A3:S;A4:R;A6:R;A8:S;A9:R;A11:R;A13:R;A20:R;A22:S;A25:R;A29:R,CHEMBL3989429,0
CHEMBL3989429::en1_A3:S;A4:R;A6:R;A8:R;A9:S;A11:R;A13:S;A20:R;A22:R;A25:S;A29:S,CHEMBL3989429,1
CHEMBL3989429::en2_A3:R;A4:R;A6:S;A8:S;A9:R;A11:S;A13:S;A20:R;A22:R;A25:S;A29:S,CHEMBL3989429,2
CHEMBL3989429::en3_A3:S;A4:S;A6:R;A8:R;A9:S;A11:S;A13:S;A20:R;A22:R;A25:S;A29:S,CHEMBL3989429,3
CHEMBL3989429::en4_A3:R;A4:S;A6:R;A8:R;A9:R;A11:R;A13:R;A20:R;A22:R;A25:S;A29:S,CHEMBL3989429,4
CHEMBL3989430::en0_A3:S;A5:R;A8:R;A9:S;A18:S;A20:S;A22:R;A25:S,CHEMBL3989430,0
CHEMBL3989430::en1_A3:R;A5:R;A8:R;A9:S;A18:S;A20:S;A22:R;A25:S,CHEMBL3989430,1
CHEMBL3989430::en2_A3:S;A5:S;A8:R;A9:S;A18:S;A20:S;A22:R;A25:S,CHEMBL3989430,2
CHEMBL3989430::en3_A3:R;A5:S;A8:R;A9:S;A18:S;A20:S;A22:R;A25:S,CHEMBL3989430,3
CHEMBL3989430::en4_A3:S;A5:R;A8:S;A9:S;A18:S;A20:S;A22:R;A25:S,CHEMBL3989430,4
CHEMBL3989431::en0_A11:R;A13:R;A15:R;A17:R,CHEMBL3989431,0
CHEMBL3989431::en1_A11:S;A13:R;A15:R;A17:R,CHEMBL3989431,1
CHEMBL3989431::en2_A11:R;A13:S;A15:R;A17:R,CHEMBL3989431,2
CHEMBL3989431::en3_A11:S;A13:S;A15:R;A17:R,CHEMBL3989431,3
CHEMBL3989431::en4_A11:R;A13:R;A15:S;A17:R,CHEMBL3989431,4
CHEMBL3989435::en0_A2:S;A3:R;A5:S;A7:S;A9:S;A11:R;A13:S;A16:R;A24:R;A27:S;A31:R;A33:S;A38:R;A44:S;A46:R;A48:R;A54:S,CHEMBL3989435,0
CHEMBL3989435::en1_A2:R;A3:R;A5:R;A7:S;A9:S;A11:S;A13:S;A16:S;A24:R;A27:R;A31:S;A33:S;A38:S;A44:S;A46:R;A48:R;A54:R,CHEMBL3989435,1
CHEMBL3989435::en2_A2:S;A3:S;A5:S;A7:S;A9:S;A11:S;A13:R;A16:S;A24:R;A27:S;A31:R;A33:S;A38:S;A44:S;A46:R;A48:R;A54:S,CHEMBL3989435,2
CHEMBL3989435::en3_A2:S;A3:S;A5:S;A7:S;A9:R;A11:S;A13:R;A16:R;A24:R;A27:S;A31:S;A33:S;A38:R;A44:S;A46:S;A48:R;A54:S,CHEMBL3989435,3
CHEMBL3989435::en4_A2:S;A3:R;A5:R;A7:S;A9:R;A11:R;A13:R;A16:S;A24:R;A27:S;A31:R;A33:S;A38:R;A44:R;A46:S;A48:S;A54:S,CHEMBL3989435,4
CHEMBL3989439::en0_A7:R;A17:S;A27:S,CHEMBL3989439,0
CHEMBL3989439::en1_A7:S;A17:S;A27:S,CHEMBL3989439,1
CHEMBL3989440::en0_A4:R;A5:R;A9:R;A36:R,CHEMBL3989440,0
CHEMBL3989440::en1_A4:S;A5:R;A9:R;A36:R,CHEMBL3989440,1
CHEMBL3989440::en2_A4:R;A5:S;A9:R;A36:R,CHEMBL3989440,2
CHEMBL3989440::en3_A4:S;A5:S;A9:R;A36:R,CHEMBL3989440,3
CHEMBL3989440::en4_A4:R;A5:R;A9:S;A36:R,CHEMBL3989440,4
CHEMBL3989445::en0_A4:S,CHEMBL3989445,0
CHEMBL3989445::en1_A4:R,CHEMBL3989445,1
CHEMBL3989446::en0_A1:R;A2:R,CHEMBL3989446,0
CHEMBL3989446::en1_A1:S;A2:R,CHEMBL3989446,1
CHEMBL3989446::en2_A1:R;A2:S,CHEMBL3989446,2
CHEMBL3989446::en3_A1:S;A2:S,CHEMBL3989446,3
CHEMBL3989447::en0_A4:S,CHEMBL3989447,0
CHEMBL3989447::en1_A4:R,CHEMBL3989447,1
CHEMBL3989448::en0_A10:R;A16:S,CHEMBL3989448,0
CHEMBL3989448::en1_A10:S;A16:S,CHEMBL3989448,1
CHEMBL3989448::en2_A10:R;A16:R,CHEMBL3989448,2
CHEMBL3989448::en3_A10:S;A16:R,CHEMBL3989448,3
CHEMBL3989450::en0_A1:S;A3:R;A18:R;A21:R;A24:S,CHEMBL3989450,0
CHEMBL3989453::en0_A10:R;A11:S;A14:S;A25:R;A28:S,CHEMBL3989453,0
CHEMBL3989453::en1_A10:S;A11:S;A14:S;A25:R;A28:S,CHEMBL3989453,1
CHEMBL3989453::en2_A10:R;A11:R;A14:S;A25:R;A28:S,CHEMBL3989453,2
CHEMBL3989453::en3_A10:S;A11:R;A14:S;A25:R;A28:S,CHEMBL3989453,3
CHEMBL3989453::en4_A10:R;A11:S;A14:R;A25:R;A28:S,CHEMBL3989453,4
CHEMBL3989454::en0_A6:R;A15:S;A16:S;A21:S;A23:R;A24:R;A30:S,CHEMBL3989454,0
CHEMBL3989454::en1_A6:R;A15:R;A16:S;A21:S;A23:R;A24:R;A30:S,CHEMBL3989454,1
CHEMBL3989455::en0_A7:S;A8:R;A16:R;A19:S,CHEMBL3989455,0
CHEMBL3989455::en1_A7:R;A8:R;A16:R;A19:S,CHEMBL3989455,1
CHEMBL3989459::en0_A4:S;A6:S;A8:S;A18:S;A19:S;A22:R;A23:S,CHEMBL3989459,0
CHEMBL3989459::en1_A4:R;A6:S;A8:S;A18:S;A19:S;A22:R;A23:S,CHEMBL3989459,1
CHEMBL3989459::en2_A4:S;A6:R;A8:S;A18:S;A19:S;A22:R;A23:S,CHEMBL3989459,2
CHEMBL3989459::en3_A4:R;A6:R;A8:S;A18:S;A19:S;A22:R;A23:S,CHEMBL3989459,3
CHEMBL3989459::en4_A4:S;A6:S;A8:R;A18:S;A19:S;A22:R;A23:S,CHEMBL3989459,4
CHEMBL3989463::en0_A3:R,CHEMBL3989463,0
CHEMBL3989463::en1_A3:S,CHEMBL3989463,1
CHEMBL3989463::en2_A3:R,CHEMBL3989463,2
CHEMBL3989463::en3_A3:S,CHEMBL3989463,3
CHEMBL3989469::en0_A7:R;A9:R;A13:R,CHEMBL3989469,0
CHEMBL3989469::en1_A7:S;A9:R;A13:R,CHEMBL3989469,1
CHEMBL3989469::en2_A7:R;A9:S;A13:R,CHEMBL3989469,2
CHEMBL3989469::en3_A7:S;A9:S;A13:R,CHEMBL3989469,3
CHEMBL3989469::en4_A7:R;A9:R;A13:S,CHEMBL3989469,4
CHEMBL3989470::en0_A13:R;A18:S,CHEMBL3989470,0
CHEMBL3989470::en1_A13:S;A18:S,CHEMBL3989470,1
CHEMBL3989470::en2_A13:R;A18:R,CHEMBL3989470,2
CHEMBL3989473::en0_A25:S;A27:S;A29:R;A31:R,CHEMBL3989473,0
CHEMBL3989473::en1_A25:R;A27:S;A29:R;A31:R,CHEMBL3989473,1
CHEMBL3989473::en2_A25:S;A27:R;A29:R;A31:R,CHEMBL3989473,2
CHEMBL3989473::en3_A25:R;A27:R;A29:R;A31:R,CHEMBL3989473,3
CHEMBL3989473::en4_A25:S;A27:S;A29:S;A31:R,CHEMBL3989473,4
CHEMBL3989474::en0_A2:S;A5:R;A7:R;A11:S,CHEMBL3989474,0
CHEMBL3989474::en1_A2:R;A5:S;A7:S;A11:S,CHEMBL3989474,1
CHEMBL3989476::en0_A2:R;A6:S;A20:R;A25:S,CHEMBL3989476,0
CHEMBL3989476::en1_A2:S;A6:S;A20:R;A25:S,CHEMBL3989476,1
CHEMBL3989476::en2_A2:R;A6:R;A20:R;A25:S,CHEMBL3989476,2
CHEMBL3989476::en3_A2:S;A6:R;A20:R;A25:S,CHEMBL3989476,3
CHEMBL3989476::en4_A2:R;A6:S;A20:S;A25:S,CHEMBL3989476,4
CHEMBL3989477::en0_A2:S;A5:R;A6:S;A18:R,CHEMBL3989477,0
CHEMBL3989477::en1_A2:R;A5:S;A6:S;A18:R,CHEMBL3989477,1
CHEMBL3989479::en0_A12:R;A14:R;A16:R;A18:R,CHEMBL3989479,0
CHEMBL3989479::en1_A12:S;A14:R;A16:R;A18:R,CHEMBL3989479,1
CHEMBL3989479::en2_A12:R;A14:S;A16:R;A18:R,CHEMBL3989479,2
CHEMBL3989479::en3_A12:S;A14:S;A16:R;A18:R,CHEMBL3989479,3
CHEMBL3989479::en4_A12:R;A14:R;A16:S;A18:R,CHEMBL3989479,4
CHEMBL3989484::en0_A2:R;A4:R;A5:S;A23:R;A32:S,CHEMBL3989484,0
CHEMBL3989484::en1_A2:S;A4:R;A5:S;A23:R;A32:S,CHEMBL3989484,1
CHEMBL3989484::en2_A2:R;A4:S;A5:S;A23:R;A32:S,CHEMBL3989484,2
CHEMBL3989484::en3_A2:S;A4:S;A5:S;A23:R;A32:S,CHEMBL3989484,3
CHEMBL3989484::en4_A2:R;A4:R;A5:R;A23:R;A32:S,CHEMBL3989484,4
CHEMBL3989489::en0_A5:S;A10:R;A11:S;A22:R;A25:S,CHEMBL3989489,0
CHEMBL3989489::en1_A5:R;A10:R;A11:S;A22:R;A25:S,CHEMBL3989489,1
CHEMBL3989489::en2_A5:S;A10:S;A11:S;A22:R;A25:S,CHEMBL3989489,2
CHEMBL3989489::en3_A5:R;A10:S;A11:S;A22:R;A25:S,CHEMBL3989489,3
CHEMBL3989489::en4_A5:S;A10:R;A11:R;A22:R;A25:S,CHEMBL3989489,4
CHEMBL3989493::en0_A1:S;A10:S,CHEMBL3989493,0
CHEMBL3989493::en1_A1:R;A10:S,CHEMBL3989493,1
CHEMBL3989493::en2_A1:S;A10:R,CHEMBL3989493,2
CHEMBL3989493::en3_A1:R;A10:R,CHEMBL3989493,3
CHEMBL3989494::en0_A9:R;A13:R;A20:S;A23:R;A24:R,CHEMBL3989494,0
CHEMBL3989494::en1_A9:S;A13:R;A20:S;A23:R;A24:R,CHEMBL3989494,1
CHEMBL3989494::en2_A9:R;A13:S;A20:S;A23:R;A24:R,CHEMBL3989494,2
CHEMBL3989494::en3_A9:S;A13:S;A20:S;A23:R;A24:R,CHEMBL3989494,3
CHEMBL3989494::en4_A9:R;A13:R;A20:R;A23:R;A24:R,CHEMBL3989494,4
CHEMBL3989498::en0_A1:R;A3:R;A4:S;A6:S;A14:S;A16:S;A18:R;A21:S;A23:S;A28:R,CHEMBL3989498,0
CHEMBL3989498::en1_A1:S;A3:R;A4:S;A6:S;A14:S;A16:S;A18:R;A21:S;A23:S;A28:R,CHEMBL3989498,1
CHEMBL3989498::en2_A1:R;A3:S;A4:S;A6:S;A14:S;A16:S;A18:R;A21:S;A23:S;A28:R,CHEMBL3989498,2
CHEMBL3989498::en3_A1:S;A3:S;A4:S;A6:S;A14:S;A16:S;A18:R;A21:S;A23:S;A28:R,CHEMBL3989498,3
CHEMBL3989498::en4_A1:R;A3:R;A4:R;A6:S;A14:S;A16:S;A18:R;A21:S;A23:S;A28:R,CHEMBL3989498,4
CHEMBL3989499::en0_A1:S;A3:R;A13:S;A19:R;A21:S,CHEMBL3989499,0
CHEMBL3989499::en1_A1:R;A3:R;A13:S;A19:R;A21:S,CHEMBL3989499,1
CHEMBL3989499::en2_A1:S;A3:S;A13:S;A19:R;A21:S,CHEMBL3989499,2
CHEMBL3989499::en3_A1:R;A3:S;A13:S;A19:R;A21:S,CHEMBL3989499,3
CHEMBL3989499::en4_A1:S;A3:R;A13:R;A19:R;A21:S,CHEMBL3989499,4
CHEMBL3989502::en0_A2:S;A5:R;A7:R;A9:R,CHEMBL3989502,0
CHEMBL3989502::en1_A2:R;A5:S;A7:S;A9:R,CHEMBL3989502,1
CHEMBL3989512::en0_A2:S;A4:R;A5:S;A13:R;A14:R;A17:S;A36:R;A40:S,CHEMBL3989512,0
CHEMBL3989512::en1_A2:R;A4:R;A5:S;A13:R;A14:R;A17:S;A36:R;A40:S,CHEMBL3989512,1
CHEMBL3989512::en2_A2:S;A4:S;A5:S;A13:R;A14:R;A17:S;A36:R;A40:S,CHEMBL3989512,2
CHEMBL3989512::en3_A2:R;A4:S;A5:S;A13:R;A14:R;A17:S;A36:R;A40:S,CHEMBL3989512,3
CHEMBL3989512::en4_A2:S;A4:R;A5:R;A13:R;A14:R;A17:S;A36:R;A40:S,CHEMBL3989512,4
CHEMBL3989526::en0_A1:S;A9:R;A11:R;A12:S;A21:S;A23:S;A25:R;A28:S;A30:S,CHEMBL3989526,0
CHEMBL3989526::en1_A1:R;A9:R;A11:R;A12:S;A21:S;A23:S;A25:R;A28:S;A30:S,CHEMBL3989526,1
CHEMBL3989526::en2_A1:S;A9:S;A11:R;A12:S;A21:S;A23:S;A25:R;A28:S;A30:S,CHEMBL3989526,2
CHEMBL3989526::en3_A1:R;A9:S;A11:R;A12:S;A21:S;A23:S;A25:R;A28:S;A30:S,CHEMBL3989526,3
CHEMBL3989526::en4_A1:S;A9:R;A11:S;A12:S;A21:S;A23:S;A25:R;A28:S;A30:S,CHEMBL3989526,4
CHEMBL3989530::en0_A2:R;A5:S;A7:S;A10:R;A11:S;A16:R;A33:R;A35:R;A38:R,CHEMBL3989530,0
CHEMBL3989530::en1_A2:S;A5:S;A7:S;A10:R;A11:S;A16:R;A33:R;A35:R;A38:R,CHEMBL3989530,1
CHEMBL3989530::en2_A2:R;A5:R;A7:S;A10:R;A11:S;A16:R;A33:R;A35:R;A38:R,CHEMBL3989530,2
CHEMBL3989530::en3_A2:S;A5:R;A7:S;A10:R;A11:S;A16:R;A33:R;A35:R;A38:R,CHEMBL3989530,3
CHEMBL3989530::en4_A2:R;A5:S;A7:R;A10:R;A11:S;A16:R;A33:R;A35:R;A38:R,CHEMBL3989530,4
CHEMBL3989540::en0_A2:R;A5:S;A7:R;A9:R;A13:R;A15:R;A17:S;A19:R;A23:R;A26:R;A28:S;A29:S;A32:S;A43:S;A45:R;A47:S;A51:S;A53:R,CHEMBL3989540,0
CHEMBL3989540::en1_A2:S;A5:R;A7:R;A9:R;A13:R;A15:S;A17:S;A19:S;A23:R;A26:S;A28:R;A29:R;A32:R;A43:S;A45:S;A47:S;A51:S;A53:R,CHEMBL3989540,1
CHEMBL3989540::en2_A2:S;A5:R;A7:S;A9:S;A13:R;A15:S;A17:S;A19:R;A23:S;A26:S;A28:S;A29:R;A32:S;A43:S;A45:S;A47:R;A51:R;A53:S,CHEMBL3989540,2
CHEMBL3989540::en3_A2:S;A5:S;A7:R;A9:R;A13:R;A15:S;A17:R;A19:R;A23:S;A26:R;A28:S;A29:R;A32:S;A43:R;A45:R;A47:R;A51:S;A53:R,CHEMBL3989540,3
CHEMBL3989540::en4_A2:S;A5:S;A7:R;A9:R;A13:R;A15:R;A17:R;A19:R;A23:R;A26:R;A28:R;A29:S;A32:R;A43:S;A45:S;A47:S;A51:R;A53:S,CHEMBL3989540,4
CHEMBL3989541::en0_A4:R;A5:R;A7:R;A23:R;A25:S;A41:R,CHEMBL3989541,0
CHEMBL3989541::en1_A4:S;A5:R;A7:R;A23:R;A25:S;A41:R,CHEMBL3989541,1
CHEMBL3989541::en2_A4:R;A5:S;A7:R;A23:R;A25:S;A41:R,CHEMBL3989541,2
CHEMBL3989541::en3_A4:S;A5:S;A7:R;A23:R;A25:S;A41:R,CHEMBL3989541,3
CHEMBL3989541::en4_A4:R;A5:R;A7:S;A23:R;A25:S;A41:R,CHEMBL3989541,4
CHEMBL3989548::en0_A5:S;A10:R;A11:S;A22:R;A25:S,CHEMBL3989548,0
CHEMBL3989548::en1_A5:R;A10:R;A11:S;A22:R;A25:S,CHEMBL3989548,1
CHEMBL3989548::en2_A5:S;A10:S;A11:S;A22:R;A25:S,CHEMBL3989548,2
CHEMBL3989548::en3_A5:R;A10:S;A11:S;A22:R;A25:S,CHEMBL3989548,3
CHEMBL3989548::en4_A5:S;A10:R;A11:R;A22:R;A25:S,CHEMBL3989548,4
CHEMBL3989574::en0_A3:S;A7:R;A8:R;A10:S;A18:R;A20:R;A23:S,CHEMBL3989574,0
CHEMBL3989574::en1_A3:R;A7:R;A8:R;A10:S;A18:R;A20:R;A23:S,CHEMBL3989574,1
CHEMBL3989574::en2_A3:S;A7:S;A8:R;A10:S;A18:R;A20:R;A23:S,CHEMBL3989574,2
CHEMBL3989574::en3_A3:R;A7:S;A8:R;A10:S;A18:R;A20:R;A23:S,CHEMBL3989574,3
CHEMBL3989574::en4_A3:S;A7:R;A8:S;A10:S;A18:R;A20:R;A23:S,CHEMBL3989574,4
CHEMBL3989595::en0_A22:R;A24:S;A40:R;A43:R;A48:R;A50:S,CHEMBL3989595,0
CHEMBL3989595::en1_A22:S;A24:S;A40:R;A43:R;A48:R;A50:S,CHEMBL3989595,1
CHEMBL3989595::en2_A22:R;A24:R;A40:R;A43:R;A48:R;A50:S,CHEMBL3989595,2
CHEMBL3989595::en3_A22:S;A24:R;A40:R;A43:R;A48:R;A50:S,CHEMBL3989595,3
CHEMBL3989595::en4_A22:R;A24:S;A40:S;A43:R;A48:R;A50:S,CHEMBL3989595,4
CHEMBL3989596::en0_A21:R;A28:S;A30:S;A32:S;A36:R;A42:S;A44:S,CHEMBL3989596,0
CHEMBL3989596::en1_A21:S;A28:S;A30:S;A32:S;A36:R;A42:S;A44:S,CHEMBL3989596,1
CHEMBL3989596::en2_A21:R;A28:R;A30:S;A32:S;A36:R;A42:S;A44:S,CHEMBL3989596,2
CHEMBL3989596::en3_A21:S;A28:R;A30:S;A32:S;A36:R;A42:S;A44:S,CHEMBL3989596,3
CHEMBL3989596::en4_A21:R;A28:S;A30:R;A32:S;A36:R;A42:S;A44:S,CHEMBL3989596,4
CHEMBL3989598::en0_A4:S;A14:S;A16:R;A18:R;A20:S;A22:R;A24:R;A27:S;A29:S;A32:R;A35:R;A37:R;A44:S;A46:S,CHEMBL3989598,0
CHEMBL3989598::en1_A4:S;A14:S;A16:S;A18:R;A20:S;A22:S;A24:R;A27:S;A29:S;A32:S;A35:S;A37:S;A44:S;A46:R,CHEMBL3989598,1
CHEMBL3989598::en2_A4:S;A14:R;A16:R;A18:S;A20:S;A22:S;A24:S;A27:R;A29:R;A32:S;A35:R;A37:S;A44:R;A46:S,CHEMBL3989598,2
CHEMBL3989598::en3_A4:R;A14:S;A16:S;A18:R;A20:R;A22:R;A24:R;A27:R;A29:R;A32:S;A35:R;A37:R;A44:S;A46:R,CHEMBL3989598,3
CHEMBL3989598::en4_A4:R;A14:R;A16:R;A18:S;A20:R;A22:S;A24:S;A27:S;A29:S;A32:R;A35:R;A37:R;A44:S;A46:S,CHEMBL3989598,4
CHEMBL3989599::en0_A2:R;A8:S;A10:S;A12:S;A14:R;A17:S;A21:R;A23:S;A26:S;A32:S;A34:R;A35:R;A39:S;A41:S;A43:R;A45:R;A48:S,CHEMBL3989599,0
CHEMBL3989599::en1_A2:S;A8:R;A10:R;A12:R;A14:S;A17:S;A21:S;A23:S;A26:S;A32:R;A34:R;A35:R;A39:R;A41:S;A43:S;A45:S;A48:S,CHEMBL3989599,1
CHEMBL3989599::en2_A2:R;A8:R;A10:R;A12:S;A14:S;A17:S;A21:S;A23:R;A26:S;A32:S;A34:R;A35:S;A39:S;A41:R;A43:S;A45:S;A48:R,CHEMBL3989599,2
CHEMBL3989599::en3_A2:S;A8:R;A10:R;A12:R;A14:R;A17:S;A21:R;A23:S;A26:S;A32:R;A34:R;A35:R;A39:R;A41:S;A43:S;A45:S;A48:R,CHEMBL3989599,3
CHEMBL3989599::en4_A2:S;A8:R;A10:S;A12:S;A14:S;A17:R;A21:S;A23:R;A26:S;A32:R;A34:S;A35:R;A39:S;A41:R;A43:R;A45:R;A48:R,CHEMBL3989599,4
CHEMBL3989608::en0_A5:S;A15:R;A20:R;A23:R;A26:S,CHEMBL3989608,0
CHEMBL3989616::en0_A7:S;A10:R;A15:S,CHEMBL3989616,0
CHEMBL3989616::en1_A7:R;A10:R;A15:S,CHEMBL3989616,1
CHEMBL3989616::en2_A7:S;A10:S;A15:S,CHEMBL3989616,2
CHEMBL3989616::en3_A7:R;A10:S;A15:S,CHEMBL3989616,3
CHEMBL3989616::en4_A7:S;A10:R;A15:R,CHEMBL3989616,4
CHEMBL3989626::en0_A2:S;A8:S;A12:R;A14:S;A18:R;A20:R;A22:R;A24:R;A25:R;A29:S;A30:S;A31:S;A33:R,CHEMBL3989626,0
CHEMBL3989626::en1_A2:S;A8:R;A12:R;A14:S;A18:R;A20:S;A22:R;A24:S;A25:R;A29:S;A30:R;A31:S;A33:R,CHEMBL3989626,1
CHEMBL3989626::en2_A2:R;A8:S;A12:S;A14:S;A18:R;A20:R;A22:S;A24:S;A25:R;A29:S;A30:R;A31:R;A33:R,CHEMBL3989626,2
CHEMBL3989635::en0_A4:S;A5:R;A8:R;A11:R;A13:R;A15:R;A20:S;A24:R;A33:S,CHEMBL3989635,0
CHEMBL3989635::en1_A4:R;A5:R;A8:R;A11:R;A13:R;A15:R;A20:S;A24:R;A33:S,CHEMBL3989635,1
CHEMBL3989635::en2_A4:S;A5:S;A8:R;A11:R;A13:R;A15:R;A20:S;A24:R;A33:S,CHEMBL3989635,2
CHEMBL3989635::en3_A4:R;A5:S;A8:R;A11:R;A13:R;A15:R;A20:S;A24:R;A33:S,CHEMBL3989635,3
CHEMBL3989635::en4_A4:S;A5:R;A8:S;A11:R;A13:R;A15:R;A20:S;A24:R;A33:S,CHEMBL3989635,4
CHEMBL3989660::en0_A3:S;A7:R;A8:R;A17:R;A18:R;A21:S,CHEMBL3989660,0
CHEMBL3989660::en1_A3:R;A7:R;A8:R;A17:R;A18:R;A21:S,CHEMBL3989660,1
CHEMBL3989660::en2_A3:S;A7:S;A8:R;A17:R;A18:R;A21:S,CHEMBL3989660,2
CHEMBL3989660::en3_A3:R;A7:S;A8:R;A17:R;A18:R;A21:S,CHEMBL3989660,3
CHEMBL3989660::en4_A3:S;A7:R;A8:S;A17:R;A18:R;A21:S,CHEMBL3989660,4
CHEMBL3989662::en0_A10:R,CHEMBL3989662,0
CHEMBL3989662::en1_A10:S,CHEMBL3989662,1
CHEMBL3989666::en0_A8:S;A9:S;A15:S;A17:R;A18:R,CHEMBL3989666,0
CHEMBL3989666::en1_A8:R;A9:S;A15:S;A17:R;A18:R,CHEMBL3989666,1
CHEMBL3989666::en2_A8:S;A9:R;A15:S;A17:R;A18:R,CHEMBL3989666,2
CHEMBL3989666::en3_A8:R;A9:R;A15:S;A17:R;A18:R,CHEMBL3989666,3
CHEMBL3989666::en4_A8:S;A9:S;A15:R;A17:R;A18:R,CHEMBL3989666,4
CHEMBL3989668::en0_A5:S;A6:S;A9:R;A11:R,CHEMBL3989668,0
CHEMBL3989668::en1_A5:R;A6:S;A9:R;A11:R,CHEMBL3989668,1
CHEMBL3989668::en2_A5:S;A6:R;A9:S;A11:R,CHEMBL3989668,2
CHEMBL3989679::en0_A9:R;A11:S;A12:S;A29:R;A31:S;A34:S,CHEMBL3989679,0
CHEMBL3989679::en1_A9:S;A11:S;A12:S;A29:R;A31:S;A34:S,CHEMBL3989679,1
CHEMBL3989679::en2_A9:R;A11:R;A12:S;A29:R;A31:S;A34:S,CHEMBL3989679,2
CHEMBL3989679::en3_A9:S;A11:R;A12:S;A29:R;A31:S;A34:S,CHEMBL3989679,3
CHEMBL3989679::en4_A9:R;A11:S;A12:R;A29:R;A31:S;A34:S,CHEMBL3989679,4
CHEMBL3989681::en0_A15:R;A17:R;A19:R;A21:R;A32:R;A40:R;A47:S,CHEMBL3989681,0
CHEMBL3989681::en1_A15:S;A17:R;A19:R;A21:R;A32:R;A40:R;A47:S,CHEMBL3989681,1
CHEMBL3989681::en2_A15:R;A17:S;A19:R;A21:R;A32:R;A40:R;A47:S,CHEMBL3989681,2
CHEMBL3989681::en3_A15:S;A17:S;A19:R;A21:R;A32:R;A40:R;A47:S,CHEMBL3989681,3
CHEMBL3989681::en4_A15:R;A17:R;A19:S;A21:R;A32:R;A40:R;A47:S,CHEMBL3989681,4
CHEMBL3989686::en0_A6:R,CHEMBL3989686,0
CHEMBL3989686::en1_A6:S,CHEMBL3989686,1
CHEMBL3989686::en2_A6:R,CHEMBL3989686,2
CHEMBL3989686::en3_A6:S,CHEMBL3989686,3
CHEMBL3989690::en0_A4:R;A5:R;A15:R;A18:S,CHEMBL3989690,0
CHEMBL3989700::en0_A2:R;A3:R;A13:S;A15:R;A42:R;A47:R;A50:R;A60:S,CHEMBL3989700,0
CHEMBL3989700::en1_A2:S;A3:R;A13:S;A15:R;A42:R;A47:R;A50:R;A60:S,CHEMBL3989700,1
CHEMBL3989700::en2_A2:R;A3:S;A13:S;A15:R;A42:R;A47:R;A50:R;A60:S,CHEMBL3989700,2
CHEMBL3989700::en3_A2:S;A3:S;A13:S;A15:R;A42:R;A47:R;A50:R;A60:S,CHEMBL3989700,3
CHEMBL3989700::en4_A2:R;A3:R;A13:R;A15:R;A42:R;A47:R;A50:R;A60:S,CHEMBL3989700,4
CHEMBL3989701::en0_A4:R;A5:S;A20:S;A30:R,CHEMBL3989701,0
CHEMBL3989701::en1_A4:S;A5:S;A20:S;A30:R,CHEMBL3989701,1
CHEMBL3989701::en2_A4:R;A5:R;A20:S;A30:R,CHEMBL3989701,2
CHEMBL3989701::en3_A4:S;A5:R;A20:S;A30:R,CHEMBL3989701,3
CHEMBL3989701::en4_A4:R;A5:S;A20:R;A30:R,CHEMBL3989701,4
CHEMBL3989704::en0_A3:R;A11:R,CHEMBL3989704,0
CHEMBL3989704::en1_A3:S;A11:R,CHEMBL3989704,1
CHEMBL3989710::en0_A14:R;A16:R;A19:R;A21:S;A23:S,CHEMBL3989710,0
CHEMBL3989710::en1_A14:S;A16:R;A19:R;A21:S;A23:S,CHEMBL3989710,1
CHEMBL3989710::en2_A14:R;A16:S;A19:R;A21:S;A23:S,CHEMBL3989710,2
CHEMBL3989710::en3_A14:S;A16:S;A19:R;A21:S;A23:S,CHEMBL3989710,3
CHEMBL3989710::en4_A14:R;A16:R;A19:S;A21:S;A23:S,CHEMBL3989710,4
CHEMBL3989723::en0_A5:R;A11:R;A14:R;A15:S;A24:S;A26:S;A28:R;A31:S,CHEMBL3989723,0
CHEMBL3989723::en1_A5:S;A11:R;A14:R;A15:S;A24:S;A26:S;A28:R;A31:S,CHEMBL3989723,1
CHEMBL3989723::en2_A5:R;A11:S;A14:R;A15:S;A24:S;A26:S;A28:R;A31:S,CHEMBL3989723,2
CHEMBL3989723::en3_A5:S;A11:S;A14:R;A15:S;A24:S;A26:S;A28:R;A31:S,CHEMBL3989723,3
CHEMBL3989723::en4_A5:R;A11:R;A14:S;A15:S;A24:S;A26:S;A28:R;A31:S,CHEMBL3989723,4
CHEMBL3989730::en0_A5:S;A8:R;A9:R;A14:S;A24:S;A26:R;A27:S;A36:R,CHEMBL3989730,0
CHEMBL3989730::en1_A5:S;A8:S;A9:R;A14:S;A24:S;A26:R;A27:S;A36:R,CHEMBL3989730,1
CHEMBL3989731::en0_A1:S,CHEMBL3989731,0
CHEMBL3989731::en1_A1:R,CHEMBL3989731,1
CHEMBL3989734::en0_A16:S;A26:S,CHEMBL3989734,0
CHEMBL3989734::en1_A16:R;A26:S,CHEMBL3989734,1
CHEMBL3989734::en2_A16:S;A26:R,CHEMBL3989734,2
CHEMBL3989734::en3_A16:R;A26:R,CHEMBL3989734,3
CHEMBL3989734::en4_A16:S;A26:S,CHEMBL3989734,4
CHEMBL3989741::en0_A5:S;A6:S;A8:R;A9:R;A14:R;A20:R;A23:R;A24:R;A26:R;A33:S;A35:R;A38:S;A41:R,CHEMBL3989741,0
CHEMBL3989741::en1_A5:S;A6:R;A8:S;A9:S;A14:S;A20:S;A23:R;A24:S;A26:S;A33:R;A35:S;A38:S;A41:R,CHEMBL3989741,1
CHEMBL3989741::en2_A5:R;A6:S;A8:R;A9:R;A14:S;A20:S;A23:S;A24:S;A26:S;A33:S;A35:R;A38:S;A41:R,CHEMBL3989741,2
CHEMBL3989741::en3_A5:S;A6:R;A8:R;A9:R;A14:R;A20:R;A23:S;A24:R;A26:S;A33:S;A35:S;A38:R;A41:R,CHEMBL3989741,3
CHEMBL3989741::en4_A5:S;A6:R;A8:S;A9:S;A14:R;A20:S;A23:R;A24:S;A26:R;A33:R;A35:R;A38:S;A41:R,CHEMBL3989741,4
CHEMBL3989742::en0_A3:R;A5:R;A14:R;A16:R;A17:R;A26:R;A28:R;A31:R,CHEMBL3989742,0
CHEMBL3989742::en1_A3:S;A5:R;A14:R;A16:R;A17:R;A26:R;A28:R;A31:R,CHEMBL3989742,1
CHEMBL3989742::en2_A3:R;A5:S;A14:R;A16:R;A17:R;A26:R;A28:R;A31:R,CHEMBL3989742,2
CHEMBL3989742::en3_A3:S;A5:S;A14:R;A16:R;A17:R;A26:R;A28:R;A31:R,CHEMBL3989742,3
CHEMBL3989742::en4_A3:R;A5:R;A14:S;A16:R;A17:R;A26:R;A28:R;A31:R,CHEMBL3989742,4
CHEMBL3989755::en0_A1:S;A11:S;A21:S;A23:S;A26:R;A27:R;A31:S;A37:R;A39:S;A43:S;A58:S;A61:R;A62:R;A66:R;A72:R;A74:S;A78:S,CHEMBL3989755,0
CHEMBL3989755::en1_A1:S;A11:S;A21:R;A23:S;A26:R;A27:R;A31:R;A37:R;A39:S;A43:S;A58:R;A61:S;A62:S;A66:S;A72:S;A74:R;A78:S,CHEMBL3989755,1
CHEMBL3989755::en2_A1:R;A11:S;A21:S;A23:S;A26:S;A27:S;A31:R;A37:R;A39:S;A43:S;A58:R;A61:R;A62:S;A66:S;A72:S;A74:R;A78:S,CHEMBL3989755,2
CHEMBL3989755::en3_A1:S;A11:S;A21:R;A23:R;A26:R;A27:S;A31:R;A37:S;A39:R;A43:S;A58:S;A61:R;A62:S;A66:R;A72:R;A74:S;A78:S,CHEMBL3989755,3
CHEMBL3989755::en4_A1:S;A11:S;A21:S;A23:S;A26:R;A27:R;A31:S;A37:S;A39:S;A43:S;A58:S;A61:R;A62:R;A66:R;A72:R;A74:S;A78:R,CHEMBL3989755,4
CHEMBL3989760::en0_A1:S;A16:R,CHEMBL3989760,0
CHEMBL3989760::en1_A1:R;A16:R,CHEMBL3989760,1
CHEMBL3989760::en2_A1:S;A16:S,CHEMBL3989760,2
CHEMBL3989760::en3_A1:R;A16:S,CHEMBL3989760,3
CHEMBL3989773::en0_A11:S,CHEMBL3989773,0
CHEMBL3989773::en1_A11:R,CHEMBL3989773,1
CHEMBL3989776::en0_A4:S;A8:R,CHEMBL3989776,0
CHEMBL3989776::en1_A4:R;A8:R,CHEMBL3989776,1
CHEMBL3989776::en2_A4:S;A8:S,CHEMBL3989776,2
CHEMBL3989776::en3_A4:R;A8:S,CHEMBL3989776,3
CHEMBL3989787::en0_A4:S;A5:R;A8:R;A11:R;A13:R;A19:R;A24:R,CHEMBL3989787,0
CHEMBL3989787::en1_A4:R;A5:R;A8:R;A11:R;A13:R;A19:R;A24:R,CHEMBL3989787,1
CHEMBL3989787::en2_A4:S;A5:S;A8:R;A11:R;A13:R;A19:R;A24:R,CHEMBL3989787,2
CHEMBL3989787::en3_A4:R;A5:S;A8:R;A11:R;A13:R;A19:R;A24:R,CHEMBL3989787,3
CHEMBL3989787::en4_A4:S;A5:R;A8:S;A11:R;A13:R;A19:R;A24:R,CHEMBL3989787,4
CHEMBL3989789::en0_A6:S;A7:S;A9:R;A10:S;A15:R;A21:R;A24:R;A25:S;A27:S;A34:S;A36:S;A39:R;A42:R,CHEMBL3989789,0
CHEMBL3989789::en1_A6:S;A7:R;A9:R;A10:S;A15:S;A21:S;A24:S;A25:S;A27:S;A34:R;A36:S;A39:S;A42:S,CHEMBL3989789,1
CHEMBL3989789::en2_A6:R;A7:S;A9:R;A10:S;A15:R;A21:S;A24:R;A25:R;A27:S;A34:R;A36:R;A39:S;A42:S,CHEMBL3989789,2
CHEMBL3989789::en3_A6:R;A7:S;A9:R;A10:R;A15:R;A21:R;A24:R;A25:S;A27:S;A34:R;A36:S;A39:R;A42:R,CHEMBL3989789,3
CHEMBL3989789::en4_A6:S;A7:S;A9:S;A10:S;A15:S;A21:S;A24:S;A25:S;A27:R;A34:S;A36:S;A39:S;A42:R,CHEMBL3989789,4
CHEMBL3989790::en0_A1:R;A7:R;A21:S,CHEMBL3989790,0
CHEMBL3989790::en1_A1:S;A7:R;A21:S,CHEMBL3989790,1
CHEMBL3989790::en2_A1:R;A7:S;A21:S,CHEMBL3989790,2
CHEMBL3989790::en3_A1:S;A7:S;A21:S,CHEMBL3989790,3
CHEMBL3989790::en4_A1:R;A7:R;A21:R,CHEMBL3989790,4
CHEMBL3989794::en0_A5:R;A19:R,CHEMBL3989794,0
CHEMBL3989794::en1_A5:S;A19:R,CHEMBL3989794,1
CHEMBL3989794::en2_A5:R;A19:S,CHEMBL3989794,2
CHEMBL3989794::en3_A5:S;A19:S,CHEMBL3989794,3
CHEMBL3989795::en0_A4:S;A6:S;A8:S;A10:R;A12:S;A14:R;A17:S;A22:S;A29:S;A31:S;A32:S;A35:R;A37:S;A40:R;A43:S;A45:R,CHEMBL3989795,0
CHEMBL3989795::en1_A4:S;A6:S;A8:R;A10:S;A12:R;A14:S;A17:R;A22:S;A29:S;A31:R;A32:R;A35:S;A37:R;A40:S;A43:S;A45:R,CHEMBL3989795,1
CHEMBL3989795::en2_A4:S;A6:R;A8:R;A10:R;A12:R;A14:R;A17:R;A22:S;A29:R;A31:R;A32:R;A35:R;A37:R;A40:R;A43:S;A45:R,CHEMBL3989795,2
CHEMBL3989795::en3_A4:S;A6:R;A8:R;A10:R;A12:R;A14:S;A17:R;A22:S;A29:S;A31:S;A32:S;A35:R;A37:R;A40:R;A43:S;A45:R,CHEMBL3989795,3
CHEMBL3989795::en4_A4:S;A6:R;A8:S;A10:R;A12:R;A14:R;A17:R;A22:S;A29:R;A31:R;A32:R;A35:R;A37:R;A40:R;A43:R;A45:S,CHEMBL3989795,4
CHEMBL3989796::en0_A4:S;A5:S;A6:S;A29:S;A33:R,CHEMBL3989796,0
CHEMBL3989796::en1_A4:R;A5:S;A6:S;A29:S;A33:R,CHEMBL3989796,1
CHEMBL3989796::en2_A4:S;A5:R;A6:S;A29:S;A33:R,CHEMBL3989796,2
CHEMBL3989796::en3_A4:R;A5:R;A6:S;A29:S;A33:R,CHEMBL3989796,3
CHEMBL3989796::en4_A4:S;A5:S;A6:R;A29:S;A33:R,CHEMBL3989796,4
CHEMBL3989807::en0_A4:S;A5:S;A11:S;A13:S;A14:R;A20:S;A22:R;A23:S;A29:R;A31:R;A34:S;A36:R;A39:S;A40:R;A43:S;A45:S;A52:S;A58:R;A62:R;A65:S;A68:R,CHEMBL3989807,0
CHEMBL3989807::en1_A4:S;A5:S;A11:R;A13:S;A14:S;A20:R;A22:S;A23:S;A29:S;A31:R;A34:R;A36:R;A39:S;A40:R;A43:S;A45:R;A52:R;A58:S;A62:S;A65:R;A68:S,CHEMBL3989807,1
CHEMBL3989807::en2_A4:R;A5:S;A11:R;A13:R;A14:S;A20:S;A22:R;A23:R;A29:S;A31:R;A34:S;A36:R;A39:S;A40:S;A43:S;A45:R;A52:R;A58:R;A62:R;A65:R;A68:R,CHEMBL3989807,2
CHEMBL3989807::en3_A4:S;A5:R;A11:S;A13:R;A14:S;A20:S;A22:R;A23:R;A29:R;A31:R;A34:S;A36:R;A39:S;A40:R;A43:S;A45:S;A52:R;A58:R;A62:S;A65:S;A68:R,CHEMBL3989807,3
CHEMBL3989807::en4_A4:R;A5:R;A11:R;A13:S;A14:S;A20:S;A22:S;A23:S;A29:R;A31:R;A34:R;A36:R;A39:R;A40:S;A43:R;A45:R;A52:R;A58:R;A62:S;A65:R;A68:S,CHEMBL3989807,4
CHEMBL3989817::en0_A5:R;A6:R;A9:S;A11:S;A12:S;A14:R;A16:S;A18:S;A21:S;A25:S;A27:S;A30:S;A35:S;A37:R;A43:R;A45:R;A50:S;A53:R,CHEMBL3989817,0
CHEMBL3989817::en1_A5:S;A6:R;A9:S;A11:S;A12:R;A14:R;A16:S;A18:S;A21:R;A25:S;A27:R;A30:R;A35:S;A37:S;A43:S;A45:R;A50:R;A53:S,CHEMBL3989817,1
CHEMBL3989817::en2_A5:R;A6:S;A9:R;A11:R;A12:R;A14:R;A16:R;A18:S;A21:S;A25:R;A27:R;A30:S;A35:R;A37:R;A43:R;A45:R;A50:S;A53:S,CHEMBL3989817,2
CHEMBL3989817::en3_A5:R;A6:S;A9:S;A11:R;A12:S;A14:R;A16:R;A18:S;A21:S;A25:S;A27:R;A30:R;A35:R;A37:S;A43:R;A45:S;A50:R;A53:R,CHEMBL3989817,3
CHEMBL3989817::en4_A5:S;A6:R;A9:S;A11:S;A12:R;A14:R;A16:S;A18:R;A21:R;A25:S;A27:S;A30:S;A35:S;A37:R;A43:S;A45:S;A50:S;A53:S,CHEMBL3989817,4
CHEMBL3989836::en0_A2:S;A16:R;A32:R;A33:S;A39:S;A44:R;A53:S;A54:R;A56:R;A58:R,CHEMBL3989836,0
CHEMBL3989836::en1_A2:S;A16:S;A32:R;A33:R;A39:R;A44:R;A53:S;A54:R;A56:R;A58:R,CHEMBL3989836,1
CHEMBL3989836::en2_A2:R;A16:R;A32:R;A33:R;A39:R;A44:R;A53:R;A54:R;A56:R;A58:R,CHEMBL3989836,2
CHEMBL3989836::en3_A2:R;A16:S;A32:S;A33:S;A39:R;A44:R;A53:S;A54:S;A56:R;A58:S,CHEMBL3989836,3
CHEMBL3989838::en0_A3:R;A11:S,CHEMBL3989838,0
CHEMBL3989838::en1_A3:S;A11:S,CHEMBL3989838,1
CHEMBL3989838::en2_A3:R;A11:R,CHEMBL3989838,2
CHEMBL3989838::en3_A3:S;A11:R,CHEMBL3989838,3
CHEMBL3989841::en0_A6:R,CHEMBL3989841,0
CHEMBL3989841::en1_A6:S,CHEMBL3989841,1
CHEMBL3989843::en0_A1:S;A4:S;A5:R;A6:S;A7:S;A8:R;A9:R;A11:R;A13:R;A14:S;A15:S;A16:R;A17:S;A18:S;A19:S,CHEMBL3989843,0
CHEMBL3989843::en2_A1:S;A3:S;A4:S;A8:R;A11:S;A17:R;A18:S;A19:S,CHEMBL3989843,2
CHEMBL3989843::en3_A1:S;A2:S;A3:S;A5:R;A7:S;A11:R;A12:S;A14:S;A19:S,CHEMBL3989843,3
CHEMBL3989859::en0_A15:S;A20:R;A25:R,CHEMBL3989859,0
CHEMBL3989859::en1_A15:R;A20:R;A25:R,CHEMBL3989859,1
CHEMBL3989859::en2_A15:S;A20:S;A25:R,CHEMBL3989859,2
CHEMBL3989859::en3_A15:R;A20:S;A25:R,CHEMBL3989859,3
CHEMBL3989859::en4_A15:S;A20:R;A25:S,CHEMBL3989859,4
CHEMBL3989866::en0_A24:S;A27:R;A30:R,CHEMBL3989866,0
CHEMBL3989866::en1_A24:R;A27:S;A30:R,CHEMBL3989866,1
CHEMBL3989871::en0_A8:R;A23:S,CHEMBL3989871,0
CHEMBL3989871::en1_A8:S;A23:S,CHEMBL3989871,1
CHEMBL3989871::en2_A8:R;A23:R,CHEMBL3989871,2
CHEMBL3989871::en3_A8:S;A23:R,CHEMBL3989871,3
CHEMBL3989873::en0_A4:R;A6:S;A25:R;A27:S,CHEMBL3989873,0
CHEMBL3989873::en1_A4:S;A6:S;A25:R;A27:S,CHEMBL3989873,1
CHEMBL3989873::en2_A4:R;A6:R;A25:R;A27:S,CHEMBL3989873,2
CHEMBL3989873::en3_A4:S;A6:R;A25:R;A27:S,CHEMBL3989873,3
CHEMBL3989873::en4_A4:R;A6:S;A25:S;A27:S,CHEMBL3989873,4
CHEMBL3989875::en0_A2:S;A8:R;A10:R;A12:R;A17:R;A19:R;A21:S;A25:S;A27:R;A29:R;A36:R;A38:R;A41:R;A43:S;A45:S;A50:R;A53:R,CHEMBL3989875,0
CHEMBL3989875::en1_A2:S;A8:S;A10:R;A12:S;A17:S;A19:R;A21:S;A25:S;A27:R;A29:R;A36:R;A38:S;A41:S;A43:S;A45:S;A50:R;A53:S,CHEMBL3989875,1
CHEMBL3989875::en2_A2:S;A8:R;A10:R;A12:S;A17:S;A19:S;A21:S;A25:R;A27:S;A29:S;A36:S;A38:S;A41:R;A43:S;A45:R;A50:S;A53:S,CHEMBL3989875,2
CHEMBL3989875::en3_A2:S;A8:S;A10:R;A12:S;A17:R;A19:S;A21:S;A25:S;A27:R;A29:S;A36:S;A38:S;A41:R;A43:R;A45:S;A50:R;A53:S,CHEMBL3989875,3
CHEMBL3989875::en4_A2:R;A8:R;A10:R;A12:S;A17:R;A19:S;A21:S;A25:S;A27:R;A29:S;A36:S;A38:S;A41:R;A43:S;A45:R;A50:S;A53:R,CHEMBL3989875,4
CHEMBL3989877::en0_A5:R;A8:R;A9:S;A12:R;A14:R;A20:S;A22:S;A25:S;A26:S,CHEMBL3989877,0
CHEMBL3989877::en1_A5:S;A8:R;A9:S;A12:R;A14:R;A20:S;A22:S;A25:S;A26:S,CHEMBL3989877,1
CHEMBL3989877::en2_A5:R;A8:S;A9:S;A12:R;A14:R;A20:S;A22:S;A25:S;A26:S,CHEMBL3989877,2
CHEMBL3989877::en3_A5:S;A8:S;A9:S;A12:R;A14:R;A20:S;A22:S;A25:S;A26:S,CHEMBL3989877,3
CHEMBL3989877::en4_A5:R;A8:R;A9:R;A12:R;A14:R;A20:S;A22:S;A25:S;A26:S,CHEMBL3989877,4
CHEMBL3989881::en0_A11:R;A13:R;A15:R;A17:R;A27:R;A29:R;A31:R;A33:R,CHEMBL3989881,0
CHEMBL3989881::en1_A11:S;A13:R;A15:R;A17:R;A27:R;A29:R;A31:R;A33:R,CHEMBL3989881,1
CHEMBL3989881::en2_A11:R;A13:S;A15:R;A17:R;A27:R;A29:R;A31:R;A33:R,CHEMBL3989881,2
CHEMBL3989881::en3_A11:S;A13:S;A15:R;A17:R;A27:R;A29:R;A31:R;A33:R,CHEMBL3989881,3
CHEMBL3989881::en4_A11:R;A13:R;A15:S;A17:R;A27:R;A29:R;A31:R;A33:R,CHEMBL3989881,4
CHEMBL3989883::en0_A9:R;A10:S;A13:S;A23:R;A26:S,CHEMBL3989883,0
CHEMBL3989883::en1_A9:S;A10:S;A13:S;A23:R;A26:S,CHEMBL3989883,1
CHEMBL3989883::en2_A9:R;A10:R;A13:S;A23:R;A26:S,CHEMBL3989883,2
CHEMBL3989883::en3_A9:S;A10:R;A13:S;A23:R;A26:S,CHEMBL3989883,3
CHEMBL3989883::en4_A9:R;A10:S;A13:R;A23:R;A26:S,CHEMBL3989883,4
CHEMBL3989886::en0_A1:S;A3:R;A5:R;A6:S;A9:R;A11:R;A12:S;A15:R;A17:R;A20:S;A22:R;A25:R;A26:R;A29:R;A31:S;A38:R;A43:R;A47:R;A50:S;A53:S;A55:S,CHEMBL3989886,0
CHEMBL3989886::en1_A1:R;A3:S;A5:R;A6:S;A9:R;A11:R;A12:R;A15:S;A17:S;A20:R;A22:S;A25:S;A26:S;A29:R;A31:R;A38:R;A43:S;A47:R;A50:R;A53:R;A55:R,CHEMBL3989886,1
CHEMBL3989886::en2_A1:R;A3:S;A5:R;A6:R;A9:R;A11:S;A12:S;A15:S;A17:S;A20:R;A22:R;A25:S;A26:S;A29:R;A31:R;A38:S;A43:R;A47:R;A50:R;A53:S;A55:R,CHEMBL3989886,2
CHEMBL3989886::en3_A1:R;A3:S;A5:S;A6:S;A9:S;A11:R;A12:S;A15:R;A17:S;A20:S;A22:R;A25:R;A26:R;A29:S;A31:S;A38:S;A43:R;A47:S;A50:R;A53:R;A55:R,CHEMBL3989886,3
CHEMBL3989886::en4_A1:R;A3:S;A5:S;A6:R;A9:S;A11:S;A12:S;A15:S;A17:S;A20:S;A22:R;A25:R;A26:R;A29:R;A31:R;A38:S;A43:S;A47:S;A50:R;A53:R;A55:S,CHEMBL3989886,4
CHEMBL3989895::en0_A4:R;A5:R;A14:R;A15:R;A18:S;A20:R,CHEMBL3989895,0
CHEMBL3989895::en1_A4:S;A5:R;A14:R;A15:R;A18:S;A20:R,CHEMBL3989895,1
CHEMBL3989895::en2_A4:R;A5:S;A14:R;A15:R;A18:S;A20:R,CHEMBL3989895,2
CHEMBL3989895::en3_A4:S;A5:S;A14:R;A15:R;A18:S;A20:R,CHEMBL3989895,3
CHEMBL3989895::en4_A4:R;A5:R;A14:S;A15:R;A18:S;A20:R,CHEMBL3989895,4
CHEMBL3989896::en0_A4:S;A9:R;A12:R;A13:S;A22:S;A24:S;A26:R;A29:S,CHEMBL3989896,0
CHEMBL3989896::en1_A4:R;A9:R;A12:R;A13:S;A22:S;A24:S;A26:R;A29:S,CHEMBL3989896,1
CHEMBL3989896::en2_A4:S;A9:S;A12:R;A13:S;A22:S;A24:S;A26:R;A29:S,CHEMBL3989896,2
CHEMBL3989896::en3_A4:R;A9:S;A12:R;A13:S;A22:S;A24:S;A26:R;A29:S,CHEMBL3989896,3
CHEMBL3989896::en4_A4:S;A9:R;A12:S;A13:S;A22:S;A24:S;A26:R;A29:S,CHEMBL3989896,4
CHEMBL3989904::en0_A2:S;A6:R;A10:S;A12:S;A14:R;A16:R;A19:S;A23:S;A25:R;A42:S;A46:R;A48:S;A53:R,CHEMBL3989904,0
CHEMBL3989904::en1_A2:R;A6:R;A10:R;A12:S;A14:S;A16:S;A19:S;A23:S;A25:R;A42:R;A46:S;A48:R;A53:S,CHEMBL3989904,1
CHEMBL3989904::en2_A2:R;A6:R;A10:R;A12:S;A14:R;A16:S;A19:R;A23:S;A25:S;A42:S;A46:S;A48:R;A53:R,CHEMBL3989904,2
CHEMBL3989904::en3_A2:R;A6:S;A10:S;A12:S;A14:S;A16:R;A19:S;A23:S;A25:S;A42:S;A46:S;A48:R;A53:S,CHEMBL3989904,3
CHEMBL3989904::en4_A2:R;A6:S;A10:R;A12:S;A14:R;A16:R;A19:S;A23:S;A25:R;A42:R;A46:R;A48:R;A53:S,CHEMBL3989904,4
CHEMBL3989916::en0_A7:R;A8:R;A10:S;A12:S;A13:S;A17:R;A21:S;A25:S;A27:R;A30:S;A32:S;A39:S,CHEMBL3989916,0
CHEMBL3989916::en1_A7:R;A8:R;A10:R;A12:S;A13:S;A17:R;A21:R;A25:R;A27:S;A30:R;A32:R;A39:R,CHEMBL3989916,1
CHEMBL3989916::en2_A7:S;A8:R;A10:S;A12:S;A13:S;A17:R;A21:R;A25:R;A27:R;A30:S;A32:R;A39:S,CHEMBL3989916,2
CHEMBL3989916::en3_A7:R;A8:S;A10:S;A12:S;A13:R;A17:R;A21:R;A25:S;A27:S;A30:S;A32:R;A39:S,CHEMBL3989916,3
CHEMBL3989916::en4_A7:S;A8:R;A10:S;A12:S;A13:S;A17:S;A21:S;A25:R;A27:S;A30:S;A32:S;A39:R,CHEMBL3989916,4
CHEMBL3989918::en0_A12:R;A16:S;A19:R;A24:S;A26:S;A28:S;A29:S;A31:S,CHEMBL3989918,0
CHEMBL3989918::en1_A12:S;A16:S;A19:R;A24:S;A26:S;A28:S;A29:S;A31:S,CHEMBL3989918,1
CHEMBL3989918::en2_A12:R;A16:R;A19:R;A24:S;A26:S;A28:S;A29:S;A31:S,CHEMBL3989918,2
CHEMBL3989918::en3_A12:S;A16:R;A19:R;A24:S;A26:S;A28:S;A29:S;A31:S,CHEMBL3989918,3
CHEMBL3989918::en4_A12:R;A16:S;A19:S;A24:S;A26:S;A28:S;A29:S;A31:S,CHEMBL3989918,4
CHEMBL3989938::en0_A9:R;A16:R;A19:R,CHEMBL3989938,0
CHEMBL3989938::en1_A9:S;A16:R;A19:R,CHEMBL3989938,1
CHEMBL3989938::en2_A9:R;A16:S;A19:R,CHEMBL3989938,2
CHEMBL3989938::en3_A9:S;A16:S;A19:R,CHEMBL3989938,3
CHEMBL3989938::en4_A9:R;A16:R;A19:S,CHEMBL3989938,4
CHEMBL3989949::en0_A4:S,CHEMBL3989949,0
CHEMBL3989949::en1_A4:R,CHEMBL3989949,1
CHEMBL3989951::en0_A1:R;A3:R;A16:S;A19:S,CHEMBL3989951,0
CHEMBL3989951::en1_A1:S;A3:R;A16:S;A19:R,CHEMBL3989951,1
CHEMBL3989951::en2_A1:R;A3:S;A16:S;A19:S,CHEMBL3989951,2
CHEMBL3989951::en3_A1:S;A3:S;A16:S;A19:R,CHEMBL3989951,3
CHEMBL3989951::en4_A1:R;A3:R;A16:R;A19:R,CHEMBL3989951,4
CHEMBL3989954::en0_A4:R;A5:R;A8:R;A9:S;A13:S;A16:S;A21:S,CHEMBL3989954,0
CHEMBL3989954::en1_A4:S;A5:R;A8:R;A9:S;A13:S;A16:S;A21:S,CHEMBL3989954,1
CHEMBL3989954::en2_A4:R;A5:S;A8:R;A9:S;A13:S;A16:S;A21:S,CHEMBL3989954,2
CHEMBL3989954::en3_A4:S;A5:S;A8:R;A9:S;A13:S;A16:S;A21:S,CHEMBL3989954,3
CHEMBL3989954::en4_A4:R;A5:R;A8:S;A9:S;A13:S;A16:S;A21:S,CHEMBL3989954,4
CHEMBL3989958::en0_A12:R;A23:S,CHEMBL3989958,0
CHEMBL3989958::en1_A12:S;A23:S,CHEMBL3989958,1
CHEMBL3989958::en2_A12:R;A23:R,CHEMBL3989958,2
CHEMBL3989958::en3_A12:S;A23:R,CHEMBL3989958,3
CHEMBL3989959::en0_A7:S;A10:R,CHEMBL3989959,0
CHEMBL3989959::en1_A7:R;A10:R,CHEMBL3989959,1
CHEMBL3989959::en2_A7:S;A10:S,CHEMBL3989959,2
CHEMBL3989959::en3_A7:R;A10:S,CHEMBL3989959,3
CHEMBL3989965::en0_A42:S;A47:R;A69:R;A76:S,CHEMBL3989965,0
CHEMBL3989965::en1_A42:R;A47:R;A69:R;A76:S,CHEMBL3989965,1
CHEMBL3989965::en2_A42:S;A47:S;A69:R;A76:S,CHEMBL3989965,2
CHEMBL3989965::en3_A42:R;A47:S;A69:R;A76:S,CHEMBL3989965,3
CHEMBL3989965::en4_A42:S;A47:R;A69:S;A76:S,CHEMBL3989965,4
CHEMBL3989969::en0_A1:S,CHEMBL3989969,0
CHEMBL3989969::en1_A1:R,CHEMBL3989969,1
CHEMBL3989970::en0_A5:R;A28:S,CHEMBL3989970,0
CHEMBL3989970::en1_A5:S;A28:S,CHEMBL3989970,1
CHEMBL3989970::en2_A5:R;A28:R,CHEMBL3989970,2
CHEMBL3989970::en3_A5:S;A28:R,CHEMBL3989970,3
CHEMBL3990145::en0_A15:S;A19:R,CHEMBL3990145,0
CHEMBL3990145::en1_A15:R;A19:R,CHEMBL3990145,1
CHEMBL3990145::en2_A15:S;A19:S,CHEMBL3990145,2
CHEMBL3990145::en3_A15:R;A19:S,CHEMBL3990145,3
CHEMBL3990195::en0_A2:R;A6:R;A8:R;A10:S;A12:R;A15:S;A17:S;A20:R;A22:R;A24:S;A26:S;A29:R;A33:R;A35:R;A38:S;A40:R;A44:S;A46:R;A50:R;A54:R;A56:R;A58:S,CHEMBL3990195,0
CHEMBL3990195::en1_A2:R;A6:S;A8:R;A10:S;A12:R;A15:R;A17:R;A20:R;A22:R;A24:R;A26:S;A29:R;A33:S;A35:R;A38:S;A40:R;A44:S;A46:R;A50:S;A54:R;A56:S;A58:S,CHEMBL3990195,1
CHEMBL3990195::en2_A2:R;A6:R;A8:S;A10:S;A12:S;A15:S;A17:S;A20:R;A22:R;A24:R;A26:S;A29:R;A33:R;A35:R;A38:S;A40:S;A44:R;A46:R;A50:R;A54:S;A56:S;A58:S,CHEMBL3990195,2
CHEMBL3990237::en0_A8:S;A9:R;A11:R;A13:R;A15:R;A30:S;A31:R;A33:R;A35:R;A37:R,CHEMBL3990237,0
CHEMBL3990237::en1_A8:R;A9:R;A11:R;A13:R;A15:R;A30:S;A31:R;A33:R;A35:R;A37:R,CHEMBL3990237,1
CHEMBL3990237::en2_A8:S;A9:S;A11:R;A13:R;A15:R;A30:S;A31:R;A33:R;A35:R;A37:R,CHEMBL3990237,2
CHEMBL3990237::en3_A8:R;A9:S;A11:R;A13:R;A15:R;A30:S;A31:R;A33:R;A35:R;A37:R,CHEMBL3990237,3
CHEMBL3990237::en4_A8:S;A9:R;A11:S;A13:R;A15:R;A30:S;A31:R;A33:R;A35:R;A37:R,CHEMBL3990237,4
CHEMBL3990238::en0_A10:S;A11:S;A14:S;A15:S;A20:R;A23:S;A24:R,CHEMBL3990238,0
CHEMBL3990238::en1_A10:S;A11:S;A14:S;A15:S;A20:R;A23:S;A24:R,CHEMBL3990238,1
CHEMBL3990238::en2_A10:R;A11:S;A14:S;A15:S;A20:R;A23:S;A24:R,CHEMBL3990238,2
CHEMBL3990238::en3_A10:R;A11:S;A14:S;A15:S;A20:R;A23:S;A24:R,CHEMBL3990238,3
CHEMBL3990238::en4_A10:S;A11:R;A14:S;A15:S;A20:R;A23:S;A24:R,CHEMBL3990238,4
CHEMBL3990345::en0_A2:S;A16:S;A31:S;A32:R;A38:R;A43:S;A52:S;A53:S;A55:R;A57:R,CHEMBL3990345,0
CHEMBL3990345::en1_A2:R;A16:S;A31:R;A32:S;A38:S;A43:R;A52:R;A53:S;A55:R;A57:R,CHEMBL3990345,1
CHEMBL3990345::en2_A2:S;A16:S;A31:R;A32:R;A38:S;A43:R;A52:R;A53:R;A55:S;A57:R,CHEMBL3990345,2
CHEMBL3990345::en3_A2:S;A16:S;A31:R;A32:S;A38:R;A43:R;A52:R;A53:S;A55:S;A57:S,CHEMBL3990345,3
CHEMBL3990345::en4_A2:R;A16:R;A31:S;A32:S;A38:R;A43:R;A52:R;A53:S;A55:S;A57:S,CHEMBL3990345,4
CHEMBL3990346::en0_A6:S;A10:R;A18:R,CHEMBL3990346,0
CHEMBL3990346::en1_A6:R;A10:R;A18:R,CHEMBL3990346,1
CHEMBL3990346::en2_A6:S;A10:S;A18:R,CHEMBL3990346,2
CHEMBL3990346::en3_A6:R;A10:S;A18:R,CHEMBL3990346,3
CHEMBL3990346::en4_A6:S;A10:R;A18:S,CHEMBL3990346,4
CHEMBL3990514::en0_A13:S;A14:S,CHEMBL3990514,0
CHEMBL3990514::en1_A13:R;A14:S,CHEMBL3990514,1
CHEMBL3990514::en2_A13:S;A14:R,CHEMBL3990514,2
CHEMBL3990514::en3_A13:R;A14:R,CHEMBL3990514,3
CHEMBL3990566::en0_A28:R;A33:R,CHEMBL3990566,0
CHEMBL3990566::en1_A28:S;A33:R,CHEMBL3990566,1
CHEMBL3990566::en2_A28:R;A33:S,CHEMBL3990566,2
CHEMBL3990566::en3_A28:S;A33:S,CHEMBL3990566,3
CHEMBL3990566::en4_A28:R;A33:R,CHEMBL3990566,4
CHEMBL3990567::en0_A2:R;A3:S;A6:R;A7:R;A10:S;A11:S,CHEMBL3990567,0
CHEMBL3990567::en1_A2:S;A3:S;A6:R;A7:R;A10:S;A11:S,CHEMBL3990567,1
CHEMBL3990567::en2_A2:R;A3:R;A6:S;A7:R;A10:S;A11:S,CHEMBL3990567,2
CHEMBL3990612::en0_A2:S;A5:R;A19:R;A34:S;A35:R;A41:R;A49:R;A58:S;A59:R,CHEMBL3990612,0
CHEMBL3990612::en1_A2:R;A5:R;A19:R;A34:S;A35:R;A41:R;A49:R;A58:S;A59:R,CHEMBL3990612,1
CHEMBL3990612::en2_A2:S;A5:S;A19:R;A34:S;A35:R;A41:R;A49:R;A58:S;A59:R,CHEMBL3990612,2
CHEMBL3990612::en3_A2:R;A5:S;A19:R;A34:S;A35:R;A41:R;A49:R;A58:S;A59:R,CHEMBL3990612,3
CHEMBL3990612::en4_A2:S;A5:R;A19:R;A34:S;A35:R;A41:R;A49:R;A58:S;A59:R,CHEMBL3990612,4
CHEMBL3990947::en0_A5:S;A8:S;A12:R;A13:S;A15:R;A18:R;A20:R;A22:S;A24:S,CHEMBL3990947,0
CHEMBL3990947::en1_A5:R;A8:S;A12:R;A13:S;A15:R;A18:R;A20:R;A22:S;A24:S,CHEMBL3990947,1
CHEMBL3990947::en2_A5:S;A8:R;A12:R;A13:S;A15:R;A18:R;A20:R;A22:S;A24:S,CHEMBL3990947,2
CHEMBL3990947::en3_A5:R;A8:R;A12:R;A13:S;A15:R;A18:R;A20:R;A22:S;A24:S,CHEMBL3990947,3
CHEMBL3990947::en4_A5:S;A8:S;A12:S;A13:S;A15:R;A18:R;A20:R;A22:S;A24:S,CHEMBL3990947,4
CHEMBL3991065::en0_A1:R;A2:S;A13:S;A24:R,CHEMBL3991065,0
CHEMBL3991065::en1_A1:S;A2:S;A13:S;A24:R,CHEMBL3991065,1
CHEMBL3991065::en2_A1:R;A2:R;A13:S;A24:R,CHEMBL3991065,2
CHEMBL3991065::en3_A1:S;A2:R;A13:S;A24:R,CHEMBL3991065,3
CHEMBL3991065::en4_A1:R;A2:S;A13:R;A24:R,CHEMBL3991065,4
CHEMBL3991122::en0_A2:S;A7:R;A9:R;A10:R,CHEMBL3991122,0
CHEMBL3991122::en1_A2:R;A7:R;A9:R;A10:R,CHEMBL3991122,1
CHEMBL3991122::en2_A2:S;A7:S;A9:R;A10:R,CHEMBL3991122,2
CHEMBL3991199::en0_A1:S;A5:S;A12:S;A14:S,CHEMBL3991199,0
CHEMBL3991199::en1_A1:R;A5:S;A12:S;A14:S,CHEMBL3991199,1
CHEMBL3991199::en2_A1:S;A5:R;A12:S;A14:S,CHEMBL3991199,2
CHEMBL3991199::en3_A1:R;A5:R;A12:S;A14:S,CHEMBL3991199,3
CHEMBL3991199::en4_A1:S;A5:S;A12:R;A14:S,CHEMBL3991199,4
CHEMBL399121::en0_A6:S,CHEMBL399121,0
CHEMBL399121::en1_A6:R,CHEMBL399121,1
CHEMBL3991344::en0_A10:S;A15:S,CHEMBL3991344,0
CHEMBL3991344::en1_A10:R;A15:S,CHEMBL3991344,1
CHEMBL3991344::en2_A10:R;A15:R,CHEMBL3991344,2
CHEMBL3991393::en0_A2:S;A5:S;A9:R;A11:R;A25:S,CHEMBL3991393,0
CHEMBL3991393::en1_A2:R;A5:R;A9:R;A11:R;A25:S,CHEMBL3991393,1
CHEMBL3991393::en2_A2:R;A5:S;A9:S;A11:R;A25:S,CHEMBL3991393,2
CHEMBL3991393::en3_A2:S;A5:R;A9:S;A11:R;A25:S,CHEMBL3991393,3
CHEMBL3991393::en4_A2:S;A5:S;A9:R;A11:S;A25:S,CHEMBL3991393,4
CHEMBL3991433::en0_A2:R;A4:S;A18:R;A34:S;A35:R;A41:R;A46:R;A55:S;A56:R,CHEMBL3991433,0
CHEMBL3991433::en1_A2:S;A4:S;A18:R;A34:S;A35:R;A41:R;A46:R;A55:S;A56:R,CHEMBL3991433,1
CHEMBL3991433::en2_A2:R;A4:R;A18:R;A34:S;A35:R;A41:R;A46:R;A55:S;A56:R,CHEMBL3991433,2
CHEMBL3991433::en3_A2:S;A4:R;A18:R;A34:S;A35:R;A41:R;A46:R;A55:S;A56:R,CHEMBL3991433,3
CHEMBL3991433::en4_A2:R;A4:S;A18:R;A34:S;A35:R;A41:R;A46:R;A55:S;A56:R,CHEMBL3991433,4
CHEMBL39933::en0_A9:S;A20:S,CHEMBL39933,0
CHEMBL39933::en1_A9:R;A20:S,CHEMBL39933,1
CHEMBL39933::en2_A9:S;A20:R,CHEMBL39933,2
CHEMBL39933::en3_A9:R;A20:R,CHEMBL39933,3
CHEMBL399910::en0_A3:R,CHEMBL399910,0
CHEMBL399910::en1_A3:S,CHEMBL399910,1
CHEMBL402001::en0_A6:S;A8:S;A10:R;A12:R;A14:S,CHEMBL402001,0
CHEMBL402001::en1_A6:R;A8:S;A10:R;A12:R;A14:S,CHEMBL402001,1
CHEMBL402001::en2_A6:S;A8:R;A10:R;A12:R;A14:S,CHEMBL402001,2
CHEMBL402001::en3_A6:R;A8:R;A10:R;A12:R;A14:S,CHEMBL402001,3
CHEMBL402001::en4_A6:S;A8:S;A10:S;A12:R;A14:S,CHEMBL402001,4
CHEMBL402061::en0_A8:R;A16:R;A19:S;A27:S,CHEMBL402061,0
CHEMBL402061::en1_A8:S;A16:R;A19:S;A27:S,CHEMBL402061,1
CHEMBL402061::en2_A8:R;A16:S;A19:S;A27:S,CHEMBL402061,2
CHEMBL402061::en3_A8:S;A16:S;A19:S;A27:S,CHEMBL402061,3
CHEMBL402061::en4_A8:R;A16:R;A19:R;A27:S,CHEMBL402061,4
CHEMBL402978::en0_A5:S,CHEMBL402978,0
CHEMBL402978::en1_A5:R,CHEMBL402978,1
CHEMBL403::en0_A3:S;A11:S,CHEMBL403,0
CHEMBL403::en1_A3:R;A11:S,CHEMBL403,1
CHEMBL403::en2_A3:S;A11:R,CHEMBL403,2
CHEMBL403::en3_A3:R;A11:R,CHEMBL403,3
CHEMBL403578::en0_A24:S;A26:R,CHEMBL403578,0
CHEMBL403578::en1_A24:R;A26:R,CHEMBL403578,1
CHEMBL403578::en2_A24:S;A26:S,CHEMBL403578,2
CHEMBL403578::en3_A24:R;A26:S,CHEMBL403578,3
CHEMBL404::en0_A1:S;A8:S;A16:S,CHEMBL404,0
CHEMBL404::en1_A1:R;A8:S;A16:S,CHEMBL404,1
CHEMBL404::en2_A1:S;A8:R;A16:S,CHEMBL404,2
CHEMBL404::en3_A1:R;A8:R;A16:S,CHEMBL404,3
CHEMBL404::en4_A1:S;A8:S;A16:R,CHEMBL404,4
CHEMBL4060569::en0_A3:R,CHEMBL4060569,0
CHEMBL4060569::en1_A3:S,CHEMBL4060569,1
CHEMBL406393::en0_A1:R;A7:S;A10:R;A11:R;A14:R;A16:R;A20:S;A22:R;A24:S;A26:R,CHEMBL406393,0
CHEMBL406393::en1_A1:S;A7:S;A10:R;A11:R;A14:R;A16:R;A20:S;A22:R;A24:S;A26:R,CHEMBL406393,1
CHEMBL406393::en2_A1:R;A7:R;A10:R;A11:R;A14:R;A16:R;A20:S;A22:R;A24:S;A26:R,CHEMBL406393,2
CHEMBL406393::en3_A1:S;A7:R;A10:R;A11:R;A14:R;A16:R;A20:S;A22:R;A24:S;A26:R,CHEMBL406393,3
CHEMBL406393::en4_A1:R;A7:S;A10:S;A11:R;A14:R;A16:R;A20:S;A22:R;A24:S;A26:R,CHEMBL406393,4
CHEMBL4065122::en0_A1:R,CHEMBL4065122,0
CHEMBL4065122::en1_A1:S,CHEMBL4065122,1
CHEMBL4065616::en0_A9:S;A12:S;A16:S;A18:S;A31:R;A33:S,CHEMBL4065616,0
CHEMBL4065616::en1_A9:R;A12:S;A16:S;A18:S;A31:R;A33:S,CHEMBL4065616,1
CHEMBL4065616::en2_A9:S;A12:R;A16:S;A18:S;A31:R;A33:S,CHEMBL4065616,2
CHEMBL4065616::en3_A9:R;A12:R;A16:S;A18:S;A31:R;A33:S,CHEMBL4065616,3
CHEMBL4065616::en4_A9:S;A12:S;A16:R;A18:S;A31:R;A33:S,CHEMBL4065616,4
CHEMBL4066193::en0_A9:S;A14:S,CHEMBL4066193,0
CHEMBL4066193::en1_A9:R;A14:S,CHEMBL4066193,1
CHEMBL4066193::en2_A9:S;A14:R,CHEMBL4066193,2
CHEMBL4066193::en3_A9:R;A14:R,CHEMBL4066193,3
CHEMBL4067160::en0_A1:S;A3:R;A5:S;A8:S;A12:R;A21:S,CHEMBL4067160,0
CHEMBL4067160::en1_A1:R;A3:R;A5:S;A8:S;A12:R;A21:S,CHEMBL4067160,1
CHEMBL4067160::en2_A1:S;A3:S;A5:S;A8:S;A12:R;A21:S,CHEMBL4067160,2
CHEMBL4067160::en3_A1:R;A3:S;A5:S;A8:S;A12:R;A21:S,CHEMBL4067160,3
CHEMBL4067160::en4_A1:S;A3:R;A5:R;A8:S;A12:R;A21:S,CHEMBL4067160,4
CHEMBL4068611::en0_A25:R,CHEMBL4068611,0
CHEMBL4068611::en1_A25:S,CHEMBL4068611,1
CHEMBL4068844::en0_A26:R,CHEMBL4068844,0
CHEMBL4068844::en1_A26:S,CHEMBL4068844,1
CHEMBL4069220::en0_A9:S,CHEMBL4069220,0
CHEMBL4069220::en1_A9:R,CHEMBL4069220,1
CHEMBL4069349::en0_A1:S;A3:R;A5:S;A8:S;A12:R;A21:S,CHEMBL4069349,0
CHEMBL4069349::en1_A1:R;A3:R;A5:S;A8:S;A12:R;A21:S,CHEMBL4069349,1
CHEMBL4069349::en2_A1:S;A3:S;A5:S;A8:S;A12:R;A21:S,CHEMBL4069349,2
CHEMBL4069349::en3_A1:R;A3:S;A5:S;A8:S;A12:R;A21:S,CHEMBL4069349,3
CHEMBL4069349::en4_A1:S;A3:R;A5:R;A8:S;A12:R;A21:S,CHEMBL4069349,4
CHEMBL4071161::en0_A8:S,CHEMBL4071161,0
CHEMBL4071161::en1_A8:R,CHEMBL4071161,1
CHEMBL4071864::en0_A4:R,CHEMBL4071864,0
CHEMBL4071864::en1_A4:S,CHEMBL4071864,1
CHEMBL4078100::en0_A27:S,CHEMBL4078100,0
CHEMBL4078100::en1_A27:R,CHEMBL4078100,1
CHEMBL4079239::en0_A1:R,CHEMBL4079239,0
CHEMBL4079239::en1_A1:S,CHEMBL4079239,1
CHEMBL4080228::en0_A19:R,CHEMBL4080228,0
CHEMBL4080228::en1_A19:S,CHEMBL4080228,1
CHEMBL4081588::en0_A18:S,CHEMBL4081588,0
CHEMBL4081588::en1_A18:R,CHEMBL4081588,1
CHEMBL4081588::en2_A18:S,CHEMBL4081588,2
CHEMBL4081588::en3_A18:R,CHEMBL4081588,3
CHEMBL4081711::en0_A2:S;A3:S;A8:S,CHEMBL4081711,0
CHEMBL4081711::en1_A2:R;A3:S;A8:S,CHEMBL4081711,1
CHEMBL4081711::en2_A2:S;A3:R;A8:S,CHEMBL4081711,2
CHEMBL4081711::en3_A2:R;A3:R;A8:S,CHEMBL4081711,3
CHEMBL4081711::en4_A2:S;A3:S;A8:R,CHEMBL4081711,4
CHEMBL4085457::en0_A6:R;A19:S,CHEMBL4085457,0
CHEMBL4085457::en1_A6:S;A19:S,CHEMBL4085457,1
CHEMBL4085457::en2_A6:R;A19:R,CHEMBL4085457,2
CHEMBL4085457::en3_A6:S;A19:R,CHEMBL4085457,3
CHEMBL408701::en0_A1:R;A13:S;A16:R;A17:R;A20:R;A22:R;A26:S;A28:R;A31:R,CHEMBL408701,0
CHEMBL408701::en1_A1:S;A13:S;A16:R;A17:R;A20:R;A22:R;A26:S;A28:R;A31:R,CHEMBL408701,1
CHEMBL408701::en2_A1:R;A13:R;A16:R;A17:R;A20:R;A22:R;A26:S;A28:R;A31:R,CHEMBL408701,2
CHEMBL408701::en3_A1:S;A13:R;A16:R;A17:R;A20:R;A22:R;A26:S;A28:R;A31:R,CHEMBL408701,3
CHEMBL408701::en4_A1:R;A13:S;A16:S;A17:R;A20:R;A22:R;A26:S;A28:R;A31:R,CHEMBL408701,4
CHEMBL4088896::en0_A1:R,CHEMBL4088896,0
CHEMBL4088896::en1_A1:S,CHEMBL4088896,1
CHEMBL4088896::en2_A1:R,CHEMBL4088896,2
CHEMBL4088896::en3_A1:S,CHEMBL4088896,3
CHEMBL4088896::en4_A1:R,CHEMBL4088896,4
CHEMBL4089731::en0_A11:R;A26:R,CHEMBL4089731,0
CHEMBL4089731::en1_A11:S;A26:R,CHEMBL4089731,1
CHEMBL4089731::en2_A11:R;A26:S,CHEMBL4089731,2
CHEMBL4089731::en3_A11:S;A26:S,CHEMBL4089731,3
CHEMBL409153::en0_A1:S;A15:R,CHEMBL409153,0
CHEMBL409153::en1_A1:R;A15:R,CHEMBL409153,1
CHEMBL409153::en2_A1:S;A15:S,CHEMBL409153,2
CHEMBL409153::en3_A1:R;A15:S,CHEMBL409153,3
CHEMBL4091801::en0_A3:S;A18:S;A27:R,CHEMBL4091801,0
CHEMBL4091801::en1_A3:R;A18:S;A27:R,CHEMBL4091801,1
CHEMBL4091801::en2_A3:S;A18:R;A27:R,CHEMBL4091801,2
CHEMBL4094894::en0_A8:R,CHEMBL4094894,0
CHEMBL4094894::en1_A8:S,CHEMBL4094894,1
CHEMBL4101487::en0_A7:S;A9:S,CHEMBL4101487,0
CHEMBL4101487::en1_A7:R;A9:S,CHEMBL4101487,1
CHEMBL4101487::en2_A7:S;A9:R,CHEMBL4101487,2
CHEMBL4101487::en3_A7:R;A9:R,CHEMBL4101487,3
CHEMBL410414::en0_A11:R,CHEMBL410414,0
CHEMBL410414::en1_A11:S,CHEMBL410414,1
CHEMBL4105630::en0_A1:S;A5:R;A6:R;A9:R;A10:R;A13:S;A15:R;A28:S,CHEMBL4105630,0
CHEMBL4105630::en1_A1:R;A5:R;A6:R;A9:R;A10:R;A13:S;A15:R;A28:S,CHEMBL4105630,1
CHEMBL4105630::en2_A1:S;A5:S;A6:R;A9:R;A10:R;A13:S;A15:R;A28:S,CHEMBL4105630,2
CHEMBL4105630::en3_A1:R;A5:S;A6:R;A9:R;A10:R;A13:S;A15:R;A28:S,CHEMBL4105630,3
CHEMBL4105630::en4_A1:S;A5:R;A6:S;A9:R;A10:R;A13:S;A15:R;A28:S,CHEMBL4105630,4
CHEMBL4110551::en0_A11:S;A16:S,CHEMBL4110551,0
CHEMBL4110551::en1_A11:R;A16:S,CHEMBL4110551,1
CHEMBL4110551::en2_A11:S;A16:R,CHEMBL4110551,2
CHEMBL4110551::en3_A11:R;A16:R,CHEMBL4110551,3
CHEMBL411070::en0_A1:S;A11:S;A14:S;A15:R;A16:R;A19:S;A21:R;A25:S;A27:R;A29:S;A31:R,CHEMBL411070,0
CHEMBL411070::en1_A1:R;A11:R;A14:S;A15:R;A16:R;A19:S;A21:R;A25:S;A27:S;A29:S;A31:S,CHEMBL411070,1
CHEMBL411070::en2_A1:R;A11:R;A14:R;A15:S;A16:S;A19:S;A21:S;A25:S;A27:S;A29:S;A31:R,CHEMBL411070,2
CHEMBL411070::en3_A1:R;A11:S;A14:S;A15:S;A16:S;A19:R;A21:R;A25:S;A27:R;A29:S;A31:S,CHEMBL411070,3
CHEMBL411070::en4_A1:S;A11:R;A14:S;A15:R;A16:R;A19:S;A21:S;A25:S;A27:S;A29:R;A31:R,CHEMBL411070,4
CHEMBL4112929::en0_A1:R;A5:S,CHEMBL4112929,0
CHEMBL4112929::en1_A1:S;A5:S,CHEMBL4112929,1
CHEMBL4112929::en2_A1:R;A5:R,CHEMBL4112929,2
CHEMBL4112929::en3_A1:S;A5:R,CHEMBL4112929,3
CHEMBL4112930::en0_A1:R,CHEMBL4112930,0
CHEMBL4112930::en1_A1:S,CHEMBL4112930,1
CHEMBL4113131::en0_A1:R;A17:R;A35:S,CHEMBL4113131,0
CHEMBL4113131::en1_A1:S;A17:R;A35:S,CHEMBL4113131,1
CHEMBL4113131::en2_A1:R;A17:S;A35:S,CHEMBL4113131,2
CHEMBL4113131::en3_A1:S;A17:S;A35:S,CHEMBL4113131,3
CHEMBL4113131::en4_A1:R;A17:R;A35:R,CHEMBL4113131,4
CHEMBL4114766::en0_A14:S,CHEMBL4114766,0
CHEMBL4114766::en1_A14:R,CHEMBL4114766,1
CHEMBL4114766::en2_A14:S,CHEMBL4114766,2
CHEMBL4114766::en3_A14:R,CHEMBL4114766,3
CHEMBL4116649::en0_A15:S;A17:R,CHEMBL4116649,0
CHEMBL4116649::en1_A15:R;A17:R,CHEMBL4116649,1
CHEMBL4116649::en2_A15:S;A17:S,CHEMBL4116649,2
CHEMBL4116649::en3_A15:R;A17:S,CHEMBL4116649,3
CHEMBL411907::en0_A9:S;A13:S;A22:R;A28:S;A34:S,CHEMBL411907,0
CHEMBL411907::en1_A9:R;A13:S;A22:R;A28:S;A34:S,CHEMBL411907,1
CHEMBL411907::en2_A9:S;A13:R;A22:R;A28:S;A34:S,CHEMBL411907,2
CHEMBL411907::en3_A9:R;A13:R;A22:R;A28:S;A34:S,CHEMBL411907,3
CHEMBL411907::en4_A9:S;A13:S;A22:S;A28:S;A34:S,CHEMBL411907,4
CHEMBL412262::en0_A16:S,CHEMBL412262,0
CHEMBL412262::en1_A16:R,CHEMBL412262,1
CHEMBL412262::en2_A16:S,CHEMBL412262,2
CHEMBL412262::en3_A16:R,CHEMBL412262,3
CHEMBL412272::en0_A1:R;A13:S;A16:R;A17:R;A20:R;A22:R;A26:S;A28:R;A30:S;A32:R,CHEMBL412272,0
CHEMBL412272::en1_A1:S;A13:S;A16:R;A17:R;A20:R;A22:R;A26:S;A28:R;A30:S;A32:R,CHEMBL412272,1
CHEMBL412272::en2_A1:R;A13:R;A16:R;A17:R;A20:R;A22:R;A26:S;A28:R;A30:S;A32:R,CHEMBL412272,2
CHEMBL412272::en3_A1:S;A13:R;A16:R;A17:R;A20:R;A22:R;A26:S;A28:R;A30:S;A32:R,CHEMBL412272,3
CHEMBL412272::en4_A1:R;A13:S;A16:S;A17:R;A20:R;A22:R;A26:S;A28:R;A30:S;A32:R,CHEMBL412272,4
CHEMBL4127030::en0_A1:R;A3:R;A13:S;A17:S;A21:R;A29:R,CHEMBL4127030,0
CHEMBL4127030::en1_A1:S;A3:R;A13:S;A17:S;A21:R;A29:R,CHEMBL4127030,1
CHEMBL4127030::en2_A1:R;A3:S;A13:S;A17:S;A21:R;A29:R,CHEMBL4127030,2
CHEMBL4127030::en3_A1:S;A3:S;A13:S;A17:S;A21:R;A29:R,CHEMBL4127030,3
CHEMBL4127030::en4_A1:R;A3:R;A13:R;A17:S;A21:R;A29:R,CHEMBL4127030,4
CHEMBL4129286::en0_A6:S;A9:S;A13:R;A16:S;A25:R;A28:S,CHEMBL4129286,0
CHEMBL4129286::en1_A6:R;A9:S;A13:R;A16:S;A25:R;A28:S,CHEMBL4129286,1
CHEMBL4129286::en2_A6:S;A9:R;A13:R;A16:S;A25:R;A28:S,CHEMBL4129286,2
CHEMBL4129286::en3_A6:R;A9:R;A13:R;A16:S;A25:R;A28:S,CHEMBL4129286,3
CHEMBL4129286::en4_A6:S;A9:S;A13:S;A16:S;A25:R;A28:S,CHEMBL4129286,4
CHEMBL413::en0_A2:R;A4:S;A7:S;A9:R;A21:R;A25:R;A26:S;A29:R;A32:S;A34:S;A41:S;A46:S;A48:R;A53:S;A56:R,CHEMBL413,0
CHEMBL413::en1_A2:S;A4:S;A7:S;A9:R;A21:S;A25:S;A26:R;A29:S;A32:R;A34:R;A41:R;A46:S;A48:S;A53:S;A56:R,CHEMBL413,1
CHEMBL413::en2_A2:R;A4:S;A7:S;A9:S;A21:R;A25:S;A26:S;A29:S;A32:S;A34:R;A41:S;A46:R;A48:R;A53:R;A56:S,CHEMBL413,2
CHEMBL413::en3_A2:R;A4:S;A7:S;A9:R;A21:R;A25:R;A26:S;A29:S;A32:R;A34:R;A41:S;A46:R;A48:R;A53:S;A56:R,CHEMBL413,3
CHEMBL413::en4_A2:R;A4:R;A7:R;A9:R;A21:S;A25:S;A26:R;A29:S;A32:S;A34:S;A41:R;A46:S;A48:R;A53:R;A56:S,CHEMBL413,4
CHEMBL415284::en0_A6:R;A15:S;A16:R;A20:S;A21:S,CHEMBL415284,0
CHEMBL415284::en1_A6:R;A15:R;A16:R;A20:S;A21:S,CHEMBL415284,1
CHEMBL415768::en0_A4:S;A5:R;A9:R;A13:R;A15:R,CHEMBL415768,0
CHEMBL415768::en1_A4:R;A5:R;A9:R;A13:R;A15:R,CHEMBL415768,1
CHEMBL415768::en2_A4:S;A5:S;A9:R;A13:R;A15:R,CHEMBL415768,2
CHEMBL415768::en3_A4:R;A5:S;A9:R;A13:R;A15:R,CHEMBL415768,3
CHEMBL415768::en4_A4:S;A5:R;A9:S;A13:R;A15:R,CHEMBL415768,4
CHEMBL416578::en0_A3:S;A13:S,CHEMBL416578,0
CHEMBL416578::en1_A3:R;A13:S,CHEMBL416578,1
CHEMBL416578::en2_A3:S;A13:R,CHEMBL416578,2
CHEMBL416578::en3_A3:R;A13:R,CHEMBL416578,3
CHEMBL4167360::en0_A4:S;A17:R;A18:S,CHEMBL4167360,0
CHEMBL4167360::en1_A4:R;A17:R;A18:S,CHEMBL4167360,1
CHEMBL4167360::en2_A4:S;A17:S;A18:S,CHEMBL4167360,2
CHEMBL4167360::en3_A4:R;A17:S;A18:S,CHEMBL4167360,3
CHEMBL4167360::en4_A4:S;A17:R;A18:R,CHEMBL4167360,4
CHEMBL417::en0_A21:R;A28:S;A30:S;A32:S;A34:S;A36:S,CHEMBL417,0
CHEMBL417::en1_A21:S;A28:S;A30:S;A32:S;A34:S;A36:S,CHEMBL417,1
CHEMBL417::en2_A21:R;A28:R;A30:S;A32:S;A34:S;A36:S,CHEMBL417,2
CHEMBL417::en3_A21:S;A28:R;A30:S;A32:S;A34:S;A36:S,CHEMBL417,3
CHEMBL417::en4_A21:R;A28:S;A30:R;A32:S;A34:S;A36:S,CHEMBL417,4
CHEMBL417007::en0_A1:R;A3:R,CHEMBL417007,0
CHEMBL417007::en1_A1:S;A3:R,CHEMBL417007,1
CHEMBL417007::en2_A1:R;A3:S,CHEMBL417007,2
CHEMBL417007::en3_A1:S;A3:S,CHEMBL417007,3
CHEMBL4175981::en0_A4:R;A23:R;A25:R,CHEMBL4175981,0
CHEMBL4175981::en1_A4:S;A23:R;A25:R,CHEMBL4175981,1
CHEMBL4175981::en2_A4:R;A23:S;A25:S,CHEMBL4175981,2
CHEMBL417975::en0_A5:R,CHEMBL417975,0
CHEMBL417975::en1_A5:S,CHEMBL417975,1
CHEMBL419667::en0_A17:S;A26:R;A33:R,CHEMBL419667,0
CHEMBL419667::en1_A17:R;A26:R;A33:R,CHEMBL419667,1
CHEMBL419667::en2_A17:S;A26:S;A33:R,CHEMBL419667,2
CHEMBL419667::en3_A17:R;A26:S;A33:R,CHEMBL419667,3
CHEMBL419667::en4_A17:S;A26:R;A33:S,CHEMBL419667,4
CHEMBL419792::en0_A2:R,CHEMBL419792,0
CHEMBL419792::en1_A2:S,CHEMBL419792,1
CHEMBL4204794::en0_A16:R,CHEMBL4204794,0
CHEMBL4204794::en1_A16:S,CHEMBL4204794,1
CHEMBL4204869::en0_A1:S;A4:S;A29:S,CHEMBL4204869,0
CHEMBL4204869::en1_A1:R;A4:S;A29:S,CHEMBL4204869,1
CHEMBL4204869::en2_A1:S;A4:R;A29:S,CHEMBL4204869,2
CHEMBL4204869::en3_A1:R;A4:R;A29:S,CHEMBL4204869,3
CHEMBL4204869::en4_A1:S;A4:S;A29:R,CHEMBL4204869,4
CHEMBL4205422::en0_A5:S;A8:R,CHEMBL4205422,0
CHEMBL4205422::en1_A5:R;A8:S,CHEMBL4205422,1
CHEMBL4206129::en0_A16:S;A24:R,CHEMBL4206129,0
CHEMBL4206129::en1_A16:R;A24:R,CHEMBL4206129,1
CHEMBL4206129::en2_A16:S;A24:S,CHEMBL4206129,2
CHEMBL4206129::en3_A16:R;A24:S,CHEMBL4206129,3
CHEMBL4206129::en4_A16:S;A24:R,CHEMBL4206129,4
CHEMBL4207489::en0_A8:R;A23:S,CHEMBL4207489,0
CHEMBL4207489::en1_A8:S;A23:S,CHEMBL4207489,1
CHEMBL4207489::en2_A8:R;A23:R,CHEMBL4207489,2
CHEMBL4207489::en3_A8:S;A23:R,CHEMBL4207489,3
CHEMBL4207852::en0_A3:S;A11:R,CHEMBL4207852,0
CHEMBL4207852::en1_A3:R;A11:R,CHEMBL4207852,1
CHEMBL4207852::en2_A3:S;A11:S,CHEMBL4207852,2
CHEMBL4207852::en3_A3:R;A11:S,CHEMBL4207852,3
CHEMBL4209157::en0_A13:R;A14:S;A16:S,CHEMBL4209157,0
CHEMBL4209157::en1_A13:S;A14:R;A16:S,CHEMBL4209157,1
CHEMBL4209157::en2_A13:R;A14:S;A16:R,CHEMBL4209157,2
CHEMBL4213970::en0_A2:R,CHEMBL4213970,0
CHEMBL4213970::en1_A2:S,CHEMBL4213970,1
CHEMBL4218271::en0_A1:S;A7:S;A14:R,CHEMBL4218271,0
CHEMBL4218271::en1_A1:R;A7:S;A14:R,CHEMBL4218271,1
CHEMBL4218271::en2_A1:S;A7:R;A14:R,CHEMBL4218271,2
CHEMBL4218271::en3_A1:R;A7:R;A14:R,CHEMBL4218271,3
CHEMBL4218271::en4_A1:S;A7:S;A14:S,CHEMBL4218271,4
CHEMBL4227505::en0_A15:R;A20:S,CHEMBL4227505,0
CHEMBL4227505::en1_A15:S;A20:S,CHEMBL4227505,1
CHEMBL4227505::en2_A15:R;A20:R,CHEMBL4227505,2
CHEMBL4227505::en3_A15:S;A20:R,CHEMBL4227505,3
CHEMBL4227721::en0_A6:R;A29:R,CHEMBL4227721,0
CHEMBL4227721::en1_A6:S;A29:R,CHEMBL4227721,1
CHEMBL4227721::en2_A6:R;A29:S,CHEMBL4227721,2
CHEMBL4227721::en3_A6:S;A29:S,CHEMBL4227721,3
CHEMBL4228124::en0_A10:S;A18:R,CHEMBL4228124,0
CHEMBL4228124::en1_A10:R;A18:R,CHEMBL4228124,1
CHEMBL4228124::en2_A10:S;A18:S,CHEMBL4228124,2
CHEMBL4228124::en3_A10:R;A18:S,CHEMBL4228124,3
CHEMBL423875::en0_A11:S;A16:S,CHEMBL423875,0
CHEMBL423875::en1_A11:R;A16:S,CHEMBL423875,1
CHEMBL423875::en2_A11:S;A16:R,CHEMBL423875,2
CHEMBL423875::en3_A11:R;A16:R,CHEMBL423875,3
CHEMBL424278::en0_A2:S;A3:R;A14:R;A17:R;A18:S;A21:R,CHEMBL424278,0
CHEMBL424278::en1_A2:R;A3:R;A14:R;A17:R;A18:S;A21:R,CHEMBL424278,1
CHEMBL424278::en2_A2:S;A3:S;A14:R;A17:R;A18:S;A21:R,CHEMBL424278,2
CHEMBL424278::en3_A2:R;A3:S;A14:R;A17:R;A18:S;A21:R,CHEMBL424278,3
CHEMBL424278::en4_A2:S;A3:R;A14:S;A17:R;A18:S;A21:R,CHEMBL424278,4
CHEMBL4249337::en0_A8:R;A10:S;A21:S;A23:R,CHEMBL4249337,0
CHEMBL4249337::en1_A8:S;A10:S;A21:S;A23:R,CHEMBL4249337,1
CHEMBL4249337::en2_A8:R;A10:R;A21:S;A23:R,CHEMBL4249337,2
CHEMBL4249337::en3_A8:S;A10:R;A21:S;A23:R,CHEMBL4249337,3
CHEMBL4249337::en4_A8:R;A10:S;A21:R;A23:R,CHEMBL4249337,4
CHEMBL42583::en0_A5:R;A15:S;A21:R,CHEMBL42583,0
CHEMBL42583::en1_A5:S;A15:S;A21:R,CHEMBL42583,1
CHEMBL42583::en2_A5:R;A15:R;A21:R,CHEMBL42583,2
CHEMBL42583::en3_A5:S;A15:R;A21:R,CHEMBL42583,3
CHEMBL42583::en4_A5:R;A15:S;A21:S,CHEMBL42583,4
CHEMBL425863::en0_A1:R;A9:R;A10:R;A13:R;A15:R;A18:S;A21:R,CHEMBL425863,0
CHEMBL425863::en1_A1:S;A9:R;A10:R;A13:R;A15:R;A18:S;A21:R,CHEMBL425863,1
CHEMBL425863::en2_A1:R;A9:S;A10:R;A13:R;A15:R;A18:S;A21:R,CHEMBL425863,2
CHEMBL425863::en3_A1:S;A9:S;A10:R;A13:R;A15:R;A18:S;A21:R,CHEMBL425863,3
CHEMBL425863::en4_A1:R;A9:R;A10:S;A13:R;A15:R;A18:S;A21:R,CHEMBL425863,4
CHEMBL426559::en0_A22:S,CHEMBL426559,0
CHEMBL426559::en1_A22:R,CHEMBL426559,1
CHEMBL426926::en0_A3:R;A8:S;A10:R;A12:S;A14:R;A16:S;A21:R;A23:S;A25:R;A27:R;A29:R;A32:S;A34:R;A36:S,CHEMBL426926,0
CHEMBL426926::en1_A3:R;A8:R;A10:R;A12:R;A14:R;A16:R;A21:S;A23:R;A25:R;A27:S;A29:R;A32:S;A34:R;A36:R,CHEMBL426926,1
CHEMBL426926::en2_A3:S;A8:R;A10:S;A12:R;A14:S;A16:S;A21:R;A23:S;A25:S;A27:R;A29:R;A32:S;A34:S;A36:S,CHEMBL426926,2
CHEMBL426926::en3_A3:R;A8:S;A10:S;A12:R;A14:S;A16:R;A21:S;A23:R;A25:R;A27:S;A29:S;A32:S;A34:S;A36:R,CHEMBL426926,3
CHEMBL426926::en4_A3:S;A8:S;A10:S;A12:R;A14:R;A16:R;A21:S;A23:R;A25:R;A27:R;A29:R;A32:S;A34:R;A36:S,CHEMBL426926,4
CHEMBL42743::en0_A2:S;A7:S;A9:S;A11:R;A13:R;A15:S;A17:R;A19:S;A21:R;A24:S;A26:S;A29:R;A33:R;A35:R;A40:R;A49:S;A52:S;A54:S;A56:S;A58:S;A61:S,CHEMBL42743,0
CHEMBL42743::en1_A2:R;A7:R;A9:S;A11:R;A13:S;A15:R;A17:R;A19:S;A21:S;A24:R;A26:R;A29:R;A33:S;A35:R;A40:R;A49:R;A52:R;A54:R;A56:R;A58:S;A61:R,CHEMBL42743,1
CHEMBL42743::en2_A2:R;A7:R;A9:R;A11:S;A13:S;A15:S;A17:R;A19:S;A21:S;A24:R;A26:S;A29:R;A33:R;A35:S;A40:R;A49:S;A52:R;A54:R;A56:S;A58:S;A61:S,CHEMBL42743,2
CHEMBL42743::en3_A2:R;A7:S;A9:R;A11:S;A13:R;A15:R;A17:S;A19:R;A21:R;A24:S;A26:R;A29:R;A33:R;A35:S;A40:R;A49:S;A52:R;A54:S;A56:S;A58:R;A61:S,CHEMBL42743,3
CHEMBL42743::en4_A2:R;A7:S;A9:S;A11:S;A13:R;A15:R;A17:R;A19:S;A21:S;A24:S;A26:S;A29:R;A33:S;A35:R;A40:S;A49:R;A52:R;A54:R;A56:R;A58:S;A61:R,CHEMBL42743,4
CHEMBL427526::en0_A8:S,CHEMBL427526,0
CHEMBL427526::en1_A8:R,CHEMBL427526,1
CHEMBL4279455::en0_A4:S;A7:S;A9:S;A11:R;A14:S;A19:S;A20:S;A30:S;A33:R;A37:R;A39:S,CHEMBL4279455,0
CHEMBL4279455::en1_A4:S;A7:R;A9:R;A11:R;A14:R;A19:S;A20:S;A30:R;A33:R;A37:R;A39:R,CHEMBL4279455,1
CHEMBL4279455::en2_A4:S;A7:S;A9:R;A11:S;A14:R;A19:R;A20:R;A30:S;A33:S;A37:R;A39:R,CHEMBL4279455,2
CHEMBL4279455::en3_A4:S;A7:S;A9:R;A11:R;A14:S;A19:S;A20:S;A30:R;A33:S;A37:R;A39:S,CHEMBL4279455,3
CHEMBL4279455::en4_A4:R;A7:R;A9:S;A11:R;A14:R;A19:S;A20:R;A30:S;A33:S;A37:S;A39:R,CHEMBL4279455,4
CHEMBL428::en0_A1:R;A2:S;A29:R,CHEMBL428,0
CHEMBL428::en1_A1:S;A2:S;A29:R,CHEMBL428,1
CHEMBL4284604::en0_A19:S;A22:R,CHEMBL4284604,0
CHEMBL4284604::en1_A19:R;A22:R,CHEMBL4284604,1
CHEMBL4284604::en2_A19:S;A22:S,CHEMBL4284604,2
CHEMBL4284604::en3_A19:R;A22:S,CHEMBL4284604,3
CHEMBL4285417::en0_A1:R;A11:R,CHEMBL4285417,0
CHEMBL4285417::en1_A1:S;A11:R,CHEMBL4285417,1
CHEMBL4285417::en2_A1:R;A11:S,CHEMBL4285417,2
CHEMBL4285417::en3_A1:S;A11:S,CHEMBL4285417,3
CHEMBL4285883::en0_A2:R;A4:R;A6:R;A9:S;A11:S;A14:R;A15:R;A18:S;A20:R;A27:S;A33:R;A37:R;A39:R,CHEMBL4285883,0
CHEMBL4285883::en1_A2:S;A4:R;A6:S;A9:R;A11:R;A14:R;A15:R;A18:R;A20:S;A27:S;A33:S;A37:R;A39:S,CHEMBL4285883,1
CHEMBL4285883::en2_A2:S;A4:S;A6:R;A9:R;A11:S;A14:R;A15:S;A18:S;A20:S;A27:S;A33:R;A37:R;A39:S,CHEMBL4285883,2
CHEMBL4285883::en3_A2:S;A4:R;A6:S;A9:R;A11:S;A14:R;A15:R;A18:R;A20:R;A27:R;A33:R;A37:S;A39:S,CHEMBL4285883,3
CHEMBL4285883::en4_A2:R;A4:S;A6:S;A9:R;A11:S;A14:R;A15:S;A18:S;A20:S;A27:R;A33:S;A37:R;A39:R,CHEMBL4285883,4
CHEMBL428647::en0_A4:S;A7:S;A9:S;A10:S;A20:R;A23:S;A27:R;A29:S;A51:R;A58:R;A60:S,CHEMBL428647,0
CHEMBL428647::en1_A4:R;A7:R;A9:R;A10:S;A20:S;A23:S;A27:R;A29:R;A51:R;A58:R;A60:R,CHEMBL428647,1
CHEMBL428647::en2_A4:R;A7:S;A9:R;A10:S;A20:R;A23:R;A27:S;A29:S;A51:S;A58:S;A60:S,CHEMBL428647,2
CHEMBL428647::en3_A4:R;A7:S;A9:R;A10:S;A20:S;A23:S;A27:S;A29:R;A51:S;A58:R;A60:S,CHEMBL428647,3
CHEMBL428647::en4_A4:R;A7:R;A9:R;A10:S;A20:S;A23:R;A27:R;A29:S;A51:S;A58:S;A60:S,CHEMBL428647,4
CHEMBL4288984::en0_A7:S;A8:R;A11:S;A14:S;A15:R;A17:S;A19:S;A20:S;A26:S;A28:R;A31:S,CHEMBL4288984,0
CHEMBL4288984::en1_A7:R;A8:R;A11:S;A14:R;A15:R;A17:S;A19:S;A20:R;A26:R;A28:S;A31:R,CHEMBL4288984,1
CHEMBL4288984::en2_A7:S;A8:S;A11:S;A14:R;A15:R;A17:R;A19:S;A20:R;A26:S;A28:R;A31:R,CHEMBL4288984,2
CHEMBL4288984::en3_A7:S;A8:R;A11:R;A14:R;A15:R;A17:R;A19:R;A20:R;A26:R;A28:S;A31:R,CHEMBL4288984,3
CHEMBL4289017::en0_A8:S;A11:R,CHEMBL4289017,0
CHEMBL4289017::en1_A8:R;A11:S,CHEMBL4289017,1
CHEMBL4292264::en0_A9:S;A13:R;A16:R;A22:S;A31:S,CHEMBL4292264,0
CHEMBL4292264::en1_A9:R;A13:R;A16:R;A22:S;A31:S,CHEMBL4292264,1
CHEMBL4292264::en2_A9:S;A13:S;A16:R;A22:S;A31:S,CHEMBL4292264,2
CHEMBL4292264::en3_A9:R;A13:S;A16:R;A22:S;A31:S,CHEMBL4292264,3
CHEMBL4292264::en4_A9:S;A13:R;A16:S;A22:S;A31:S,CHEMBL4292264,4
CHEMBL4296719::en0_A4:R;A13:S,CHEMBL4296719,0
CHEMBL4296719::en1_A4:S;A13:S,CHEMBL4296719,1
CHEMBL4296719::en2_A4:R;A13:R,CHEMBL4296719,2
CHEMBL4296719::en3_A4:S;A13:R,CHEMBL4296719,3
CHEMBL4297062::en0_A5:R;A6:R;A9:S;A10:S;A11:S;A12:S;A18:R;A19:S,CHEMBL4297062,0
CHEMBL4297062::en1_A5:S;A6:R;A9:S;A10:S;A11:S;A12:S;A18:R;A19:S,CHEMBL4297062,1
CHEMBL4297065::en0_A2:R;A5:R;A6:R;A11:S;A15:R;A18:S;A20:R;A22:S;A23:S;A24:S;A30:R;A31:S;A33:R;A35:S;A40:S;A43:R;A47:R;A48:R;A55:R;A59:S;A64:S;A68:R;A71:R;A73:R;A75:S;A76:R;A77:S;A78:S;A80:R;A82:R;A86:R;A92:R;A96:R;A97:R;A98:S;A99:R;A100:S,CHEMBL4297065,0
CHEMBL4297065::en1_A2:R;A6:R;A8:S;A11:R;A15:R;A18:R;A19:S;A22:S;A23:R;A24:S;A25:S;A29:R;A31:S;A33:R;A35:R;A43:S;A47:S;A48:R;A50:R;A55:S;A59:S;A61:S;A64:R;A68:S;A69:R;A73:R;A75:R;A76:S;A77:S;A78:S;A80:S;A86:S;A89:R;A92:S;A95:S;A96:R;A98:R;A99:R;A100:R,CHEMBL4297065,1
CHEMBL4297065::en2_A8:R;A15:S;A16:R;A18:S;A22:S;A26:S;A27:S;A29:S;A30:S;A37:R;A40:R;A47:S;A48:R;A55:R;A59:S;A64:S;A68:R;A71:S;A75:R;A76:R;A77:S;A78:R;A80:R;A82:R;A92:S;A95:R;A96:R;A99:R;A100:R,CHEMBL4297065,2
CHEMBL4297065::en3_A8:S;A10:R;A11:R;A25:R;A26:S;A27:R;A29:R;A31:R;A33:R;A35:S;A37:R;A40:R;A43:R;A46:S;A48:R;A50:R;A55:S;A61:R;A64:R;A68:R;A71:R;A73:S;A75:S;A77:S;A78:S;A86:R;A92:R;A95:R;A96:S;A97:R;A98:S;A100:R,CHEMBL4297065,3
CHEMBL4297065::en4_A2:S;A8:R;A11:R;A15:S;A18:R;A23:S;A24:R;A29:R;A31:S;A33:S;A35:S;A37:R;A40:R;A42:S;A47:S;A49:R;A55:R;A59:S;A68:S;A69:R;A71:R;A77:S;A80:R;A82:R;A86:R;A89:R;A96:S;A98:R;A99:R;A100:R,CHEMBL4297065,4
CHEMBL4297077::en0_A3:S;A10:S;A25:R;A39:R;A42:R;A44:R,CHEMBL4297077,0
CHEMBL4297077::en1_A3:R;A10:S;A25:R;A39:R;A42:R;A44:R,CHEMBL4297077,1
CHEMBL4297077::en2_A3:S;A10:R;A25:R;A39:R;A42:R;A44:R,CHEMBL4297077,2
CHEMBL4297077::en3_A3:R;A10:R;A25:R;A39:R;A42:R;A44:R,CHEMBL4297077,3
CHEMBL4297077::en4_A3:S;A10:S;A25:S;A39:R;A42:R;A44:R,CHEMBL4297077,4
CHEMBL4297080::en0_A3:S;A12:R;A13:S;A15:S;A17:S;A21:S;A25:R;A39:R;A42:R;A44:R,CHEMBL4297080,0
CHEMBL4297080::en1_A3:R;A12:R;A13:S;A15:S;A17:S;A21:S;A25:R;A39:R;A42:R;A44:R,CHEMBL4297080,1
CHEMBL4297080::en2_A3:S;A12:S;A13:S;A15:S;A17:S;A21:S;A25:R;A39:R;A42:R;A44:R,CHEMBL4297080,2
CHEMBL4297080::en3_A3:R;A12:S;A13:S;A15:S;A17:S;A21:S;A25:R;A39:R;A42:R;A44:R,CHEMBL4297080,3
CHEMBL4297080::en4_A3:S;A12:R;A13:R;A15:S;A17:S;A21:S;A25:R;A39:R;A42:R;A44:R,CHEMBL4297080,4
CHEMBL4297082::en0_A16:R;A19:S;A20:S;A36:R;A41:S,CHEMBL4297082,0
CHEMBL4297082::en1_A16:S;A19:S;A20:S;A36:R;A41:S,CHEMBL4297082,1
CHEMBL4297082::en2_A16:R;A19:R;A20:S;A36:R;A41:S,CHEMBL4297082,2
CHEMBL4297082::en3_A16:S;A19:R;A20:S;A36:R;A41:S,CHEMBL4297082,3
CHEMBL4297086::en0_A6:R;A13:S,CHEMBL4297086,0
CHEMBL4297090::en0_A2:S;A4:R;A10:R;A11:S;A14:R;A18:R;A20:R;A31:S,CHEMBL4297090,0
CHEMBL4297090::en1_A2:R;A4:R;A10:R;A11:S;A14:R;A18:R;A20:R;A31:S,CHEMBL4297090,1
CHEMBL4297090::en2_A2:S;A4:S;A10:R;A11:S;A14:R;A18:R;A20:R;A31:S,CHEMBL4297090,2
CHEMBL4297090::en3_A2:R;A4:S;A10:R;A11:S;A14:R;A18:R;A20:R;A31:S,CHEMBL4297090,3
CHEMBL4297090::en4_A2:S;A4:R;A10:S;A11:S;A14:R;A18:R;A20:R;A31:S,CHEMBL4297090,4
CHEMBL4297143::en0_A1:R;A4:R;A8:S;A10:R;A11:S;A14:S;A16:R;A18:S;A20:S;A23:S;A25:R;A27:R;A30:S;A32:R;A34:R;A36:R;A38:R;A42:R;A44:R;A47:S;A49:R;A50:S,CHEMBL4297143,0
CHEMBL4297143::en1_A1:R;A4:S;A8:S;A10:S;A11:S;A14:S;A16:S;A18:R;A20:R;A23:S;A25:R;A27:S;A30:S;A32:R;A34:R;A36:S;A38:R;A42:R;A44:S;A47:R;A49:S;A50:R,CHEMBL4297143,1
CHEMBL4297143::en2_A1:S;A4:S;A8:R;A10:S;A11:S;A14:S;A16:S;A18:R;A20:S;A23:R;A25:R;A27:S;A30:S;A32:S;A34:S;A36:S;A38:S;A42:S;A44:R;A47:R;A49:S;A50:S,CHEMBL4297143,2
CHEMBL4297143::en3_A1:R;A4:S;A8:S;A10:R;A11:S;A14:S;A16:S;A18:S;A20:R;A23:R;A25:R;A27:R;A30:S;A32:S;A34:S;A36:S;A38:S;A42:S;A44:S;A47:S;A49:R;A50:S,CHEMBL4297143,3
CHEMBL4297143::en4_A1:R;A4:R;A8:S;A10:R;A11:S;A14:S;A16:S;A18:S;A20:R;A23:S;A25:R;A27:S;A30:S;A32:R;A34:R;A36:S;A38:R;A42:R;A44:R;A47:R;A49:S;A50:S,CHEMBL4297143,4
CHEMBL4297144::en0_A4:S;A9:R;A11:R,CHEMBL4297144,0
CHEMBL4297144::en1_A4:R;A9:S;A11:S,CHEMBL4297144,1
CHEMBL4297181::en0_A2:R,CHEMBL4297181,0
CHEMBL4297181::en1_A2:S,CHEMBL4297181,1
CHEMBL4297182::en0_A8:S;A10:R;A12:S,CHEMBL4297182,0
CHEMBL4297182::en1_A8:R;A10:R;A12:S,CHEMBL4297182,1
CHEMBL4297182::en2_A8:S;A10:S;A12:R,CHEMBL4297182,2
CHEMBL4297183::en0_A15:S;A18:S,CHEMBL4297183,0
CHEMBL4297183::en1_A15:R;A18:R,CHEMBL4297183,1
CHEMBL4297187::en0_A25:R,CHEMBL4297187,0
CHEMBL4297187::en1_A25:S,CHEMBL4297187,1
CHEMBL4297209::en0_achiral,CHEMBL4297209,0
CHEMBL4297209::en1_A18:S,CHEMBL4297209,1
CHEMBL4297215::en0_A11:S;A28:R,CHEMBL4297215,0
CHEMBL4297215::en1_A11:R;A28:R,CHEMBL4297215,1
CHEMBL4297215::en2_A11:S;A28:S,CHEMBL4297215,2
CHEMBL4297215::en3_A11:R;A28:S,CHEMBL4297215,3
CHEMBL4297255::en0_A13:R,CHEMBL4297255,0
CHEMBL4297255::en1_A13:S,CHEMBL4297255,1
CHEMBL4297262::en0_A22:S;A25:S;A27:R;A30:R;A32:R;A33:S;A35:R;A37:S;A39:S;A40:R;A49:S,CHEMBL4297262,0
CHEMBL4297262::en1_A22:R;A25:S;A27:S;A30:R;A32:S;A33:R;A35:S;A37:S;A39:S;A40:R;A49:S,CHEMBL4297262,1
CHEMBL4297262::en2_A22:R;A25:R;A27:R;A30:S;A32:R;A33:R;A35:R;A37:R;A39:S;A40:S;A49:R,CHEMBL4297262,2
CHEMBL4297262::en3_A22:R;A25:S;A27:R;A30:R;A32:S;A33:S;A35:R;A37:R;A39:S;A40:R;A49:R,CHEMBL4297262,3
CHEMBL4297262::en4_A22:R;A25:R;A27:S;A30:R;A32:S;A33:S;A35:R;A37:R;A39:R;A40:S;A49:S,CHEMBL4297262,4
CHEMBL4297266::en0_A5:S;A17:S;A19:R,CHEMBL4297266,0
CHEMBL4297266::en1_A5:R;A17:S;A19:R,CHEMBL4297266,1
CHEMBL4297266::en2_A5:S;A17:R;A19:R,CHEMBL4297266,2
CHEMBL4297266::en3_A5:R;A17:R;A19:R,CHEMBL4297266,3
CHEMBL4297266::en4_A5:S;A17:S;A19:S,CHEMBL4297266,4
CHEMBL4297267::en0_A4:S;A6:R;A9:R;A14:R;A15:S;A25:S;A28:R;A32:S;A34:R;A53:S;A60:R,CHEMBL4297267,0
CHEMBL4297267::en1_A4:S;A6:S;A9:S;A14:R;A15:S;A25:R;A28:R;A32:S;A34:R;A53:R;A60:S,CHEMBL4297267,1
CHEMBL4297267::en2_A4:R;A6:S;A9:R;A14:S;A15:S;A25:R;A28:S;A32:R;A34:S;A53:S;A60:R,CHEMBL4297267,2
CHEMBL4297267::en3_A4:S;A6:R;A9:S;A14:S;A15:S;A25:R;A28:R;A32:R;A34:R;A53:S;A60:R,CHEMBL4297267,3
CHEMBL4297267::en4_A4:R;A6:R;A9:R;A14:R;A15:S;A25:S;A28:S;A32:S;A34:R;A53:S;A60:S,CHEMBL4297267,4
CHEMBL4297269::en0_A4:R;A8:R;A15:S,CHEMBL4297269,0
CHEMBL4297269::en1_A4:S;A8:R;A15:S,CHEMBL4297269,1
CHEMBL4297269::en2_A4:R;A8:S;A15:S,CHEMBL4297269,2
CHEMBL4297269::en3_A4:S;A8:S;A15:S,CHEMBL4297269,3
CHEMBL4297269::en4_A4:R;A8:R;A15:R,CHEMBL4297269,4
CHEMBL4297270::en0_A28:R,CHEMBL4297270,0
CHEMBL4297270::en1_A28:S,CHEMBL4297270,1
CHEMBL4297275::en0_A6:S;A8:S;A10:S,CHEMBL4297275,0
CHEMBL4297275::en1_A6:R;A8:S;A10:S,CHEMBL4297275,1
CHEMBL4297275::en2_A6:S;A8:R;A10:S,CHEMBL4297275,2
CHEMBL4297275::en3_A6:R;A8:R;A10:S,CHEMBL4297275,3
CHEMBL4297275::en4_A6:S;A8:S;A10:R,CHEMBL4297275,4
CHEMBL4297280::en0_A1:R;A8:S;A37:R;A45:S,CHEMBL4297280,0
CHEMBL4297280::en1_A1:S;A8:S;A37:R;A45:S,CHEMBL4297280,1
CHEMBL4297280::en2_A1:R;A8:R;A37:R;A45:S,CHEMBL4297280,2
CHEMBL4297280::en3_A1:S;A8:R;A37:R;A45:S,CHEMBL4297280,3
CHEMBL4297280::en4_A1:R;A8:S;A37:S;A45:S,CHEMBL4297280,4
CHEMBL4297282::en0_A2:R;A7:S;A14:R,CHEMBL4297282,0
CHEMBL4297282::en1_A2:S;A7:S;A14:R,CHEMBL4297282,1
CHEMBL4297282::en2_A2:R;A7:R;A14:R,CHEMBL4297282,2
CHEMBL4297282::en3_A2:S;A7:R;A14:R,CHEMBL4297282,3
CHEMBL4297282::en4_A2:R;A7:S;A14:S,CHEMBL4297282,4
CHEMBL4297283::en0_A6:S;A13:S;A20:R;A27:S,CHEMBL4297283,0
CHEMBL4297283::en1_A6:R;A13:S;A20:R;A27:S,CHEMBL4297283,1
CHEMBL4297283::en2_A6:S;A13:R;A20:R;A27:S,CHEMBL4297283,2
CHEMBL4297283::en3_A6:R;A13:R;A20:R;A27:S,CHEMBL4297283,3
CHEMBL4297283::en4_A6:S;A13:S;A20:S;A27:S,CHEMBL4297283,4
CHEMBL4297286::en0_A1:R;A26:S,CHEMBL4297286,0
CHEMBL4297286::en1_A1:S;A26:S,CHEMBL4297286,1
CHEMBL4297286::en2_A1:R;A26:R,CHEMBL4297286,2
CHEMBL4297286::en3_A1:S;A26:R,CHEMBL4297286,3
CHEMBL4297287::en0_A6:R;A11:S,CHEMBL4297287,0
CHEMBL4297287::en1_A6:S;A11:S,CHEMBL4297287,1
CHEMBL4297287::en2_A6:R;A11:R,CHEMBL4297287,2
CHEMBL4297287::en3_A6:S;A11:R,CHEMBL4297287,3
CHEMBL4297289::en0_A7:S;A12:R;A14:R,CHEMBL4297289,0
CHEMBL4297289::en1_A7:R;A12:R;A14:R,CHEMBL4297289,1
CHEMBL4297289::en2_A7:S;A12:S;A14:R,CHEMBL4297289,2
CHEMBL4297289::en3_A7:R;A12:S;A14:R,CHEMBL4297289,3
CHEMBL4297289::en4_A7:S;A12:R;A14:S,CHEMBL4297289,4
CHEMBL4297290::en0_A1:S;A12:R,CHEMBL4297290,0
CHEMBL4297290::en1_A1:R;A12:R,CHEMBL4297290,1
CHEMBL4297290::en2_A1:S;A12:S,CHEMBL4297290,2
CHEMBL4297290::en3_A1:R;A12:S,CHEMBL4297290,3
CHEMBL4297295::en0_A16:S,CHEMBL4297295,0
CHEMBL4297295::en1_A16:R,CHEMBL4297295,1
CHEMBL4297296::en0_A4:R;A18:S;A25:R;A27:R;A29:R,CHEMBL4297296,0
CHEMBL4297296::en1_A4:S;A18:S;A25:R;A27:R;A29:R,CHEMBL4297296,1
CHEMBL4297296::en2_A4:R;A18:R;A25:R;A27:R;A29:R,CHEMBL4297296,2
CHEMBL4297296::en3_A4:S;A18:R;A25:R;A27:R;A29:R,CHEMBL4297296,3
CHEMBL4297296::en4_A4:R;A18:S;A25:S;A27:R;A29:R,CHEMBL4297296,4
CHEMBL4297297::en0_A16:S;A18:S;A20:S,CHEMBL4297297,0
CHEMBL4297297::en1_A16:R;A18:S;A20:S,CHEMBL4297297,1
CHEMBL4297297::en2_A16:S;A18:R;A20:S,CHEMBL4297297,2
CHEMBL4297297::en3_A16:R;A18:R;A20:S,CHEMBL4297297,3
CHEMBL4297297::en4_A16:S;A18:S;A20:R,CHEMBL4297297,4
CHEMBL4297300::en0_A7:R;A8:S;A12:R;A15:S,CHEMBL4297300,0
CHEMBL4297303::en0_A2:S;A4:R;A8:S;A10:R;A15:S;A25:R;A29:S,CHEMBL4297303,0
CHEMBL4297303::en1_A2:R;A4:R;A8:S;A10:R;A15:S;A25:R;A29:S,CHEMBL4297303,1
CHEMBL4297303::en2_A2:S;A4:S;A8:S;A10:R;A15:S;A25:R;A29:S,CHEMBL4297303,2
CHEMBL4297303::en3_A2:R;A4:S;A8:S;A10:R;A15:S;A25:R;A29:S,CHEMBL4297303,3
CHEMBL4297303::en4_A2:S;A4:R;A8:R;A10:R;A15:S;A25:R;A29:S,CHEMBL4297303,4
CHEMBL4297304::en0_A13:R;A15:R;A19:R;A31:R;A39:S;A44:R;A48:S,CHEMBL4297304,0
CHEMBL4297304::en1_A13:S;A15:R;A19:R;A31:R;A39:S;A44:R;A48:S,CHEMBL4297304,1
CHEMBL4297304::en2_A13:R;A15:S;A19:R;A31:R;A39:S;A44:R;A48:S,CHEMBL4297304,2
CHEMBL4297304::en3_A13:S;A15:S;A19:R;A31:R;A39:S;A44:R;A48:S,CHEMBL4297304,3
CHEMBL4297304::en4_A13:R;A15:R;A19:S;A31:R;A39:S;A44:R;A48:S,CHEMBL4297304,4
CHEMBL4297311::en0_A9:R,CHEMBL4297311,0
CHEMBL4297311::en1_A9:S,CHEMBL4297311,1
CHEMBL4297312::en0_A3:R;A20:S,CHEMBL4297312,0
CHEMBL4297312::en1_A3:S;A20:S,CHEMBL4297312,1
CHEMBL4297312::en2_A3:R;A20:R,CHEMBL4297312,2
CHEMBL4297312::en3_A3:S;A20:R,CHEMBL4297312,3
CHEMBL4297315::en0_A16:R,CHEMBL4297315,0
CHEMBL4297315::en1_A16:S,CHEMBL4297315,1
CHEMBL4297329::en0_A1:S;A4:S,CHEMBL4297329,0
CHEMBL4297329::en1_A1:R;A4:R,CHEMBL4297329,1
CHEMBL4297349::en0_A1:S;A5:S,CHEMBL4297349,0
CHEMBL4297349::en1_A1:R;A5:S,CHEMBL4297349,1
CHEMBL4297349::en2_A1:S;A5:R,CHEMBL4297349,2
CHEMBL4297349::en3_A1:R;A5:R,CHEMBL4297349,3
CHEMBL4297350::en0_A1:S,CHEMBL4297350,0
CHEMBL4297350::en1_A1:R,CHEMBL4297350,1
CHEMBL4297352::en0_A1:S,CHEMBL4297352,0
CHEMBL4297352::en1_A1:R,CHEMBL4297352,1
CHEMBL4297355::en0_A1:R,CHEMBL4297355,0
CHEMBL4297355::en1_A1:S,CHEMBL4297355,1
CHEMBL429736::en0_A2:S;A4:R;A8:R;A21:S,CHEMBL429736,0
CHEMBL429736::en1_A2:R;A4:R;A8:R;A21:S,CHEMBL429736,1
CHEMBL429736::en2_A2:S;A4:S;A8:R;A21:S,CHEMBL429736,2
CHEMBL429736::en3_A2:R;A4:S;A8:R;A21:S,CHEMBL429736,3
CHEMBL429736::en4_A2:S;A4:R;A8:S;A21:S,CHEMBL429736,4
CHEMBL4297360::en0_A5:S;A10:S;A12:S;A23:S;A25:R,CHEMBL4297360,0
CHEMBL4297360::en1_A5:R;A10:S;A12:S;A23:S;A25:R,CHEMBL4297360,1
CHEMBL4297360::en2_A5:S;A10:R;A12:S;A23:S;A25:R,CHEMBL4297360,2
CHEMBL4297360::en3_A5:R;A10:R;A12:S;A23:S;A25:R,CHEMBL4297360,3
CHEMBL4297360::en4_A5:S;A10:S;A12:R;A23:S;A25:R,CHEMBL4297360,4
CHEMBL4297363::en0_A5:S,CHEMBL4297363,0
CHEMBL4297363::en1_A5:R,CHEMBL4297363,1
CHEMBL4297367::en0_A17:R,CHEMBL4297367,0
CHEMBL4297367::en1_A17:S,CHEMBL4297367,1
CHEMBL4297382::en0_A13:R,CHEMBL4297382,0
CHEMBL4297382::en1_A13:S,CHEMBL4297382,1
CHEMBL4297385::en0_A3:R;A4:R;A14:R;A17:S,CHEMBL4297385,0
CHEMBL4297388::en0_A1:R;A3:R;A4:S;A6:S;A14:S;A16:S;A18:R;A21:S;A23:S,CHEMBL4297388,0
CHEMBL4297388::en1_A1:S;A3:R;A4:S;A6:S;A14:S;A16:S;A18:R;A21:S;A23:S,CHEMBL4297388,1
CHEMBL4297388::en2_A1:R;A3:S;A4:S;A6:S;A14:S;A16:S;A18:R;A21:S;A23:S,CHEMBL4297388,2
CHEMBL4297388::en3_A1:S;A3:S;A4:S;A6:S;A14:S;A16:S;A18:R;A21:S;A23:S,CHEMBL4297388,3
CHEMBL4297388::en4_A1:R;A3:R;A4:R;A6:S;A14:S;A16:S;A18:R;A21:S;A23:S,CHEMBL4297388,4
CHEMBL4297389::en0_A2:R;A15:R,CHEMBL4297389,0
CHEMBL4297389::en1_A2:S;A15:R,CHEMBL4297389,1
CHEMBL4297389::en2_A2:R;A15:S,CHEMBL4297389,2
CHEMBL4297389::en3_A2:S;A15:S,CHEMBL4297389,3
CHEMBL4297389::en4_A2:R;A15:R,CHEMBL4297389,4
CHEMBL4297393::en0_A4:R;A18:S;A25:R;A27:R;A29:R,CHEMBL4297393,0
CHEMBL4297393::en1_A4:S;A18:S;A25:R;A27:R;A29:R,CHEMBL4297393,1
CHEMBL4297393::en2_A4:R;A18:R;A25:R;A27:R;A29:R,CHEMBL4297393,2
CHEMBL4297393::en3_A4:S;A18:R;A25:R;A27:R;A29:R,CHEMBL4297393,3
CHEMBL4297393::en4_A4:R;A18:S;A25:S;A27:R;A29:R,CHEMBL4297393,4
CHEMBL4297398::en0_A11:S,CHEMBL4297398,0
CHEMBL4297398::en1_A11:R,CHEMBL4297398,1
CHEMBL4297399::en0_A16:R;A30:R,CHEMBL4297399,0
CHEMBL4297399::en1_A16:S;A30:R,CHEMBL4297399,1
CHEMBL4297399::en2_A16:R;A30:S,CHEMBL4297399,2
CHEMBL4297399::en3_A16:S;A30:S,CHEMBL4297399,3
CHEMBL4297405::en0_A6:S;A8:S;A30:S;A32:R,CHEMBL4297405,0
CHEMBL4297405::en1_A6:R;A8:S;A30:S;A32:R,CHEMBL4297405,1
CHEMBL4297405::en2_A6:S;A8:R;A30:S;A32:R,CHEMBL4297405,2
CHEMBL4297405::en3_A6:R;A8:R;A30:S;A32:R,CHEMBL4297405,3
CHEMBL4297405::en4_A6:S;A8:S;A30:R;A32:R,CHEMBL4297405,4
CHEMBL4297408::en0_A2:S,CHEMBL4297408,0
CHEMBL4297408::en1_A2:R,CHEMBL4297408,1
CHEMBL4297414::en0_A5:S;A9:S;A12:R,CHEMBL4297414,0
CHEMBL4297414::en1_A5:R;A9:S;A12:R,CHEMBL4297414,1
CHEMBL4297414::en2_A9:R;A12:R,CHEMBL4297414,2
CHEMBL4297414::en3_A9:S;A12:S,CHEMBL4297414,3
CHEMBL4297417::en0_A4:R;A24:S,CHEMBL4297417,0
CHEMBL4297417::en1_A4:S;A24:S,CHEMBL4297417,1
CHEMBL4297417::en2_A4:R;A24:R,CHEMBL4297417,2
CHEMBL4297417::en3_A4:S;A24:R,CHEMBL4297417,3
CHEMBL4297418::en0_A12:S;A15:R,CHEMBL4297418,0
CHEMBL4297418::en1_A12:R;A15:R,CHEMBL4297418,1
CHEMBL4297418::en2_A12:S;A15:S,CHEMBL4297418,2
CHEMBL4297418::en3_A12:R;A15:S,CHEMBL4297418,3
CHEMBL4297422::en0_A17:S,CHEMBL4297422,0
CHEMBL4297422::en1_A17:R,CHEMBL4297422,1
CHEMBL4297423::en0_A16:R,CHEMBL4297423,0
CHEMBL4297423::en1_A16:S,CHEMBL4297423,1
CHEMBL4297427::en0_A1:R;A9:S;A12:R,CHEMBL4297427,0
CHEMBL4297427::en1_A1:S;A9:S;A12:R,CHEMBL4297427,1
CHEMBL4297432::en0_A7:R;A13:S,CHEMBL4297432,0
CHEMBL4297432::en1_A7:S;A13:S,CHEMBL4297432,1
CHEMBL4297432::en2_A7:R;A13:R,CHEMBL4297432,2
CHEMBL4297432::en3_A7:S;A13:R,CHEMBL4297432,3
CHEMBL4297435::en0_A18:R,CHEMBL4297435,0
CHEMBL4297435::en1_A18:S,CHEMBL4297435,1
CHEMBL4297441::en0_A24:R;A28:S;A30:S;A32:R;A42:S;A43:R;A50:R;A52:R;A54:R;A58:R;A69:R,CHEMBL4297441,0
CHEMBL4297451::en0_A2:S;A11:R;A13:S;A16:R,CHEMBL4297451,0
CHEMBL4297451::en1_A2:R;A11:R;A13:S;A16:R,CHEMBL4297451,1
CHEMBL4297451::en2_A2:S;A11:S;A13:S;A16:R,CHEMBL4297451,2
CHEMBL4297451::en3_A2:R;A11:S;A13:S;A16:R,CHEMBL4297451,3
CHEMBL4297453::en0_A10:R;A11:S;A24:R;A42:R;A44:S,CHEMBL4297453,0
CHEMBL4297453::en1_A10:S;A11:S;A24:R;A42:R;A44:S,CHEMBL4297453,1
CHEMBL4297453::en2_A10:R;A11:R;A24:R;A42:R;A44:S,CHEMBL4297453,2
CHEMBL4297453::en3_A10:S;A11:R;A24:R;A42:R;A44:S,CHEMBL4297453,3
CHEMBL4297453::en4_A10:R;A11:S;A24:S;A42:R;A44:S,CHEMBL4297453,4
CHEMBL4297458::en0_A22:S,CHEMBL4297458,0
CHEMBL4297458::en1_A22:R,CHEMBL4297458,1
CHEMBL4297460::en0_A6:R,CHEMBL4297460,0
CHEMBL4297460::en1_A6:S,CHEMBL4297460,1
CHEMBL4297469::en0_A13:R,CHEMBL4297469,0
CHEMBL4297469::en1_A13:S,CHEMBL4297469,1
CHEMBL4297471::en0_A29:R;A30:S;A32:S,CHEMBL4297471,0
CHEMBL4297471::en1_A29:S;A30:R;A32:S,CHEMBL4297471,1
CHEMBL4297471::en2_A29:R;A30:S;A32:R,CHEMBL4297471,2
CHEMBL4297474::en0_A1:S,CHEMBL4297474,0
CHEMBL4297474::en1_A1:R,CHEMBL4297474,1
CHEMBL4297475::en0_A61:S,CHEMBL4297475,0
CHEMBL4297475::en1_A61:R,CHEMBL4297475,1
CHEMBL4297476::en0_A1:R,CHEMBL4297476,0
CHEMBL4297476::en1_A1:S,CHEMBL4297476,1
CHEMBL4297477::en0_A12:S;A15:R;A20:S,CHEMBL4297477,0
CHEMBL4297477::en1_A12:S;A15:R;A20:R,CHEMBL4297477,1
CHEMBL4297479::en0_A1:S;A7:S;A9:R,CHEMBL4297479,0
CHEMBL4297479::en1_A1:R;A7:S;A9:S,CHEMBL4297479,1
CHEMBL4297479::en2_A1:S;A7:R;A9:S,CHEMBL4297479,2
CHEMBL4297479::en3_A1:R;A7:R;A9:R,CHEMBL4297479,3
CHEMBL4297483::en0_A14:R;A31:S;A34:S,CHEMBL4297483,0
CHEMBL4297483::en1_A14:S;A31:S;A34:R,CHEMBL4297483,1
CHEMBL4297483::en2_A14:R;A31:R;A34:R,CHEMBL4297483,2
CHEMBL4297483::en3_A14:S;A31:R;A34:S,CHEMBL4297483,3
CHEMBL4297484::en0_A7:S;A10:S,CHEMBL4297484,0
CHEMBL4297484::en1_A7:R;A10:R,CHEMBL4297484,1
CHEMBL4297488::en0_A20:S;A25:R,CHEMBL4297488,0
CHEMBL4297488::en1_A20:R;A25:R,CHEMBL4297488,1
CHEMBL4297488::en2_A20:S;A25:S,CHEMBL4297488,2
CHEMBL4297488::en3_A20:R;A25:S,CHEMBL4297488,3
CHEMBL4297503::en0_A15:S;A32:R,CHEMBL4297503,0
CHEMBL4297503::en1_A15:R;A32:R,CHEMBL4297503,1
CHEMBL4297503::en2_A15:S;A32:S,CHEMBL4297503,2
CHEMBL4297503::en3_A15:R;A32:S,CHEMBL4297503,3
CHEMBL4297504::en0_A2:S;A3:R;A23:R;A26:R;A27:S;A30:R,CHEMBL4297504,0
CHEMBL4297504::en1_A2:R;A3:R;A23:R;A26:R;A27:S;A30:R,CHEMBL4297504,1
CHEMBL4297504::en2_A2:S;A3:S;A23:R;A26:R;A27:S;A30:R,CHEMBL4297504,2
CHEMBL4297504::en3_A2:R;A3:S;A23:R;A26:R;A27:S;A30:R,CHEMBL4297504,3
CHEMBL4297504::en4_A2:S;A3:R;A23:S;A26:R;A27:S;A30:R,CHEMBL4297504,4
CHEMBL4297505::en0_A29:R,CHEMBL4297505,0
CHEMBL4297505::en1_A29:S,CHEMBL4297505,1
CHEMBL4297507::en0_A1:R;A9:R,CHEMBL4297507,0
CHEMBL4297507::en1_A1:S;A9:R,CHEMBL4297507,1
CHEMBL4297507::en2_A1:R;A9:S,CHEMBL4297507,2
CHEMBL4297507::en3_A1:S;A9:S,CHEMBL4297507,3
CHEMBL4297508::en0_A4:R;A13:S,CHEMBL4297508,0
CHEMBL4297508::en1_A4:S;A13:S,CHEMBL4297508,1
CHEMBL4297508::en2_A4:R;A13:R,CHEMBL4297508,2
CHEMBL4297508::en3_A4:S;A13:R,CHEMBL4297508,3
CHEMBL4297509::en0_A21:R,CHEMBL4297509,0
CHEMBL4297509::en1_A21:S,CHEMBL4297509,1
CHEMBL4297512::en0_A2:R;A4:S;A6:S;A10:S;A12:R;A15:R;A17:S;A19:S,CHEMBL4297512,0
CHEMBL4297512::en1_A2:S;A4:S;A6:S;A10:S;A12:R;A15:R;A17:S;A19:S,CHEMBL4297512,1
CHEMBL4297512::en2_A2:R;A4:R;A6:S;A10:S;A12:R;A15:R;A17:S;A19:S,CHEMBL4297512,2
CHEMBL4297512::en3_A2:S;A4:R;A6:S;A10:S;A12:R;A15:R;A17:S;A19:S,CHEMBL4297512,3
CHEMBL4297512::en4_A2:R;A4:S;A6:R;A10:S;A12:R;A15:R;A17:S;A19:S,CHEMBL4297512,4
CHEMBL4297513::en0_A3:S;A5:S;A9:S;A11:R;A14:R;A15:S;A19:S;A21:R;A24:R;A31:R;A47:S;A49:S,CHEMBL4297513,0
CHEMBL4297513::en1_A3:R;A5:R;A9:S;A11:R;A14:R;A15:S;A19:R;A21:R;A24:R;A31:S;A47:S;A49:S,CHEMBL4297513,1
CHEMBL4297514::en0_A1:S,CHEMBL4297514,0
CHEMBL4297514::en1_A1:R,CHEMBL4297514,1
CHEMBL4297517::en0_A9:R,CHEMBL4297517,0
CHEMBL4297517::en1_A9:S,CHEMBL4297517,1
CHEMBL4297521::en0_A10:S,CHEMBL4297521,0
CHEMBL4297521::en1_A10:R,CHEMBL4297521,1
CHEMBL4297525::en0_A7:S;A18:S;A32:S,CHEMBL4297525,0
CHEMBL4297525::en1_A7:R;A18:S;A32:S,CHEMBL4297525,1
CHEMBL4297525::en2_A7:S;A18:R;A32:S,CHEMBL4297525,2
CHEMBL4297525::en3_A7:R;A18:R;A32:S,CHEMBL4297525,3
CHEMBL4297525::en4_A7:S;A18:S;A32:R,CHEMBL4297525,4
CHEMBL4297526::en0_A6:S,CHEMBL4297526,0
CHEMBL4297526::en1_A6:R,CHEMBL4297526,1
CHEMBL4297530::en0_A3:R,CHEMBL4297530,0
CHEMBL4297530::en1_A3:S,CHEMBL4297530,1
CHEMBL4297538::en0_A2:S;A7:S;A9:R;A12:R,CHEMBL4297538,0
CHEMBL4297538::en1_A2:R;A7:S;A9:R;A12:R,CHEMBL4297538,1
CHEMBL4297538::en2_A2:S;A7:R;A9:R;A12:R,CHEMBL4297538,2
CHEMBL4297538::en3_A2:R;A7:R;A9:R;A12:R,CHEMBL4297538,3
CHEMBL4297538::en4_A2:S;A7:S;A9:S;A12:R,CHEMBL4297538,4
CHEMBL4297584::en0_A2:S,CHEMBL4297584,0
CHEMBL4297584::en1_A2:R,CHEMBL4297584,1
CHEMBL4297588::en0_A28:S;A32:R,CHEMBL4297588,0
CHEMBL4297588::en1_A28:R;A32:R,CHEMBL4297588,1
CHEMBL4297588::en2_A28:S;A32:S,CHEMBL4297588,2
CHEMBL4297588::en3_A28:R;A32:S,CHEMBL4297588,3
CHEMBL4297589::en0_A13:R;A28:S,CHEMBL4297589,0
CHEMBL4297589::en1_A13:S;A28:S,CHEMBL4297589,1
CHEMBL4297589::en2_A13:R;A28:R,CHEMBL4297589,2
CHEMBL4297589::en3_A13:S;A28:R,CHEMBL4297589,3
CHEMBL4297590::en0_A18:R,CHEMBL4297590,0
CHEMBL4297590::en1_A18:S,CHEMBL4297590,1
CHEMBL4297593::en0_A13:S;A19:R,CHEMBL4297593,0
CHEMBL4297593::en1_A13:R;A19:R,CHEMBL4297593,1
CHEMBL4297593::en2_A13:S;A19:S,CHEMBL4297593,2
CHEMBL4297593::en3_A13:R;A19:S,CHEMBL4297593,3
CHEMBL4297596::en0_A17:R,CHEMBL4297596,0
CHEMBL4297596::en1_A17:S,CHEMBL4297596,1
CHEMBL4297598::en0_A1:S;A12:S;A15:R,CHEMBL4297598,0
CHEMBL4297598::en1_A1:R;A12:S;A15:S,CHEMBL4297598,1
CHEMBL4297598::en2_A1:S;A12:R;A15:S,CHEMBL4297598,2
CHEMBL4297598::en3_A1:R;A12:R;A15:R,CHEMBL4297598,3
CHEMBL4297599::en0_A1:R;A10:R;A12:R;A15:R;A17:S,CHEMBL4297599,0
CHEMBL4297599::en1_A1:S;A10:R;A12:R;A15:R;A17:S,CHEMBL4297599,1
CHEMBL4297599::en2_A1:R;A10:S;A12:R;A15:R;A17:S,CHEMBL4297599,2
CHEMBL4297599::en3_A1:S;A10:S;A12:R;A15:R;A17:S,CHEMBL4297599,3
CHEMBL4297599::en4_A1:R;A10:R;A12:S;A15:R;A17:S,CHEMBL4297599,4
CHEMBL4297601::en0_A19:R;A34:S,CHEMBL4297601,0
CHEMBL4297601::en1_A19:S;A34:S,CHEMBL4297601,1
CHEMBL4297601::en2_A19:R;A34:R,CHEMBL4297601,2
CHEMBL4297601::en3_A19:S;A34:R,CHEMBL4297601,3
CHEMBL4297604::en0_A10:R;A12:R,CHEMBL4297604,0
CHEMBL4297604::en1_A10:S;A12:S,CHEMBL4297604,1
CHEMBL4297610::en0_A1:S,CHEMBL4297610,0
CHEMBL4297610::en1_A1:R,CHEMBL4297610,1
CHEMBL4297615::en0_A5:S;A24:R,CHEMBL4297615,0
CHEMBL4297615::en1_A5:R;A24:R,CHEMBL4297615,1
CHEMBL4297615::en2_A5:S;A24:S,CHEMBL4297615,2
CHEMBL4297615::en3_A5:R;A24:S,CHEMBL4297615,3
CHEMBL4297616::en0_A3:R,CHEMBL4297616,0
CHEMBL4297616::en1_A3:S,CHEMBL4297616,1
CHEMBL4297620::en0_A5:R,CHEMBL4297620,0
CHEMBL4297620::en1_A5:S,CHEMBL4297620,1
CHEMBL4297622::en0_A1:S;A6:S;A10:R;A23:S,CHEMBL4297622,0
CHEMBL4297622::en1_A1:R;A6:S;A10:R;A23:S,CHEMBL4297622,1
CHEMBL4297622::en2_A1:S;A6:R;A10:R;A23:S,CHEMBL4297622,2
CHEMBL4297622::en3_A1:R;A6:R;A10:R;A23:S,CHEMBL4297622,3
CHEMBL4297622::en4_A1:S;A6:S;A10:S;A23:S,CHEMBL4297622,4
CHEMBL4297625::en0_A6:S;A8:R;A11:R;A13:R;A15:S,CHEMBL4297625,0
CHEMBL4297625::en1_A6:R;A8:R;A11:R;A13:R;A15:S,CHEMBL4297625,1
CHEMBL4297625::en2_A6:S;A8:S;A11:R;A13:R;A15:S,CHEMBL4297625,2
CHEMBL4297625::en3_A6:R;A8:S;A11:R;A13:R;A15:S,CHEMBL4297625,3
CHEMBL4297625::en4_A6:S;A8:R;A11:S;A13:R;A15:S,CHEMBL4297625,4
CHEMBL4297627::en0_A1:R;A11:S,CHEMBL4297627,0
CHEMBL4297627::en1_A1:S;A11:S,CHEMBL4297627,1
CHEMBL4297627::en2_A1:R;A11:R,CHEMBL4297627,2
CHEMBL4297627::en3_A1:S;A11:R,CHEMBL4297627,3
CHEMBL4297629::en0_A6:R,CHEMBL4297629,0
CHEMBL4297629::en1_A6:S,CHEMBL4297629,1
CHEMBL4297632::en0_A20:R;A23:R;A25:S;A35:R;A40:S,CHEMBL4297632,0
CHEMBL4297632::en1_A20:S;A23:R;A25:S;A35:R;A40:S,CHEMBL4297632,1
CHEMBL4297632::en2_A20:R;A23:S;A25:S;A35:R;A40:S,CHEMBL4297632,2
CHEMBL4297632::en3_A20:S;A23:S;A25:S;A35:R;A40:S,CHEMBL4297632,3
CHEMBL4297633::en0_A9:R;A12:R;A13:S;A16:S;A28:R;A31:S,CHEMBL4297633,0
CHEMBL4297633::en1_A9:S;A12:R;A13:S;A16:S;A28:R;A31:S,CHEMBL4297633,1
CHEMBL4297633::en2_A9:R;A12:S;A13:S;A16:S;A28:R;A31:S,CHEMBL4297633,2
CHEMBL4297633::en3_A9:S;A12:S;A13:S;A16:S;A28:R;A31:S,CHEMBL4297633,3
CHEMBL4297633::en4_A9:R;A12:R;A13:R;A16:S;A28:R;A31:S,CHEMBL4297633,4
CHEMBL4297638::en0_A11:R;A13:R,CHEMBL4297638,0
CHEMBL4297638::en1_A11:S;A13:R,CHEMBL4297638,1
CHEMBL4297638::en2_A11:R;A13:S,CHEMBL4297638,2
CHEMBL4297638::en3_A11:S;A13:S,CHEMBL4297638,3
CHEMBL4297640::en0_A3:R;A16:R;A21:S,CHEMBL4297640,0
CHEMBL4297640::en1_A3:S;A16:R;A21:S,CHEMBL4297640,1
CHEMBL4297640::en2_A3:R;A16:S;A21:S,CHEMBL4297640,2
CHEMBL4297640::en3_A3:S;A16:S;A21:S,CHEMBL4297640,3
CHEMBL4297640::en4_A3:R;A16:R;A21:R,CHEMBL4297640,4
CHEMBL4297644::en0_A11:R,CHEMBL4297644,0
CHEMBL4297644::en1_A11:S,CHEMBL4297644,1
CHEMBL4297647::en0_A12:R;A14:R;A18:R;A30:R;A38:S,CHEMBL4297647,0
CHEMBL4297647::en1_A12:S;A14:R;A18:R;A30:R;A38:S,CHEMBL4297647,1
CHEMBL4297647::en2_A12:R;A14:S;A18:R;A30:R;A38:S,CHEMBL4297647,2
CHEMBL4297647::en3_A12:S;A14:S;A18:R;A30:R;A38:S,CHEMBL4297647,3
CHEMBL4297647::en4_A12:R;A14:R;A18:S;A30:S;A38:S,CHEMBL4297647,4
CHEMBL4297648::en0_A17:S,CHEMBL4297648,0
CHEMBL4297648::en1_A17:R,CHEMBL4297648,1
CHEMBL4297649::en0_A30:R,CHEMBL4297649,0
CHEMBL4297649::en1_A30:S,CHEMBL4297649,1
CHEMBL4297651::en0_A2:S;A3:R;A21:R;A24:R;A25:S;A28:R,CHEMBL4297651,0
CHEMBL4297651::en1_A2:R;A3:R;A21:R;A24:R;A25:S;A28:R,CHEMBL4297651,1
CHEMBL4297651::en2_A2:S;A3:S;A21:R;A24:R;A25:S;A28:R,CHEMBL4297651,2
CHEMBL4297651::en3_A2:R;A3:S;A21:R;A24:R;A25:S;A28:R,CHEMBL4297651,3
CHEMBL4297651::en4_A2:S;A3:R;A21:S;A24:R;A25:S;A28:R,CHEMBL4297651,4
CHEMBL4297658::en0_A3:S;A4:S;A10:S;A32:S;A34:S,CHEMBL4297658,0
CHEMBL4297658::en1_A3:R;A5:S;A10:S;A13:S;A14:S;A32:S;A34:S,CHEMBL4297658,1
CHEMBL4297658::en3_A1:R;A3:R;A4:S;A5:R;A10:R;A14:R;A18:R;A32:S;A34:S,CHEMBL4297658,3
CHEMBL4297658::en4_A5:S;A10:S;A12:R;A13:S;A30:R;A32:R;A34:S,CHEMBL4297658,4
CHEMBL4297674::en0_A6:R,CHEMBL4297674,0
CHEMBL4297674::en1_A6:S,CHEMBL4297674,1
CHEMBL4298128::en0_A35:R,CHEMBL4298128,0
CHEMBL4298128::en1_A35:S,CHEMBL4298128,1
CHEMBL4298137::en0_A3:R;A14:S,CHEMBL4298137,0
CHEMBL4298137::en1_A3:S;A14:S,CHEMBL4298137,1
CHEMBL4298137::en2_A3:R;A14:R,CHEMBL4298137,2
CHEMBL4298137::en3_A3:S;A14:R,CHEMBL4298137,3
CHEMBL4298141::en0_A16:S;A17:S;A38:R;A43:S,CHEMBL4298141,0
CHEMBL4298141::en1_A16:R;A17:S;A38:R;A43:S,CHEMBL4298141,1
CHEMBL4298143::en0_A32:S;A43:R;A69:S,CHEMBL4298143,0
CHEMBL4298143::en1_A32:S;A43:S;A69:S,CHEMBL4298143,1
CHEMBL4298143::en2_A32:R;A43:S;A69:S,CHEMBL4298143,2
CHEMBL4298143::en3_A32:S;A43:R;A69:R,CHEMBL4298143,3
CHEMBL4298144::en0_A13:R,CHEMBL4298144,0
CHEMBL4298144::en1_A13:S,CHEMBL4298144,1
CHEMBL4298169::en0_A11:S;A14:R;A16:R,CHEMBL4298169,0
CHEMBL4298169::en1_A11:R;A14:S;A16:S,CHEMBL4298169,1
CHEMBL429910::en0_A11:S;A13:R;A16:R;A18:R;A20:S,CHEMBL429910,0
CHEMBL429910::en1_A11:R;A13:R;A16:R;A18:R;A20:S,CHEMBL429910,1
CHEMBL429910::en2_A11:S;A13:S;A16:R;A18:R;A20:S,CHEMBL429910,2
CHEMBL429910::en3_A11:R;A13:S;A16:R;A18:R;A20:S,CHEMBL429910,3
CHEMBL429910::en4_A11:S;A13:R;A16:S;A18:R;A20:S,CHEMBL429910,4
CHEMBL4299851::en0_A5:S;A10:R,CHEMBL4299851,0
CHEMBL4299851::en1_A5:R;A10:R,CHEMBL4299851,1
CHEMBL4299851::en2_A5:S;A10:S,CHEMBL4299851,2
CHEMBL4299851::en3_A5:R;A10:S,CHEMBL4299851,3
CHEMBL4300049::en0_A11:S;A13:S;A15:R;A17:S,CHEMBL4300049,0
CHEMBL4300049::en1_A11:R;A13:S;A15:R;A17:S,CHEMBL4300049,1
CHEMBL4300049::en2_A11:S;A13:R;A15:R;A17:S,CHEMBL4300049,2
CHEMBL4300049::en3_A11:R;A13:R;A15:R;A17:S,CHEMBL4300049,3
CHEMBL4300049::en4_A11:S;A13:S;A15:S;A17:S,CHEMBL4300049,4
CHEMBL4300154::en0_A4:R,CHEMBL4300154,0
CHEMBL4300154::en1_A4:S,CHEMBL4300154,1
CHEMBL4300558::en0_A7:R;A9:R;A17:R;A20:R;A24:S,CHEMBL4300558,0
CHEMBL4300558::en1_A7:S;A17:R;A20:R;A24:S,CHEMBL4300558,1
CHEMBL4300558::en2_A7:R;A9:S;A17:R;A20:R;A24:S,CHEMBL4300558,2
CHEMBL4300558::en3_A7:R;A9:R;A17:S;A20:R;A24:S,CHEMBL4300558,3
CHEMBL4300558::en4_A7:S;A17:S;A20:R;A24:S,CHEMBL4300558,4
CHEMBL4300766::en0_A1:S,CHEMBL4300766,0
CHEMBL4300766::en1_A1:R,CHEMBL4300766,1
CHEMBL4300944::en0_A14:S;A16:S;A18:S;A23:R,CHEMBL4300944,0
CHEMBL4300944::en1_A14:R;A16:S;A18:S;A23:R,CHEMBL4300944,1
CHEMBL4300944::en2_A14:S;A16:R;A18:S;A23:R,CHEMBL4300944,2
CHEMBL4300944::en3_A14:R;A16:R;A18:S;A23:R,CHEMBL4300944,3
CHEMBL4300944::en4_A14:S;A16:S;A18:R;A23:R,CHEMBL4300944,4
CHEMBL4300945::en0_A6:S,CHEMBL4300945,0
CHEMBL4300945::en1_A6:R,CHEMBL4300945,1
CHEMBL4301162::en0_A4:R;A11:S;A29:R,CHEMBL4301162,0
CHEMBL4301162::en1_A4:S;A11:S;A29:R,CHEMBL4301162,1
CHEMBL4301162::en2_A4:R;A11:R;A29:R,CHEMBL4301162,2
CHEMBL4301162::en3_A4:S;A11:R;A29:R,CHEMBL4301162,3
CHEMBL4301162::en4_A4:R;A11:S;A29:S,CHEMBL4301162,4
CHEMBL4301491::en0_A40:S,CHEMBL4301491,0
CHEMBL4301491::en1_A40:R,CHEMBL4301491,1
CHEMBL4301492::en0_A4:R;A5:R;A14:R;A17:S,CHEMBL4301492,0
CHEMBL4301914::en0_A4:R;A9:S,CHEMBL4301914,0
CHEMBL4301914::en1_A4:S;A9:S,CHEMBL4301914,1
CHEMBL4301914::en2_A4:R;A9:R,CHEMBL4301914,2
CHEMBL4301914::en3_A4:S;A9:R,CHEMBL4301914,3
CHEMBL4302412::en0_A6:R,CHEMBL4302412,0
CHEMBL4302412::en1_A6:S,CHEMBL4302412,1
CHEMBL4302412::en2_A6:R,CHEMBL4302412,2
CHEMBL4302412::en3_A6:S,CHEMBL4302412,3
CHEMBL4302506::en0_A14:R,CHEMBL4302506,0
CHEMBL4302506::en1_A14:S,CHEMBL4302506,1
CHEMBL4302826::en0_A1:R,CHEMBL4302826,0
CHEMBL4302826::en1_A1:S,CHEMBL4302826,1
CHEMBL4303060::en0_A5:S;A17:R,CHEMBL4303060,0
CHEMBL4303060::en1_A5:R;A17:R,CHEMBL4303060,1
CHEMBL4303060::en2_A5:S;A17:S,CHEMBL4303060,2
CHEMBL4303060::en3_A5:R;A17:S,CHEMBL4303060,3
CHEMBL4303141::en0_A5:R;A8:R;A9:S;A13:S;A27:R;A30:S;A32:R;A36:S;A37:S,CHEMBL4303141,0
CHEMBL4303141::en1_A5:S;A8:R;A9:S;A13:S;A27:R;A30:S;A32:R;A36:S;A37:S,CHEMBL4303141,1
CHEMBL4303141::en2_A5:R;A8:S;A9:S;A13:S;A27:R;A30:S;A32:R;A36:S;A37:S,CHEMBL4303141,2
CHEMBL4303141::en3_A5:R;A8:S;A9:S;A13:S;A27:R;A30:S;A32:R;A36:S;A37:S,CHEMBL4303141,3
CHEMBL4303141::en4_A5:S;A8:R;A9:R;A13:S;A27:R;A30:S;A32:R;A36:S;A37:S,CHEMBL4303141,4
CHEMBL4303241::en0_A26:R,CHEMBL4303241,0
CHEMBL4303241::en1_A26:S,CHEMBL4303241,1
CHEMBL4303323::en0_A1:S,CHEMBL4303323,0
CHEMBL4303323::en1_A1:R,CHEMBL4303323,1
CHEMBL4303379::en0_A1:S;A6:R;A11:S;A18:S;A19:R;A23:S,CHEMBL4303379,0
CHEMBL4303379::en1_A1:R;A6:R;A11:S;A18:S;A19:R;A23:S,CHEMBL4303379,1
CHEMBL4303379::en2_A1:S;A6:S;A11:S;A18:S;A19:R;A23:S,CHEMBL4303379,2
CHEMBL4303379::en3_A1:R;A6:S;A11:S;A18:S;A19:R;A23:S,CHEMBL4303379,3
CHEMBL4303379::en4_A1:S;A6:R;A11:R;A18:S;A19:R;A23:S,CHEMBL4303379,4
CHEMBL4303389::en0_A1:S,CHEMBL4303389,0
CHEMBL4303389::en1_A1:R,CHEMBL4303389,1
CHEMBL4303404::en0_A21:R,CHEMBL4303404,0
CHEMBL4303404::en1_A21:S,CHEMBL4303404,1
CHEMBL4303470::en0_A11:S;A32:S,CHEMBL4303470,0
CHEMBL4303470::en1_A11:R;A32:S,CHEMBL4303470,1
CHEMBL4303470::en2_A11:S;A32:R,CHEMBL4303470,2
CHEMBL4303470::en3_A11:R;A32:R,CHEMBL4303470,3
CHEMBL4303525::en0_A5:S;A15:R;A17:R;A22:R;A33:R;A36:S;A38:S,CHEMBL4303525,0
CHEMBL4303525::en1_A5:R;A15:R;A17:R;A22:R;A33:R;A36:R;A38:S,CHEMBL4303525,1
CHEMBL4303525::en2_A5:S;A15:S;A17:R;A22:R;A33:R;A36:R;A38:S,CHEMBL4303525,2
CHEMBL4303525::en3_A5:R;A15:S;A17:R;A22:R;A33:R;A36:R;A38:S,CHEMBL4303525,3
CHEMBL4303525::en4_A5:S;A15:R;A17:S;A22:R;A33:R;A36:R;A38:S,CHEMBL4303525,4
CHEMBL4303596::en0_A1:S,CHEMBL4303596,0
CHEMBL4303596::en1_A1:R,CHEMBL4303596,1
CHEMBL4303708::en0_A3:S,CHEMBL4303708,0
CHEMBL4303708::en1_A3:R,CHEMBL4303708,1
CHEMBL4303729::en0_A15:S,CHEMBL4303729,0
CHEMBL4303729::en1_A15:R,CHEMBL4303729,1
CHEMBL430488::en0_A15:R,CHEMBL430488,0
CHEMBL430488::en1_A15:S,CHEMBL430488,1
CHEMBL430497::en0_A7:S,CHEMBL430497,0
CHEMBL430497::en1_A7:R,CHEMBL430497,1
CHEMBL430554::en0_A5:S;A7:R,CHEMBL430554,0
CHEMBL430554::en1_A5:R;A7:R,CHEMBL430554,1
CHEMBL430554::en2_A5:S;A7:S,CHEMBL430554,2
CHEMBL430554::en3_A5:R;A7:S,CHEMBL430554,3
CHEMBL430916::en0_A2:R;A9:R,CHEMBL430916,0
CHEMBL430916::en1_A2:S;A9:R,CHEMBL430916,1
CHEMBL430916::en2_A2:R;A9:S,CHEMBL430916,2
CHEMBL430916::en3_A2:S;A9:S,CHEMBL430916,3
CHEMBL431::en0_A5:S;A15:R;A23:R,CHEMBL431,0
CHEMBL431::en1_A5:R;A15:R;A23:R,CHEMBL431,1
CHEMBL431::en2_A5:S;A15:S;A23:R,CHEMBL431,2
CHEMBL431::en3_A5:R;A15:S;A23:R,CHEMBL431,3
CHEMBL431::en4_A5:S;A15:R;A23:S,CHEMBL431,4
CHEMBL431651::en0_A10:R;A23:R;A27:R,CHEMBL431651,0
CHEMBL431651::en1_A10:S;A23:R;A27:R,CHEMBL431651,1
CHEMBL431651::en2_A10:R;A23:S;A27:R,CHEMBL431651,2
CHEMBL431651::en3_A10:S;A23:S;A27:R,CHEMBL431651,3
CHEMBL431651::en4_A10:R;A23:R;A27:S,CHEMBL431651,4
CHEMBL431701::en0_A5:S;A10:S;A22:R;A28:R,CHEMBL431701,0
CHEMBL431701::en1_A5:R;A10:S;A22:R;A28:R,CHEMBL431701,1
CHEMBL431701::en2_A5:S;A10:R;A22:R;A28:R,CHEMBL431701,2
CHEMBL431701::en3_A5:R;A10:R;A22:R;A28:R,CHEMBL431701,3
CHEMBL431701::en4_A5:S;A10:S;A22:S;A28:R,CHEMBL431701,4
CHEMBL431733::en0_A4:R;A6:S;A26:R;A28:S,CHEMBL431733,0
CHEMBL431733::en1_A4:S;A6:S;A26:R;A28:S,CHEMBL431733,1
CHEMBL431733::en2_A4:R;A6:R;A26:R;A28:S,CHEMBL431733,2
CHEMBL431733::en3_A4:S;A6:R;A26:R;A28:S,CHEMBL431733,3
CHEMBL431733::en4_A4:R;A6:S;A26:S;A28:S,CHEMBL431733,4
CHEMBL432481::en0_A1:S,CHEMBL432481,0
CHEMBL432481::en1_A1:R,CHEMBL432481,1
CHEMBL433696::en0_A2:S,CHEMBL433696,0
CHEMBL433696::en1_A2:R,CHEMBL433696,1
CHEMBL434492::en0_A6:S;A12:S;A15:R,CHEMBL434492,0
CHEMBL434492::en1_A6:R;A12:S;A15:S,CHEMBL434492,1
CHEMBL434492::en2_A6:S;A12:R;A15:S,CHEMBL434492,2
CHEMBL434492::en3_A6:R;A12:R;A15:R,CHEMBL434492,3
CHEMBL435191::en0_A13:R;A15:R;A18:R;A20:S;A22:S,CHEMBL435191,0
CHEMBL435191::en1_A13:S;A15:R;A18:R;A20:S;A22:S,CHEMBL435191,1
CHEMBL435191::en2_A13:R;A15:S;A18:R;A20:S;A22:S,CHEMBL435191,2
CHEMBL435191::en3_A13:S;A15:S;A18:R;A20:S;A22:S,CHEMBL435191,3
CHEMBL435191::en4_A13:R;A15:R;A18:S;A20:S;A22:S,CHEMBL435191,4
CHEMBL435224::en0_A7:R;A9:R,CHEMBL435224,0
CHEMBL435224::en1_A7:S;A9:R,CHEMBL435224,1
CHEMBL435224::en2_A7:R;A9:S,CHEMBL435224,2
CHEMBL435224::en3_A7:S;A9:S,CHEMBL435224,3
CHEMBL435298::en0_A1:S,CHEMBL435298,0
CHEMBL435298::en1_A1:R,CHEMBL435298,1
CHEMBL437526::en0_A3:R;A8:S;A12:S;A21:S,CHEMBL437526,0
CHEMBL437526::en1_A3:S;A8:S;A12:S;A21:S,CHEMBL437526,1
CHEMBL437526::en2_A3:R;A8:R;A12:S;A21:S,CHEMBL437526,2
CHEMBL437526::en3_A3:S;A8:R;A12:S;A21:S,CHEMBL437526,3
CHEMBL437526::en4_A3:R;A8:S;A12:R;A21:S,CHEMBL437526,4
CHEMBL437765::en0_A2:S;A6:R;A33:S;A35:R;A37:R;A39:R;A41:R;A43:S;A48:R,CHEMBL437765,0
CHEMBL437765::en1_A2:S;A6:R;A33:S;A35:R;A37:R;A39:S;A41:S;A43:S;A48:S,CHEMBL437765,1
CHEMBL437765::en2_A2:R;A6:S;A33:R;A35:R;A37:S;A39:S;A41:S;A43:S;A48:R,CHEMBL437765,2
CHEMBL437765::en3_A2:S;A6:S;A33:R;A35:S;A37:R;A39:S;A41:R;A43:R;A48:R,CHEMBL437765,3
CHEMBL437765::en4_A2:S;A6:S;A33:S;A35:R;A37:R;A39:S;A41:R;A43:S;A48:R,CHEMBL437765,4
CHEMBL438145::en0_A3:R,CHEMBL438145,0
CHEMBL438145::en1_A3:S,CHEMBL438145,1
CHEMBL438497::en0_A8:R;A10:R;A13:R;A15:S,CHEMBL438497,0
CHEMBL438497::en1_A8:S;A10:R;A13:R;A15:S,CHEMBL438497,1
CHEMBL438497::en2_A8:R;A10:S;A13:R;A15:S,CHEMBL438497,2
CHEMBL438497::en3_A8:S;A10:S;A13:R;A15:S,CHEMBL438497,3
CHEMBL438497::en4_A8:R;A10:R;A13:S;A15:S,CHEMBL438497,4
CHEMBL440115::en0_A24:R,CHEMBL440115,0
CHEMBL440115::en1_A24:S,CHEMBL440115,1
CHEMBL440115::en2_A24:R,CHEMBL440115,2
CHEMBL440115::en3_A24:S,CHEMBL440115,3
CHEMBL440283::en0_A1:S;A4:R;A5:S;A10:R;A14:R;A16:S;A19:S,CHEMBL440283,0
CHEMBL440283::en1_A1:R;A4:R;A5:S;A10:R;A14:R;A16:S;A19:S,CHEMBL440283,1
CHEMBL440283::en2_A1:S;A4:S;A5:S;A10:R;A14:R;A16:S;A19:S,CHEMBL440283,2
CHEMBL440283::en3_A1:R;A4:S;A5:S;A10:R;A14:R;A16:S;A19:S,CHEMBL440283,3
CHEMBL440283::en4_A1:S;A4:R;A5:R;A10:R;A14:R;A16:S;A19:S,CHEMBL440283,4
CHEMBL441687::en0_A3:S;A5:R;A7:S;A11:S;A13:R;A15:S;A17:R;A19:R;A23:R;A25:R;A27:S;A31:R;A33:S;A38:S;A40:R;A47:S;A51:S;A53:S;A57:S,CHEMBL441687,0
CHEMBL441687::en1_A3:R;A5:S;A7:S;A11:R;A13:R;A15:R;A17:R;A19:R;A23:S;A25:S;A27:R;A31:R;A33:S;A38:R;A40:R;A47:R;A51:R;A53:S;A57:R,CHEMBL441687,1
CHEMBL441687::en2_A3:R;A5:R;A7:R;A11:R;A13:S;A15:S;A17:S;A19:S;A23:S;A25:S;A27:R;A31:R;A33:S;A38:S;A40:S;A47:R;A51:R;A53:S;A57:R,CHEMBL441687,2
CHEMBL441687::en3_A3:S;A5:S;A7:S;A11:S;A13:S;A15:S;A17:S;A19:S;A23:R;A25:R;A27:R;A31:R;A33:R;A38:R;A40:R;A47:S;A51:S;A53:R;A57:R,CHEMBL441687,3
CHEMBL441687::en4_A3:R;A5:R;A7:R;A11:S;A13:R;A15:S;A17:S;A19:S;A23:S;A25:R;A27:S;A31:S;A33:R;A38:R;A40:S;A47:S;A51:R;A53:R;A57:R,CHEMBL441687,4
CHEMBL441765::en0_A13:R;A18:S,CHEMBL441765,0
CHEMBL441765::en1_A13:S;A18:S,CHEMBL441765,1
CHEMBL441765::en2_A13:R;A18:R,CHEMBL441765,2
CHEMBL441765::en3_A13:S;A18:R,CHEMBL441765,3
CHEMBL442174::en0_A13:R,CHEMBL442174,0
CHEMBL442174::en1_A13:S,CHEMBL442174,1
CHEMBL44354::en0_A9:R;A27:R,CHEMBL44354,0
CHEMBL44354::en1_A9:S;A24:R;A27:R,CHEMBL44354,1
CHEMBL44354::en2_A9:R;A27:S,CHEMBL44354,2
CHEMBL44354::en3_A9:S;A27:S,CHEMBL44354,3
CHEMBL44354::en4_A9:R;A20:S;A27:R,CHEMBL44354,4
CHEMBL443684::en0_A34:R,CHEMBL443684,0
CHEMBL443684::en1_A34:S,CHEMBL443684,1
CHEMBL444122::en0_A3:S;A6:S;A7:R;A12:R;A17:S;A19:R;A22:R;A24:S;A26:S;A28:S;A31:R;A33:R;A35:R;A38:S;A40:S;A42:S;A44:S;A46:R;A49:S;A51:S;A53:R,CHEMBL444122,0
CHEMBL444122::en1_A3:R;A6:S;A7:S;A12:R;A17:R;A19:R;A22:S;A24:R;A26:R;A28:R;A31:S;A33:R;A35:R;A38:R;A40:R;A42:R;A44:S;A46:S;A49:S;A51:S;A53:R,CHEMBL444122,1
CHEMBL444122::en2_A3:S;A6:S;A7:R;A12:R;A17:S;A19:S;A22:R;A24:S;A26:S;A28:S;A31:R;A33:S;A35:R;A38:S;A40:R;A42:R;A44:S;A46:S;A49:R;A51:S;A53:R,CHEMBL444122,2
CHEMBL444122::en3_A3:R;A6:S;A7:R;A12:R;A17:S;A19:R;A22:R;A24:R;A26:R;A28:S;A31:S;A33:S;A35:R;A38:R;A40:S;A42:R;A44:R;A46:S;A49:R;A51:R;A53:R,CHEMBL444122,3
CHEMBL444172::en0_A1:S;A19:R;A26:S;A27:R,CHEMBL444172,0
CHEMBL444172::en1_A1:R;A19:R;A26:S;A27:R,CHEMBL444172,1
CHEMBL444172::en2_A1:S;A19:S;A26:S;A27:R,CHEMBL444172,2
CHEMBL444172::en3_A1:R;A19:S;A26:S;A27:R,CHEMBL444172,3
CHEMBL444172::en4_A1:S;A26:R;A27:R,CHEMBL444172,4
CHEMBL4442620::en0_A1:S;A3:S;A14:R,CHEMBL4442620,0
CHEMBL4442620::en1_A1:R;A3:S;A14:R,CHEMBL4442620,1
CHEMBL4442620::en2_A1:S;A3:R;A14:R,CHEMBL4442620,2
CHEMBL4442620::en3_A1:R;A3:R;A14:R,CHEMBL4442620,3
CHEMBL4442620::en4_A1:S;A3:S;A14:S,CHEMBL4442620,4
CHEMBL4446357::en0_A1:S;A6:S,CHEMBL4446357,0
CHEMBL4446357::en1_A1:R;A6:S,CHEMBL4446357,1
CHEMBL4446357::en2_A1:S;A6:R,CHEMBL4446357,2
CHEMBL4446357::en3_A1:R;A6:R,CHEMBL4446357,3
CHEMBL4446378::en0_A2:R;A6:S;A8:S;A24:R;A27:S;A29:R,CHEMBL4446378,0
CHEMBL4446378::en1_A2:S;A6:S;A8:S;A24:R;A27:S;A29:R,CHEMBL4446378,1
CHEMBL4446378::en2_A2:R;A6:R;A8:S;A24:R;A27:S;A29:R,CHEMBL4446378,2
CHEMBL4446378::en3_A2:S;A6:R;A8:S;A24:R;A27:S;A29:R,CHEMBL4446378,3
CHEMBL4446378::en4_A2:R;A6:S;A8:R;A24:R;A27:S;A29:R,CHEMBL4446378,4
CHEMBL4447181::en0_A3:R,CHEMBL4447181,0
CHEMBL4447181::en1_A3:S,CHEMBL4447181,1
CHEMBL444929::en0_A3:S;A6:R;A8:R;A11:S;A12:S;A13:S;A16:S;A18:S;A31:S;A33:S;A36:S,CHEMBL444929,0
CHEMBL444929::en1_A3:S;A6:S;A8:S;A11:S;A12:R;A13:S;A16:S;A18:S;A31:S;A33:S;A36:R,CHEMBL444929,1
CHEMBL444929::en2_A3:R;A6:R;A8:S;A11:S;A12:S;A13:S;A16:S;A18:S;A31:S;A33:R;A36:S,CHEMBL444929,2
CHEMBL444929::en3_A3:R;A6:R;A8:R;A11:S;A12:R;A13:S;A16:R;A18:R;A31:S;A33:R;A36:R,CHEMBL444929,3
CHEMBL444929::en4_A3:R;A6:R;A8:R;A11:R;A12:S;A13:S;A16:S;A18:S;A31:R;A33:R;A36:S,CHEMBL444929,4
CHEMBL445332::en0_A4:R;A6:S;A13:R;A14:S;A18:S;A22:S;A29:S,CHEMBL445332,0
CHEMBL445332::en1_A4:S;A6:S;A13:R;A14:S;A18:S;A22:S;A29:S,CHEMBL445332,1
CHEMBL445332::en2_A4:R;A6:R;A13:R;A14:S;A18:S;A22:S;A29:S,CHEMBL445332,2
CHEMBL445332::en3_A4:S;A6:R;A13:R;A14:S;A18:S;A22:S;A29:S,CHEMBL445332,3
CHEMBL445332::en4_A4:R;A6:S;A13:S;A14:S;A18:S;A22:S;A29:S,CHEMBL445332,4
CHEMBL445472::en0_A1:S;A4:S;A7:S;A10:R;A11:S;A14:S;A18:R;A21:R,CHEMBL445472,0
CHEMBL445472::en1_A1:R;A4:S;A7:S;A10:R;A11:S;A14:S;A18:R;A21:R,CHEMBL445472,1
CHEMBL445472::en2_A1:S;A4:R;A7:S;A10:R;A11:S;A14:S;A18:R;A21:R,CHEMBL445472,2
CHEMBL445472::en3_A1:R;A4:R;A7:S;A10:R;A11:S;A14:S;A18:R;A21:R,CHEMBL445472,3
CHEMBL445472::en4_A1:S;A4:S;A7:R;A10:R;A11:S;A14:S;A18:R;A21:R,CHEMBL445472,4
CHEMBL445740::en0_A9:R;A10:S,CHEMBL445740,0
CHEMBL445740::en1_A9:S;A10:S,CHEMBL445740,1
CHEMBL445740::en2_A9:R;A10:R,CHEMBL445740,2
CHEMBL445740::en3_A9:S;A10:R,CHEMBL445740,3
CHEMBL445740::en4_A9:R;A10:S,CHEMBL445740,4
CHEMBL4457723::en0_A5:R;A8:S;A12:S;A30:R,CHEMBL4457723,0
CHEMBL4457723::en1_A5:S;A8:S;A12:S;A30:R,CHEMBL4457723,1
CHEMBL4457723::en2_A5:R;A8:R;A12:S;A30:R,CHEMBL4457723,2
CHEMBL4457723::en3_A5:S;A8:R;A12:S;A30:R,CHEMBL4457723,3
CHEMBL4457723::en4_A5:R;A8:S;A12:R;A30:R,CHEMBL4457723,4
CHEMBL446209::en0_A4:S;A8:R;A9:S;A13:R,CHEMBL446209,0
CHEMBL446209::en1_A4:R;A8:R;A9:S;A13:R,CHEMBL446209,1
CHEMBL446209::en2_A4:S;A8:S;A9:S;A13:R,CHEMBL446209,2
CHEMBL446209::en3_A4:R;A8:S;A9:S;A13:R,CHEMBL446209,3
CHEMBL446209::en4_A4:S;A8:R;A9:R;A13:R,CHEMBL446209,4
CHEMBL4462530::en0_A4:R;A8:S,CHEMBL4462530,0
CHEMBL4462530::en1_A4:S;A8:S,CHEMBL4462530,1
CHEMBL4462530::en2_A4:R;A8:R,CHEMBL4462530,2
CHEMBL4462530::en3_A4:S;A8:R,CHEMBL4462530,3
CHEMBL44657::en0_A5:R;A12:R;A14:R;A16:R;A19:S;A22:R;A23:R;A25:S;A27:S;A32:R,CHEMBL44657,0
CHEMBL44657::en1_A5:S;A12:R;A14:R;A16:R;A19:S;A22:R;A23:R;A25:S;A27:S;A32:R,CHEMBL44657,1
CHEMBL44657::en2_A5:R;A12:S;A14:R;A16:R;A19:S;A22:R;A23:R;A25:S;A27:S;A32:R,CHEMBL44657,2
CHEMBL44657::en3_A5:S;A12:S;A14:R;A16:R;A19:S;A22:R;A23:R;A25:S;A27:S;A32:R,CHEMBL44657,3
CHEMBL44657::en4_A5:R;A12:R;A14:S;A16:R;A19:S;A22:R;A23:R;A25:S;A27:S;A32:R,CHEMBL44657,4
CHEMBL4466233::en0_A15:S,CHEMBL4466233,0
CHEMBL4466233::en1_A15:R,CHEMBL4466233,1
CHEMBL4469414::en0_A11:S;A13:S,CHEMBL4469414,0
CHEMBL4469414::en1_A11:R;A13:R,CHEMBL4469414,1
CHEMBL4472508::en0_A4:R,CHEMBL4472508,0
CHEMBL4472508::en1_A4:S,CHEMBL4472508,1
CHEMBL44752::en0_A4:S,CHEMBL44752,0
CHEMBL44752::en1_A4:R,CHEMBL44752,1
CHEMBL4475481::en0_A17:S,CHEMBL4475481,0
CHEMBL4475481::en1_A17:R,CHEMBL4475481,1
CHEMBL447878::en0_A4:R;A5:S;A7:S;A9:S;A13:S,CHEMBL447878,0
CHEMBL447878::en1_A4:S;A5:S;A7:S;A9:S;A13:S,CHEMBL447878,1
CHEMBL447878::en2_A4:R;A5:R;A7:S;A9:S;A13:S,CHEMBL447878,2
CHEMBL447878::en3_A4:S;A5:R;A7:S;A9:S;A13:S,CHEMBL447878,3
CHEMBL447878::en4_A4:R;A5:S;A7:R;A9:S;A13:S,CHEMBL447878,4
CHEMBL447955::en0_A1:S;A3:R;A6:S;A16:S;A17:R,CHEMBL447955,0
CHEMBL447955::en1_A1:R;A3:R;A6:S;A16:S;A17:R,CHEMBL447955,1
CHEMBL447955::en2_A1:S;A3:S;A6:S;A16:S;A17:R,CHEMBL447955,2
CHEMBL447955::en3_A1:R;A3:S;A6:S;A16:S;A17:R,CHEMBL447955,3
CHEMBL447955::en4_A1:S;A3:R;A6:R;A16:S;A17:R,CHEMBL447955,4
CHEMBL448290::en0_A2:S;A4:S;A15:R;A17:S,CHEMBL448290,0
CHEMBL448290::en1_A2:R;A4:S;A15:R;A17:S,CHEMBL448290,1
CHEMBL448290::en2_A2:S;A4:R;A15:R;A17:S,CHEMBL448290,2
CHEMBL448290::en3_A2:R;A4:R;A15:R;A17:S,CHEMBL448290,3
CHEMBL448290::en4_A2:S;A4:S;A15:S;A17:S,CHEMBL448290,4
CHEMBL449062::en0_A3:S,CHEMBL449062,0
CHEMBL449062::en1_A3:R,CHEMBL449062,1
CHEMBL449158::en0_A10:S;A18:S;A20:R;A21:S;A28:R;A31:R;A33:R;A41:S;A44:R;A53:R;A59:R,CHEMBL449158,0
CHEMBL449158::en1_A10:R;A18:R;A20:R;A21:R;A28:R;A31:S;A33:S;A41:S;A44:S;A53:R;A59:R,CHEMBL449158,1
CHEMBL449158::en2_A10:R;A18:S;A20:S;A21:R;A28:S;A31:R;A33:R;A41:S;A44:S;A53:R;A59:R,CHEMBL449158,2
CHEMBL449158::en3_A10:R;A18:S;A20:S;A21:R;A28:R;A31:S;A33:S;A41:R;A44:R;A53:S;A59:S,CHEMBL449158,3
CHEMBL449158::en4_A10:R;A18:R;A20:R;A21:R;A28:S;A31:S;A33:R;A41:S;A44:R;A53:S;A59:R,CHEMBL449158,4
CHEMBL449317::en0_A6:R;A16:S;A18:S;A21:S;A23:R;A25:S;A27:R;A29:S;A31:R;A33:S;A35:S,CHEMBL449317,0
CHEMBL449317::en1_A6:R;A16:R;A18:R;A21:S;A23:S;A25:S;A27:R;A29:R;A31:S;A33:S;A35:R,CHEMBL449317,1
CHEMBL449317::en2_A6:S;A16:S;A18:R;A21:S;A23:S;A25:S;A27:R;A29:S;A31:R;A33:R;A35:S,CHEMBL449317,2
CHEMBL449317::en3_A6:R;A16:R;A18:R;A21:R;A23:R;A25:R;A27:S;A29:R;A31:R;A33:S;A35:R,CHEMBL449317,3
CHEMBL449317::en4_A6:S;A16:R;A18:S;A21:S;A23:R;A25:R;A27:S;A29:S;A31:R;A33:R;A35:S,CHEMBL449317,4
CHEMBL449782::en0_A16:R;A36:R,CHEMBL449782,0
CHEMBL449782::en1_A16:S;A36:R,CHEMBL449782,1
CHEMBL449782::en2_A16:R;A36:S,CHEMBL449782,2
CHEMBL449782::en3_A16:S;A36:S,CHEMBL449782,3
CHEMBL450044::en0_A7:S;A9:R;A26:R;A28:R;A30:S,CHEMBL450044,0
CHEMBL450044::en1_A7:R;A9:R;A26:R;A28:R;A30:S,CHEMBL450044,1
CHEMBL450044::en2_A7:S;A9:S;A26:R;A28:R;A30:S,CHEMBL450044,2
CHEMBL450044::en3_A7:R;A9:S;A26:R;A28:R;A30:S,CHEMBL450044,3
CHEMBL450044::en4_A7:S;A9:R;A26:S;A28:R;A30:S,CHEMBL450044,4
CHEMBL450449::en0_A12:S;A15:R;A27:R;A33:R;A34:S;A46:R;A47:S,CHEMBL450449,0
CHEMBL450449::en1_A12:R;A15:R;A27:R;A33:R;A34:S;A46:R;A47:S,CHEMBL450449,1
CHEMBL450449::en2_A12:S;A15:S;A27:R;A33:R;A34:S;A46:R;A47:S,CHEMBL450449,2
CHEMBL450449::en3_A12:R;A15:S;A27:R;A33:R;A34:S;A46:R;A47:S,CHEMBL450449,3
CHEMBL450449::en4_A12:S;A15:R;A27:S;A33:R;A34:S;A46:R;A47:S,CHEMBL450449,4
CHEMBL451168::en0_A3:R,CHEMBL451168,0
CHEMBL451168::en1_A3:S,CHEMBL451168,1
CHEMBL4514636::en0_A5:R;A10:R,CHEMBL4514636,0
CHEMBL4514636::en1_A5:S;A10:R,CHEMBL4514636,1
CHEMBL4514636::en2_A5:R;A10:S,CHEMBL4514636,2
CHEMBL4514636::en3_A5:S;A10:S,CHEMBL4514636,3
CHEMBL4519121::en0_A1:R;A2:R;A5:S;A6:R;A13:R;A15:R;A33:S;A34:S;A38:S;A39:S,CHEMBL4519121,0
CHEMBL4519121::en1_A1:S;A13:S;A14:R;A19:S;A31:S;A36:R,CHEMBL4519121,1
CHEMBL4519121::en2_A1:R;A2:S;A5:S;A6:R;A13:S;A14:S;A15:R;A31:S;A33:R;A34:S;A35:S;A36:S,CHEMBL4519121,2
CHEMBL4519121::en3_A1:S;A8:S;A13:S;A14:R;A15:S;A35:R,CHEMBL4519121,3
CHEMBL451930::en0_A2:S;A4:S;A8:R;A12:R;A21:R;A31:S;A36:R;A50:R;A57:S;A65:R;A69:R;A77:S,CHEMBL451930,0
CHEMBL451930::en1_A2:S;A4:S;A8:S;A12:R;A21:S;A31:R;A36:S;A50:R;A57:R;A65:S;A69:S;A77:S,CHEMBL451930,1
CHEMBL451930::en2_A2:S;A4:S;A8:S;A12:R;A21:S;A31:R;A36:R;A50:S;A57:R;A65:S;A69:S;A77:R,CHEMBL451930,2
CHEMBL451930::en3_A2:R;A4:S;A8:R;A12:R;A21:R;A31:S;A36:R;A50:S;A57:S;A65:S;A69:S;A77:R,CHEMBL451930,3
CHEMBL451930::en4_A2:S;A4:R;A8:S;A12:R;A21:S;A31:R;A36:S;A50:R;A57:R;A65:S;A69:R;A77:S,CHEMBL451930,4
CHEMBL452231::en0_A5:R;A12:R;A14:R;A16:R;A19:S;A26:R;A27:R;A29:S;A31:S;A36:R,CHEMBL452231,0
CHEMBL452231::en1_A5:S;A12:R;A14:R;A16:R;A19:S;A26:R;A27:R;A29:S;A31:S;A36:R,CHEMBL452231,1
CHEMBL452231::en2_A5:R;A12:S;A14:R;A16:R;A19:S;A26:R;A27:R;A29:S;A31:S;A36:R,CHEMBL452231,2
CHEMBL452231::en3_A5:S;A12:S;A14:R;A16:R;A19:S;A26:R;A27:R;A29:S;A31:S;A36:R,CHEMBL452231,3
CHEMBL452231::en4_A5:R;A12:R;A14:S;A16:R;A19:S;A26:R;A27:R;A29:S;A31:S;A36:R,CHEMBL452231,4
CHEMBL452329::en0_A4:R;A7:R;A8:S;A9:S;A12:S;A14:S;A22:S,CHEMBL452329,0
CHEMBL452329::en1_A4:S;A7:R;A8:S;A9:S;A12:S;A14:S;A22:S,CHEMBL452329,1
CHEMBL452329::en2_A4:R;A7:S;A8:S;A9:S;A12:S;A14:S;A22:S,CHEMBL452329,2
CHEMBL452329::en3_A4:S;A7:S;A8:S;A9:S;A12:S;A14:S;A22:S,CHEMBL452329,3
CHEMBL452329::en4_A4:R;A7:R;A8:R;A9:S;A12:S;A14:S;A22:S,CHEMBL452329,4
CHEMBL4525964::en0_A2:R;A4:R;A8:S;A10:R;A15:S,CHEMBL4525964,0
CHEMBL4525964::en1_A2:S;A4:R;A8:S;A10:R;A15:S,CHEMBL4525964,1
CHEMBL4525964::en2_A2:R;A4:S;A8:S;A10:R;A15:S,CHEMBL4525964,2
CHEMBL4525964::en3_A2:S;A4:S;A8:S;A10:R;A15:S,CHEMBL4525964,3
CHEMBL4525964::en4_A2:R;A4:R;A8:R;A10:R;A15:S,CHEMBL4525964,4
CHEMBL4526356::en0_A1:S;A4:S;A15:S;A25:S;A37:S;A38:S;A41:S,CHEMBL4526356,0
CHEMBL4526356::en1_A1:R;A4:S;A15:S;A25:S;A37:S;A38:S;A41:S,CHEMBL4526356,1
CHEMBL4526356::en2_A1:S;A4:R;A15:S;A25:S;A37:S;A38:S;A41:S,CHEMBL4526356,2
CHEMBL4526356::en3_A1:R;A4:R;A15:S;A25:S;A37:S;A38:S;A41:S,CHEMBL4526356,3
CHEMBL4526356::en4_A1:S;A4:S;A15:R;A25:S;A37:S;A38:S;A41:S,CHEMBL4526356,4
CHEMBL452861::en0_A5:S,CHEMBL452861,0
CHEMBL452861::en1_A5:R,CHEMBL452861,1
CHEMBL452867::en0_A15:R;A17:R;A20:R;A22:S,CHEMBL452867,0
CHEMBL452867::en1_A15:S;A17:R;A20:R;A22:S,CHEMBL452867,1
CHEMBL452867::en2_A15:R;A17:S;A20:R;A22:S,CHEMBL452867,2
CHEMBL452867::en3_A15:S;A17:S;A20:R;A22:S,CHEMBL452867,3
CHEMBL452867::en4_A15:R;A17:R;A20:S;A22:S,CHEMBL452867,4
CHEMBL4533605::en0_A6:S;A9:R;A20:R,CHEMBL4533605,0
CHEMBL4533605::en1_A6:R;A9:R;A20:R,CHEMBL4533605,1
CHEMBL4533605::en2_A6:S;A9:S;A20:R,CHEMBL4533605,2
CHEMBL4533605::en3_A6:R;A9:S;A20:R,CHEMBL4533605,3
CHEMBL4533605::en4_A6:S;A9:R;A20:S,CHEMBL4533605,4
CHEMBL453514::en0_A2:S;A3:S;A5:R;A7:S;A9:S;A11:S;A13:S;A16:R;A18:R;A21:S;A25:R;A27:S;A32:R;A34:S;A36:R;A39:S;A43:S;A51:R;A57:S,CHEMBL453514,0
CHEMBL453514::en1_A2:S;A3:S;A5:S;A7:R;A9:R;A11:R;A13:R;A16:S;A18:R;A21:S;A25:S;A27:R;A32:R;A34:S;A36:S;A39:R;A43:R;A51:S;A57:R,CHEMBL453514,1
CHEMBL453514::en2_A2:S;A3:R;A5:R;A7:R;A9:R;A11:S;A13:S;A16:R;A18:R;A21:S;A25:R;A27:R;A32:R;A34:R;A36:R;A39:R;A43:R;A51:S;A57:S,CHEMBL453514,2
CHEMBL453514::en3_A2:S;A3:R;A5:R;A7:R;A9:S;A11:S;A13:R;A16:S;A18:S;A21:S;A25:S;A27:R;A32:S;A34:R;A36:R;A39:R;A43:S;A51:R;A57:R,CHEMBL453514,3
CHEMBL453514::en4_A2:R;A3:R;A5:R;A7:S;A9:S;A11:R;A13:R;A16:S;A18:R;A21:S;A25:R;A27:R;A32:R;A34:S;A36:S;A39:S;A43:R;A51:R;A57:R,CHEMBL453514,4
CHEMBL4535757::en0_A38:R,CHEMBL4535757,0
CHEMBL4535757::en1_A38:S,CHEMBL4535757,1
CHEMBL454446::en0_A7:R;A34:R,CHEMBL454446,0
CHEMBL454446::en1_A7:S;A34:R,CHEMBL454446,1
CHEMBL454446::en2_A7:R;A34:S,CHEMBL454446,2
CHEMBL454446::en3_A7:S;A34:S,CHEMBL454446,3
CHEMBL454446::en4_A7:R;A34:R,CHEMBL454446,4
CHEMBL4549658::en0_A1:R;A10:R;A11:R;A16:S,CHEMBL4549658,0
CHEMBL4549658::en1_A1:S;A10:R;A11:S;A16:S,CHEMBL4549658,1
CHEMBL4549658::en2_A1:R;A10:R;A11:S;A16:S,CHEMBL4549658,2
CHEMBL455136::en0_A4:S;A24:S,CHEMBL455136,0
CHEMBL455136::en1_A4:R;A24:S,CHEMBL455136,1
CHEMBL455136::en2_A4:S;A24:R,CHEMBL455136,2
CHEMBL455136::en3_A4:R;A24:R,CHEMBL455136,3
CHEMBL455461::en0_A5:R,CHEMBL455461,0
CHEMBL455461::en1_A5:S,CHEMBL455461,1
CHEMBL455706::en0_A1:R;A9:R;A11:R;A14:R;A16:R;A19:S;A22:R,CHEMBL455706,0
CHEMBL455706::en1_A1:S;A9:R;A11:R;A14:R;A16:R;A19:S;A22:R,CHEMBL455706,1
CHEMBL455706::en2_A1:R;A9:S;A11:R;A14:R;A16:R;A19:S;A22:R,CHEMBL455706,2
CHEMBL455706::en3_A1:S;A9:S;A11:R;A14:R;A16:R;A19:S;A22:R,CHEMBL455706,3
CHEMBL455706::en4_A1:R;A9:R;A11:S;A14:R;A16:R;A19:S;A22:R,CHEMBL455706,4
CHEMBL4558527::en0_A32:R,CHEMBL4558527,0
CHEMBL4558527::en1_A32:S,CHEMBL4558527,1
CHEMBL456029::en0_A5:S;A10:R,CHEMBL456029,0
CHEMBL456029::en1_A5:R;A10:R,CHEMBL456029,1
CHEMBL456029::en2_A5:S;A10:S,CHEMBL456029,2
CHEMBL456029::en3_A5:R;A10:S,CHEMBL456029,3
CHEMBL45686::en0_A8:S,CHEMBL45686,0
CHEMBL45686::en1_A8:R,CHEMBL45686,1
CHEMBL457077::en0_A23:R,CHEMBL457077,0
CHEMBL457077::en1_A23:S,CHEMBL457077,1
CHEMBL457077::en2_A23:R,CHEMBL457077,2
CHEMBL457077::en3_A23:S,CHEMBL457077,3
CHEMBL457077::en4_A23:R,CHEMBL457077,4
CHEMBL4571075::en0_A3:R;A18:S,CHEMBL4571075,0
CHEMBL4571075::en1_A3:S;A18:S,CHEMBL4571075,1
CHEMBL4571075::en2_A3:R;A18:R,CHEMBL4571075,2
CHEMBL4571075::en3_A3:S;A18:R,CHEMBL4571075,3
CHEMBL4577523::en0_A22:S,CHEMBL4577523,0
CHEMBL4577523::en1_A22:R,CHEMBL4577523,1
CHEMBL45816::en0_A6:S;A32:S,CHEMBL45816,0
CHEMBL45816::en1_A6:R;A32:S,CHEMBL45816,1
CHEMBL45816::en2_A6:S;A32:R,CHEMBL45816,2
CHEMBL45816::en3_A6:R;A32:R,CHEMBL45816,3
CHEMBL4582651::en0_A2:S;A6:R;A22:S,CHEMBL4582651,0
CHEMBL4582651::en1_A2:R;A6:R;A22:R,CHEMBL4582651,1
CHEMBL4582651::en2_A2:S;A6:S;A22:R,CHEMBL4582651,2
CHEMBL4582651::en3_A2:R;A6:S;A22:S,CHEMBL4582651,3
CHEMBL458336::en0_A1:S;A3:S;A5:R;A7:S;A33:S;A35:S,CHEMBL458336,0
CHEMBL458336::en1_A1:R;A3:S;A5:R;A7:S;A33:S;A35:S,CHEMBL458336,1
CHEMBL458336::en2_A1:S;A3:R;A5:R;A7:S;A33:S;A35:S,CHEMBL458336,2
CHEMBL458336::en3_A1:R;A3:R;A5:R;A7:S;A33:S;A35:S,CHEMBL458336,3
CHEMBL458336::en4_A1:S;A3:S;A5:S;A7:S;A33:S;A35:S,CHEMBL458336,4
CHEMBL4585668::en0_A20:S;A22:S;A24:R,CHEMBL4585668,0
CHEMBL4585668::en1_A20:R;A22:S;A24:R,CHEMBL4585668,1
CHEMBL4585668::en2_A20:S;A22:R;A24:R,CHEMBL4585668,2
CHEMBL4585668::en3_A20:R;A22:R;A24:R,CHEMBL4585668,3
CHEMBL4585668::en4_A20:S;A22:S;A24:S,CHEMBL4585668,4
CHEMBL458875::en0_A4:R;A6:R;A9:S;A11:S,CHEMBL458875,0
CHEMBL458875::en1_A4:S;A6:R;A9:S;A11:S,CHEMBL458875,1
CHEMBL458875::en2_A4:R;A6:S;A9:S;A11:S,CHEMBL458875,2
CHEMBL458875::en3_A4:S;A6:S;A9:S;A11:S,CHEMBL458875,3
CHEMBL458875::en4_A4:R;A6:R;A9:R;A11:S,CHEMBL458875,4
CHEMBL458876::en0_A9:S;A12:S,CHEMBL458876,0
CHEMBL458876::en1_A9:R;A12:S,CHEMBL458876,1
CHEMBL458876::en2_A9:S;A12:R,CHEMBL458876,2
CHEMBL458876::en3_A9:R;A12:R,CHEMBL458876,3
CHEMBL459::en0_A1:S,CHEMBL459,0
CHEMBL459::en1_A1:R,CHEMBL459,1
CHEMBL459048::en0_A4:S;A10:S,CHEMBL459048,0
CHEMBL459048::en1_A4:R;A10:S,CHEMBL459048,1
CHEMBL459048::en2_A4:S;A10:R,CHEMBL459048,2
CHEMBL459048::en3_A4:R;A10:R,CHEMBL459048,3
CHEMBL459324::en0_A11:S;A12:R;A19:S;A20:S;A26:R,CHEMBL459324,0
CHEMBL459324::en1_A11:R;A12:R;A19:S;A20:S;A26:R,CHEMBL459324,1
CHEMBL459324::en2_A11:S;A12:S;A19:S;A20:S;A26:R,CHEMBL459324,2
CHEMBL459324::en3_A11:R;A12:S;A19:S;A20:S;A26:R,CHEMBL459324,3
CHEMBL459324::en4_A11:S;A12:R;A19:R;A20:S;A26:R,CHEMBL459324,4
CHEMBL4594216::en0_A2:R;A4:S;A5:R;A13:S;A14:S;A17:R;A22:S;A24:S;A38:S;A42:R;A59:S;A70:R,CHEMBL4594216,0
CHEMBL4594216::en1_A2:R;A4:S;A5:R;A13:R;A14:R;A17:S;A22:S;A24:S;A38:S;A42:R;A59:R;A70:R,CHEMBL4594216,1
CHEMBL4594216::en2_A2:S;A4:S;A5:R;A13:S;A14:S;A17:R;A22:R;A24:S;A38:S;A42:R;A59:R;A70:S,CHEMBL4594216,2
CHEMBL4594216::en3_A2:R;A4:R;A5:S;A13:S;A14:R;A17:R;A22:R;A24:S;A38:S;A42:R;A59:R;A70:S,CHEMBL4594216,3
CHEMBL4594218::en0_A4:R;A5:R;A9:R;A35:R,CHEMBL4594218,0
CHEMBL4594218::en1_A4:S;A5:R;A9:R;A35:R,CHEMBL4594218,1
CHEMBL4594218::en2_A4:R;A5:S;A9:R;A35:R,CHEMBL4594218,2
CHEMBL4594218::en3_A4:S;A5:S;A9:R;A35:R,CHEMBL4594218,3
CHEMBL4594218::en4_A4:R;A5:R;A9:S;A35:R,CHEMBL4594218,4
CHEMBL4594223::en0_A11:S;A22:S;A30:R;A32:R;A34:R,CHEMBL4594223,0
CHEMBL4594223::en1_A11:R;A22:S;A30:R;A32:R;A34:R,CHEMBL4594223,1
CHEMBL4594223::en2_A11:R;A22:R;A30:R;A32:R;A34:R,CHEMBL4594223,2
CHEMBL4594223::en3_A11:S;A22:S;A30:S;A32:R;A34:R,CHEMBL4594223,3
CHEMBL4594223::en4_A11:R;A22:S;A30:S;A32:R;A34:R,CHEMBL4594223,4
CHEMBL4594226::en0_A14:S;A18:R;A22:R;A27:S,CHEMBL4594226,0
CHEMBL4594226::en1_A14:R;A18:R;A22:R;A27:S,CHEMBL4594226,1
CHEMBL4594226::en2_A14:S;A18:S;A22:R;A27:S,CHEMBL4594226,2
CHEMBL4594226::en3_A14:R;A18:S;A22:R;A27:S,CHEMBL4594226,3
CHEMBL4594226::en4_A14:S;A18:R;A22:S;A27:S,CHEMBL4594226,4
CHEMBL4594229::en0_A2:S;A4:S;A6:R;A7:S;A9:R;A11:S;A13:R;A16:R;A18:S;A20:S;A22:R;A30:R;A32:S;A34:R;A36:R,CHEMBL4594229,0
CHEMBL4594229::en1_A2:R;A4:R;A6:S;A7:S;A9:S;A11:R;A13:R;A16:S;A18:R;A20:R;A22:R;A30:R;A32:R;A34:R;A36:R,CHEMBL4594229,1
CHEMBL4594229::en2_A2:R;A4:S;A6:S;A7:R;A9:S;A11:S;A13:S;A16:S;A18:S;A20:R;A22:S;A30:S;A32:S;A34:R;A36:S,CHEMBL4594229,2
CHEMBL4594229::en3_A2:S;A4:R;A6:S;A7:R;A9:R;A11:R;A13:R;A16:S;A18:S;A20:R;A22:S;A30:S;A32:S;A34:S;A36:R,CHEMBL4594229,3
CHEMBL4594229::en4_A2:S;A4:S;A6:R;A7:S;A9:S;A11:R;A13:S;A16:S;A18:R;A20:R;A22:R;A30:R;A32:S;A34:S;A36:S,CHEMBL4594229,4
CHEMBL4594246::en0_A15:R;A18:S;A22:R;A23:R;A24:S,CHEMBL4594246,0
CHEMBL4594246::en1_A15:S;A18:S;A22:R;A23:R;A24:S,CHEMBL4594246,1
CHEMBL4594246::en2_A15:R;A18:R;A22:R;A23:R;A24:S,CHEMBL4594246,2
CHEMBL4594246::en3_A15:S;A18:R;A22:R;A23:R;A24:S,CHEMBL4594246,3
CHEMBL4594246::en4_A15:R;A18:S;A22:S;A23:R;A24:S,CHEMBL4594246,4
CHEMBL4594250::en0_A13:R,CHEMBL4594250,0
CHEMBL4594250::en1_A13:S,CHEMBL4594250,1
CHEMBL4594254::en0_A2:S,CHEMBL4594254,0
CHEMBL4594254::en1_A2:R,CHEMBL4594254,1
CHEMBL4594254::en2_A2:S,CHEMBL4594254,2
CHEMBL4594254::en3_A2:R,CHEMBL4594254,3
CHEMBL4594257::en0_A5:S;A8:S;A12:R;A16:R,CHEMBL4594257,0
CHEMBL4594257::en1_A5:R;A8:S;A12:R;A16:R,CHEMBL4594257,1
CHEMBL4594257::en2_A5:S;A8:R;A12:R;A16:R,CHEMBL4594257,2
CHEMBL4594257::en3_A5:R;A8:R;A12:R;A16:R,CHEMBL4594257,3
CHEMBL4594257::en4_A5:S;A8:S;A12:S;A16:R,CHEMBL4594257,4
CHEMBL4594258::en0_A4:R,CHEMBL4594258,0
CHEMBL4594258::en1_A4:S,CHEMBL4594258,1
CHEMBL4594266::en0_A2:R;A28:R;A42:S,CHEMBL4594266,0
CHEMBL4594266::en1_A2:S;A28:R;A42:S,CHEMBL4594266,1
CHEMBL4594266::en2_A2:R;A28:S;A42:S,CHEMBL4594266,2
CHEMBL4594266::en3_A2:S;A28:S;A42:S,CHEMBL4594266,3
CHEMBL4594266::en4_A2:R;A28:R;A42:R,CHEMBL4594266,4
CHEMBL4594274::en0_A12:R,CHEMBL4594274,0
CHEMBL4594274::en1_A12:S,CHEMBL4594274,1
CHEMBL4594280::en0_A5:S;A10:R;A18:S;A33:S;A36:R,CHEMBL4594280,0
CHEMBL4594280::en1_A5:R;A10:R;A18:S;A33:S;A36:R,CHEMBL4594280,1
CHEMBL4594280::en2_A5:S;A10:S;A18:S;A33:S;A36:R,CHEMBL4594280,2
CHEMBL4594280::en3_A5:R;A10:S;A18:S;A33:S;A36:R,CHEMBL4594280,3
CHEMBL4594280::en4_A5:S;A10:R;A18:R;A33:S;A36:S,CHEMBL4594280,4
CHEMBL4594290::en0_A4:R;A7:S;A12:S,CHEMBL4594290,0
CHEMBL4594290::en1_A4:S;A7:R;A12:S,CHEMBL4594290,1
CHEMBL4594290::en2_A4:S;A7:S;A12:R,CHEMBL4594290,2
CHEMBL4594290::en3_A4:R;A7:R;A12:R,CHEMBL4594290,3
CHEMBL4594304::en0_A7:S,CHEMBL4594304,0
CHEMBL4594304::en1_A7:R,CHEMBL4594304,1
CHEMBL4594348::en0_A8:R,CHEMBL4594348,0
CHEMBL4594348::en1_A8:S,CHEMBL4594348,1
CHEMBL4594351::en0_A22:R;A27:S,CHEMBL4594351,0
CHEMBL4594351::en1_A22:S;A27:S,CHEMBL4594351,1
CHEMBL4594351::en2_A22:R;A27:R,CHEMBL4594351,2
CHEMBL4594351::en3_A22:S;A27:R,CHEMBL4594351,3
CHEMBL4594352::en0_A2:R;A6:S,CHEMBL4594352,0
CHEMBL4594352::en1_A2:S;A6:S,CHEMBL4594352,1
CHEMBL4594352::en2_A2:R;A6:R,CHEMBL4594352,2
CHEMBL4594352::en3_A2:S;A6:R,CHEMBL4594352,3
CHEMBL4594368::en0_A11:S;A13:S;A15:S;A18:S;A22:R,CHEMBL4594368,0
CHEMBL4594368::en1_A11:R;A13:S;A15:S;A18:S;A22:R,CHEMBL4594368,1
CHEMBL4594368::en2_A11:S;A13:R;A15:S;A18:S;A22:R,CHEMBL4594368,2
CHEMBL4594368::en3_A11:R;A13:R;A15:S;A18:S;A22:R,CHEMBL4594368,3
CHEMBL4594368::en4_A11:S;A13:S;A15:R;A18:S;A22:R,CHEMBL4594368,4
CHEMBL4594369::en0_A7:S;A9:R;A16:S;A18:R,CHEMBL4594369,0
CHEMBL4594369::en1_A7:R;A9:R;A16:S;A18:R,CHEMBL4594369,1
CHEMBL4594369::en2_A7:S;A9:S;A16:S;A18:R,CHEMBL4594369,2
CHEMBL4594369::en3_A7:R;A9:S;A16:S;A18:R,CHEMBL4594369,3
CHEMBL4594369::en4_A7:S;A9:R;A16:R;A18:R,CHEMBL4594369,4
CHEMBL4594370::en0_A6:S;A8:S;A10:S;A13:S;A17:R,CHEMBL4594370,0
CHEMBL4594370::en1_A6:R;A8:S;A10:S;A13:S;A17:R,CHEMBL4594370,1
CHEMBL4594370::en2_A6:S;A8:R;A10:S;A13:S;A17:R,CHEMBL4594370,2
CHEMBL4594370::en3_A6:R;A8:R;A10:S;A13:S;A17:R,CHEMBL4594370,3
CHEMBL4594370::en4_A6:S;A8:S;A10:R;A13:S;A17:R,CHEMBL4594370,4
CHEMBL4594372::en0_A6:R;A11:S;A15:S,CHEMBL4594372,0
CHEMBL4594372::en1_A6:S;A11:S;A15:S,CHEMBL4594372,1
CHEMBL4594372::en2_A6:R;A11:R;A15:S,CHEMBL4594372,2
CHEMBL4594372::en3_A6:S;A11:R;A15:S,CHEMBL4594372,3
CHEMBL4594372::en4_A6:R;A11:S;A15:R,CHEMBL4594372,4
CHEMBL4594373::en0_A4:R;A6:R;A9:S;A13:R;A21:S;A23:S,CHEMBL4594373,0
CHEMBL4594373::en1_A4:S;A6:R;A9:S;A13:R;A21:S;A23:S,CHEMBL4594373,1
CHEMBL4594373::en2_A4:R;A6:S;A9:S;A13:R;A21:S;A23:S,CHEMBL4594373,2
CHEMBL4594373::en3_A4:S;A6:S;A9:S;A13:R;A21:S;A23:S,CHEMBL4594373,3
CHEMBL4594373::en4_A4:R;A6:R;A9:R;A13:R;A21:S;A23:S,CHEMBL4594373,4
CHEMBL4594374::en0_A1:R;A10:S;A11:S;A12:R;A15:R;A17:R;A19:S;A21:S;A29:S,CHEMBL4594374,0
CHEMBL4594374::en1_A1:S;A10:S;A11:S;A12:R;A15:R;A17:R;A19:S;A21:S;A29:S,CHEMBL4594374,1
CHEMBL4594374::en2_A1:R;A10:R;A11:S;A12:R;A15:R;A17:R;A19:S;A21:S;A29:S,CHEMBL4594374,2
CHEMBL4594374::en3_A1:S;A10:R;A11:S;A12:R;A15:R;A17:R;A19:S;A21:S;A29:S,CHEMBL4594374,3
CHEMBL4594374::en4_A1:R;A10:S;A11:R;A12:R;A15:R;A17:R;A19:S;A21:S;A29:S,CHEMBL4594374,4
CHEMBL4594375::en0_A10:R;A15:S;A19:R,CHEMBL4594375,0
CHEMBL4594375::en1_A10:S;A15:S;A19:R,CHEMBL4594375,1
CHEMBL4594375::en2_A10:R;A15:R;A19:R,CHEMBL4594375,2
CHEMBL4594375::en3_A10:S;A15:R;A19:R,CHEMBL4594375,3
CHEMBL4594375::en4_A10:R;A15:S;A19:S,CHEMBL4594375,4
CHEMBL4594376::en0_A13:R,CHEMBL4594376,0
CHEMBL4594376::en1_A13:S,CHEMBL4594376,1
CHEMBL4594379::en0_A1:R,CHEMBL4594379,0
CHEMBL4594379::en1_A1:S,CHEMBL4594379,1
CHEMBL4594384::en0_A13:R,CHEMBL4594384,0
CHEMBL4594384::en1_A13:S,CHEMBL4594384,1
CHEMBL4594396::en0_A11:R;A13:R;A16:R;A18:S,CHEMBL4594396,0
CHEMBL4594396::en1_A11:S;A13:R;A16:R;A18:S,CHEMBL4594396,1
CHEMBL4594396::en2_A11:R;A13:S;A16:R;A18:S,CHEMBL4594396,2
CHEMBL4594396::en3_A11:S;A13:S;A16:R;A18:S,CHEMBL4594396,3
CHEMBL4594396::en4_A11:R;A13:R;A16:S;A18:S,CHEMBL4594396,4
CHEMBL4594404::en0_A2:S;A6:S;A28:S;A70:S;A72:S;A74:R;A76:R;A78:R;A80:R;A85:S,CHEMBL4594404,0
CHEMBL4594404::en1_A2:R;A6:R;A28:R;A70:R;A72:R;A74:R;A76:R;A78:R;A80:S;A85:S,CHEMBL4594404,1
CHEMBL4594404::en2_A2:R;A6:S;A28:R;A70:R;A72:S;A74:S;A76:R;A78:S;A80:S;A85:S,CHEMBL4594404,2
CHEMBL4594404::en3_A2:S;A6:S;A28:R;A70:S;A72:R;A74:S;A76:S;A78:S;A80:S;A85:R,CHEMBL4594404,3
CHEMBL4594404::en4_A2:S;A6:S;A28:S;A70:R;A72:R;A74:S;A76:S;A78:R;A80:R;A85:S,CHEMBL4594404,4
CHEMBL4594408::en0_A10:S;A12:R;A14:S;A25:S;A30:R,CHEMBL4594408,0
CHEMBL4594408::en1_A10:R;A12:R;A14:S;A25:S;A30:R,CHEMBL4594408,1
CHEMBL4594408::en2_A10:S;A12:R;A14:R;A25:S;A30:R,CHEMBL4594408,2
CHEMBL4594413::en0_A1:S;A6:R,CHEMBL4594413,0
CHEMBL4594413::en1_A1:R;A6:R,CHEMBL4594413,1
CHEMBL4594413::en2_A1:S;A6:S,CHEMBL4594413,2
CHEMBL4594413::en3_A1:R;A6:S,CHEMBL4594413,3
CHEMBL4594425::en0_A5:S,CHEMBL4594425,0
CHEMBL4594425::en1_A5:R,CHEMBL4594425,1
CHEMBL4594426::en0_A21:R,CHEMBL4594426,0
CHEMBL4594426::en1_A21:S,CHEMBL4594426,1
CHEMBL4594431::en0_A15:S;A18:R;A29:S,CHEMBL4594431,0
CHEMBL4594431::en1_A15:S;A18:R;A29:R,CHEMBL4594431,1
CHEMBL4594439::en0_A3:R;A5:R;A7:S;A18:R,CHEMBL4594439,0
CHEMBL4594439::en1_A3:S;A5:R;A7:S;A18:R,CHEMBL4594439,1
CHEMBL4594439::en2_A3:R;A5:S;A7:R;A18:R,CHEMBL4594439,2
CHEMBL4594440::en0_A9:S,CHEMBL4594440,0
CHEMBL4594440::en1_A9:R,CHEMBL4594440,1
CHEMBL4594444::en0_A1:S;A19:S,CHEMBL4594444,0
CHEMBL4594444::en1_A1:R;A19:S,CHEMBL4594444,1
CHEMBL4594444::en2_A1:S;A19:R,CHEMBL4594444,2
CHEMBL4594444::en3_A1:R;A19:R,CHEMBL4594444,3
CHEMBL4594449::en0_A11:R;A17:R;A31:R,CHEMBL4594449,0
CHEMBL4594449::en1_A11:S;A17:R;A31:R,CHEMBL4594449,1
CHEMBL4594449::en2_A11:R;A17:S;A31:R,CHEMBL4594449,2
CHEMBL4594449::en3_A11:S;A17:S;A31:R,CHEMBL4594449,3
CHEMBL4594449::en4_A11:R;A17:R;A31:S,CHEMBL4594449,4
CHEMBL4594620::en0_A5:S;A10:R;A14:S,CHEMBL4594620,0
CHEMBL4594620::en1_A5:R;A10:R;A14:S,CHEMBL4594620,1
CHEMBL4594620::en2_A5:S;A10:S;A14:S,CHEMBL4594620,2
CHEMBL4594620::en3_A5:R;A10:S;A14:S,CHEMBL4594620,3
CHEMBL4594620::en4_A5:S;A10:R;A14:R,CHEMBL4594620,4
CHEMBL4594729::en0_A8:S;A14:R;A16:R,CHEMBL4594729,0
CHEMBL4594729::en1_A8:R;A14:R;A16:R,CHEMBL4594729,1
CHEMBL4594729::en2_A8:S;A14:S;A16:R,CHEMBL4594729,2
CHEMBL4594729::en3_A8:R;A14:S;A16:R,CHEMBL4594729,3
CHEMBL4594729::en4_A8:S;A14:R;A16:S,CHEMBL4594729,4
CHEMBL4596970::en0_A12:S;A19:S,CHEMBL4596970,0
CHEMBL4596970::en1_A12:R;A19:S,CHEMBL4596970,1
CHEMBL4596970::en2_A12:S;A19:R,CHEMBL4596970,2
CHEMBL4596970::en3_A12:R;A19:R,CHEMBL4596970,3
CHEMBL4597193::en0_A19:S;A21:S;A24:R,CHEMBL4597193,0
CHEMBL4597193::en1_A19:R;A21:S;A24:S,CHEMBL4597193,1
CHEMBL4597193::en2_A19:S;A21:R;A24:S,CHEMBL4597193,2
CHEMBL4597193::en3_A19:R;A21:R;A24:R,CHEMBL4597193,3
CHEMBL460289::en0_A6:R;A7:R;A26:R;A28:S,CHEMBL460289,0
CHEMBL460289::en1_A6:S;A7:R;A26:R;A28:S,CHEMBL460289,1
CHEMBL460289::en2_A6:R;A7:S;A26:R;A28:S,CHEMBL460289,2
CHEMBL460289::en3_A6:S;A7:S;A26:R;A28:S,CHEMBL460289,3
CHEMBL460289::en4_A6:R;A7:R;A26:S;A28:S,CHEMBL460289,4
CHEMBL462018::en0_A8:R;A10:R;A17:R;A19:S,CHEMBL462018,0
CHEMBL462018::en1_A8:S;A10:R;A17:R;A19:S,CHEMBL462018,1
CHEMBL462018::en2_A8:R;A10:S;A17:R;A19:S,CHEMBL462018,2
CHEMBL462018::en3_A8:S;A10:S;A17:R;A19:S,CHEMBL462018,3
CHEMBL462018::en4_A8:R;A10:R;A17:S;A19:S,CHEMBL462018,4
CHEMBL4633566::en0_A6:S;A11:S,CHEMBL4633566,0
CHEMBL4633566::en1_A6:R;A11:S,CHEMBL4633566,1
CHEMBL4633566::en2_A6:S;A11:R,CHEMBL4633566,2
CHEMBL4633566::en3_A6:R;A11:R,CHEMBL4633566,3
CHEMBL4633785::en0_A13:S;A15:R,CHEMBL4633785,0
CHEMBL4633785::en1_A13:R;A15:S,CHEMBL4633785,1
CHEMBL4634542::en0_A1:R;A3:R;A9:S;A15:S;A44:S,CHEMBL4634542,0
CHEMBL4634542::en1_A1:S;A3:R;A9:S;A15:S;A44:S,CHEMBL4634542,1
CHEMBL4634542::en2_A1:R;A3:S;A9:S;A15:S;A44:S,CHEMBL4634542,2
CHEMBL4634542::en3_A1:S;A3:S;A9:S;A15:S;A44:S,CHEMBL4634542,3
CHEMBL4634542::en4_A1:R;A3:R;A9:R;A15:S;A44:S,CHEMBL4634542,4
CHEMBL4635331::en0_A5:S;A28:R,CHEMBL4635331,0
CHEMBL4635331::en1_A5:R;A28:R,CHEMBL4635331,1
CHEMBL4635331::en2_A5:S;A28:S,CHEMBL4635331,2
CHEMBL4635331::en3_A5:R;A28:S,CHEMBL4635331,3
CHEMBL463763::en0_A3:R;A5:R;A6:S;A8:S;A9:S;A11:R;A13:R;A18:R;A24:R,CHEMBL463763,0
CHEMBL463981::en0_A4:S,CHEMBL463981,0
CHEMBL463981::en1_A4:R,CHEMBL463981,1
CHEMBL4646510::en0_A11:R;A13:S;A15:S;A25:S,CHEMBL4646510,0
CHEMBL4646510::en1_A11:S;A13:S;A15:S;A25:S,CHEMBL4646510,1
CHEMBL4646510::en2_A11:R;A13:R;A15:S;A25:S,CHEMBL4646510,2
CHEMBL4646510::en3_A11:S;A13:R;A15:S;A25:S,CHEMBL4646510,3
CHEMBL4646510::en4_A11:R;A13:S;A15:R;A25:S,CHEMBL4646510,4
CHEMBL4647810::en0_A1:R,CHEMBL4647810,0
CHEMBL4647810::en1_A1:S,CHEMBL4647810,1
CHEMBL4648616::en0_A25:R,CHEMBL4648616,0
CHEMBL4648616::en1_A25:S,CHEMBL4648616,1
CHEMBL4649457::en0_A10:S;A16:R;A19:R,CHEMBL4649457,0
CHEMBL4649457::en1_A10:R;A16:R;A19:R,CHEMBL4649457,1
CHEMBL4649457::en2_A10:S;A16:S;A19:R,CHEMBL4649457,2
CHEMBL4649457::en3_A10:R;A16:S;A19:R,CHEMBL4649457,3
CHEMBL4649457::en4_A10:S;A16:R;A19:S,CHEMBL4649457,4
CHEMBL4650215::en0_A1:S;A20:R,CHEMBL4650215,0
CHEMBL4650215::en1_A1:R;A20:R,CHEMBL4650215,1
CHEMBL4650215::en2_A1:S;A20:S,CHEMBL4650215,2
CHEMBL4650215::en3_A1:R;A20:S,CHEMBL4650215,3
CHEMBL4650225::en0_A2:R;A12:R;A17:S;A19:S;A35:R;A38:S;A40:R,CHEMBL4650225,0
CHEMBL4650225::en1_A2:S;A12:R;A17:S;A19:S;A35:R;A38:S;A40:R,CHEMBL4650225,1
CHEMBL4650225::en2_A2:R;A12:S;A17:S;A19:S;A35:R;A38:S;A40:R,CHEMBL4650225,2
CHEMBL4650225::en3_A2:S;A12:S;A17:S;A19:S;A35:R;A38:S;A40:R,CHEMBL4650225,3
CHEMBL4650225::en4_A2:R;A12:R;A17:R;A19:S;A35:R;A38:S;A40:R,CHEMBL4650225,4
CHEMBL4650232::en0_A28:R;A30:S;A32:R;A35:R;A42:R,CHEMBL4650232,0
CHEMBL4650232::en1_A28:S;A30:S;A32:R;A35:R;A42:R,CHEMBL4650232,1
CHEMBL4650232::en2_A28:R;A30:R;A32:R;A35:R;A42:R,CHEMBL4650232,2
CHEMBL4650232::en3_A28:S;A30:R;A32:R;A35:R;A42:R,CHEMBL4650232,3
CHEMBL4650232::en4_A28:R;A30:S;A32:S;A35:R;A42:R,CHEMBL4650232,4
CHEMBL4650276::en0_A27:R,CHEMBL4650276,0
CHEMBL4650276::en1_A27:S,CHEMBL4650276,1
CHEMBL4650280::en0_A21:S,CHEMBL4650280,0
CHEMBL4650280::en1_A21:R,CHEMBL4650280,1
CHEMBL4650281::en0_A5:R,CHEMBL4650281,0
CHEMBL4650281::en1_A5:S,CHEMBL4650281,1
CHEMBL4650304::en0_A1:S,CHEMBL4650304,0
CHEMBL4650304::en1_A1:R,CHEMBL4650304,1
CHEMBL4650313::en0_A19:R,CHEMBL4650313,0
CHEMBL4650313::en1_A19:S,CHEMBL4650313,1
CHEMBL4650316::en0_A1:R;A12:S,CHEMBL4650316,0
CHEMBL4650316::en1_A1:S;A12:S,CHEMBL4650316,1
CHEMBL4650316::en2_A1:R;A12:R,CHEMBL4650316,2
CHEMBL4650316::en3_A1:S;A12:R,CHEMBL4650316,3
CHEMBL4650318::en0_A9:S,CHEMBL4650318,0
CHEMBL4650318::en1_A9:R,CHEMBL4650318,1
CHEMBL4650320::en0_A7:S;A9:S;A19:R;A21:S,CHEMBL4650320,0
CHEMBL4650320::en1_A7:R;A9:S;A19:R;A21:S,CHEMBL4650320,1
CHEMBL4650320::en2_A7:S;A9:R;A19:R;A21:S,CHEMBL4650320,2
CHEMBL4650320::en3_A7:R;A9:R;A19:R;A21:S,CHEMBL4650320,3
CHEMBL4650320::en4_A7:S;A9:S;A19:S;A21:S,CHEMBL4650320,4
CHEMBL4650322::en0_A1:R;A2:S;A9:R,CHEMBL4650322,0
CHEMBL4650322::en1_A1:S;A2:S;A9:R,CHEMBL4650322,1
CHEMBL4650322::en2_A1:R;A2:R;A9:R,CHEMBL4650322,2
CHEMBL4650322::en3_A1:S;A2:R;A9:R,CHEMBL4650322,3
CHEMBL4650322::en4_A1:R;A2:S;A9:S,CHEMBL4650322,4
CHEMBL4650323::en0_A8:S,CHEMBL4650323,0
CHEMBL4650323::en1_A8:R,CHEMBL4650323,1
CHEMBL4650325::en0_A10:S;A23:S;A26:S,CHEMBL4650325,0
CHEMBL4650325::en1_A10:R;A23:S;A26:S,CHEMBL4650325,1
CHEMBL4650331::en0_A1:S,CHEMBL4650331,0
CHEMBL4650331::en1_A1:R,CHEMBL4650331,1
CHEMBL4650332::en0_A2:S,CHEMBL4650332,0
CHEMBL4650332::en1_A2:R,CHEMBL4650332,1
CHEMBL4650333::en0_A12:R,CHEMBL4650333,0
CHEMBL4650333::en1_A12:S,CHEMBL4650333,1
CHEMBL4650334::en0_A1:R;A8:R,CHEMBL4650334,0
CHEMBL4650334::en1_A1:S;A8:R,CHEMBL4650334,1
CHEMBL4650334::en2_A1:R;A8:S,CHEMBL4650334,2
CHEMBL4650334::en3_A1:S;A8:S,CHEMBL4650334,3
CHEMBL4650336::en0_A6:R,CHEMBL4650336,0
CHEMBL4650336::en1_A6:S,CHEMBL4650336,1
CHEMBL4650341::en0_A8:S;A14:R;A17:S;A20:S,CHEMBL4650341,0
CHEMBL4650341::en1_A8:R;A14:R;A17:S;A20:S,CHEMBL4650341,1
CHEMBL4650341::en2_A8:S;A14:S;A17:S;A20:R,CHEMBL4650341,2
CHEMBL4650341::en3_A8:R;A14:S;A17:S;A20:R,CHEMBL4650341,3
CHEMBL4650341::en4_A8:S;A14:R;A17:R;A20:R,CHEMBL4650341,4
CHEMBL4650343::en0_A15:R;A17:S;A20:R,CHEMBL4650343,0
CHEMBL4650343::en1_A15:S;A17:S;A20:R,CHEMBL4650343,1
CHEMBL4650349::en0_A16:R,CHEMBL4650349,0
CHEMBL4650349::en1_A16:S,CHEMBL4650349,1
CHEMBL4650352::en0_A14:S,CHEMBL4650352,0
CHEMBL4650352::en1_A14:R,CHEMBL4650352,1
CHEMBL4650359::en0_A5:R;A10:R;A20:R,CHEMBL4650359,0
CHEMBL4650359::en1_A5:S;A10:R;A20:R,CHEMBL4650359,1
CHEMBL4650359::en2_A5:R;A10:S;A20:R,CHEMBL4650359,2
CHEMBL4650359::en3_A5:S;A10:S;A20:R,CHEMBL4650359,3
CHEMBL4650359::en4_A5:R;A10:R;A20:S,CHEMBL4650359,4
CHEMBL4650362::en0_A31:R;A34:S,CHEMBL4650362,0
CHEMBL4650362::en1_A31:S;A34:S,CHEMBL4650362,1
CHEMBL4650362::en2_A31:R;A34:R,CHEMBL4650362,2
CHEMBL4650362::en3_A31:S;A34:R,CHEMBL4650362,3
CHEMBL4650365::en0_A1:R;A12:R,CHEMBL4650365,0
CHEMBL4650365::en1_A1:S;A12:R,CHEMBL4650365,1
CHEMBL4650365::en2_A1:R;A12:S,CHEMBL4650365,2
CHEMBL4650365::en3_A1:S;A12:S,CHEMBL4650365,3
CHEMBL4650368::en0_A21:R,CHEMBL4650368,0
CHEMBL4650368::en1_A21:S,CHEMBL4650368,1
CHEMBL4650521::en0_A1:S;A26:S,CHEMBL4650521,0
CHEMBL4650521::en1_A1:R;A26:S,CHEMBL4650521,1
CHEMBL4650521::en2_A1:S;A26:R,CHEMBL4650521,2
CHEMBL4650521::en3_A1:R;A26:R,CHEMBL4650521,3
CHEMBL4650718::en0_A1:S;A12:S,CHEMBL4650718,0
CHEMBL4650718::en1_A1:R;A12:S,CHEMBL4650718,1
CHEMBL4650718::en2_A1:S;A12:R,CHEMBL4650718,2
CHEMBL4650718::en3_A1:R;A12:R,CHEMBL4650718,3
CHEMBL4650827::en0_A26:S;A29:S,CHEMBL4650827,0
CHEMBL4650827::en1_A26:R;A29:R,CHEMBL4650827,1
CHEMBL465123::en0_A3:S,CHEMBL465123,0
CHEMBL465123::en1_A3:R,CHEMBL465123,1
CHEMBL46618::en0_A4:R;A15:S,CHEMBL46618,0
CHEMBL46618::en1_A4:S;A15:S,CHEMBL46618,1
CHEMBL46618::en2_A4:R;A15:R,CHEMBL46618,2
CHEMBL46618::en3_A4:S;A15:R,CHEMBL46618,3
CHEMBL466246::en0_A2:S;A3:R;A10:S;A15:S;A20:R,CHEMBL466246,0
CHEMBL466246::en1_A2:R;A3:R;A10:S;A15:S;A20:R,CHEMBL466246,1
CHEMBL466246::en2_A2:S;A3:S;A10:S;A15:S;A20:R,CHEMBL466246,2
CHEMBL466246::en3_A2:R;A3:S;A10:S;A15:S;A20:R,CHEMBL466246,3
CHEMBL466246::en4_A2:S;A3:R;A10:R;A15:S;A20:R,CHEMBL466246,4
CHEMBL467058::en0_A11:S;A13:S;A16:R;A23:S;A28:S,CHEMBL467058,0
CHEMBL467058::en1_A11:R;A13:S;A16:R;A23:S;A28:S,CHEMBL467058,1
CHEMBL467058::en2_A11:S;A13:R;A16:R;A23:S;A28:S,CHEMBL467058,2
CHEMBL467058::en3_A11:R;A13:R;A16:R;A23:S;A28:S,CHEMBL467058,3
CHEMBL467058::en4_A11:S;A13:S;A16:S;A23:S;A28:S,CHEMBL467058,4
CHEMBL467084::en0_A1:R,CHEMBL467084,0
CHEMBL467084::en1_A1:S,CHEMBL467084,1
CHEMBL467888::en0_A1:R;A4:R;A5:S,CHEMBL467888,0
CHEMBL467888::en1_A1:S;A4:R;A5:S,CHEMBL467888,1
CHEMBL467888::en2_A1:R;A4:S;A5:S,CHEMBL467888,2
CHEMBL467888::en3_A1:S;A4:S;A5:S,CHEMBL467888,3
CHEMBL467888::en4_A1:R;A4:R;A5:R,CHEMBL467888,4
CHEMBL468154::en0_A1:S;A2:S;A4:S;A6:S;A8:S;A10:S,CHEMBL468154,0
CHEMBL468154::en1_A1:R;A2:S;A4:S;A6:S;A8:R;A10:R,CHEMBL468154,1
CHEMBL468154::en2_A1:S;A2:R;A4:S;A6:S;A8:R;A10:R,CHEMBL468154,2
CHEMBL468154::en3_A1:S;A2:R;A4:R;A6:S;A8:S;A10:R,CHEMBL468154,3
CHEMBL468154::en4_A1:S;A2:S;A4:R;A6:R;A8:S;A10:S,CHEMBL468154,4
CHEMBL469448::en0_A2:S;A4:S;A6:R;A8:R;A10:S,CHEMBL469448,0
CHEMBL469448::en1_A2:R;A4:S;A6:R;A8:R;A10:S,CHEMBL469448,1
CHEMBL469448::en2_A2:S;A4:R;A6:R;A8:R;A10:S,CHEMBL469448,2
CHEMBL469448::en3_A2:R;A4:R;A6:R;A8:R;A10:S,CHEMBL469448,3
CHEMBL469448::en4_A2:S;A4:S;A6:S;A8:R;A10:S,CHEMBL469448,4
CHEMBL469449::en0_A1:S;A3:S;A5:R;A7:R;A9:S,CHEMBL469449,0
CHEMBL469449::en1_A1:R;A3:S;A5:R;A7:R;A9:S,CHEMBL469449,1
CHEMBL469449::en2_A1:S;A3:R;A5:R;A7:R;A9:S,CHEMBL469449,2
CHEMBL469449::en3_A1:R;A3:R;A5:R;A7:R;A9:S,CHEMBL469449,3
CHEMBL469449::en4_A1:S;A3:S;A5:S;A7:R;A9:S,CHEMBL469449,4
CHEMBL469912::en0_A7:S;A12:R;A13:S;A15:R;A29:S,CHEMBL469912,0
CHEMBL469912::en1_A7:R;A12:R;A13:S;A15:R;A29:S,CHEMBL469912,1
CHEMBL469912::en2_A7:S;A12:S;A13:S;A15:R;A29:S,CHEMBL469912,2
CHEMBL469912::en3_A7:R;A12:S;A13:S;A15:R;A29:S,CHEMBL469912,3
CHEMBL469912::en4_A7:S;A12:R;A13:R;A15:R;A29:S,CHEMBL469912,4
CHEMBL470670::en0_A3:S;A6:S;A9:S,CHEMBL470670,0
CHEMBL470670::en1_A3:R;A6:S;A9:S,CHEMBL470670,1
CHEMBL470670::en2_A3:S;A6:R;A9:S,CHEMBL470670,2
CHEMBL470670::en3_A3:R;A6:R;A9:S,CHEMBL470670,3
CHEMBL470670::en4_A3:S;A6:S;A9:R,CHEMBL470670,4
CHEMBL471498::en0_A3:S;A9:R;A14:S,CHEMBL471498,0
CHEMBL471498::en1_A3:R;A9:R;A14:S,CHEMBL471498,1
CHEMBL471498::en2_A3:S;A9:S;A14:S,CHEMBL471498,2
CHEMBL471498::en3_A3:R;A9:S;A14:S,CHEMBL471498,3
CHEMBL471498::en4_A3:S;A9:R;A14:R,CHEMBL471498,4
CHEMBL471737::en0_A20:R,CHEMBL471737,0
CHEMBL471737::en1_A20:S,CHEMBL471737,1
CHEMBL471897::en0_A6:S;A11:R,CHEMBL471897,0
CHEMBL471897::en1_A6:R;A11:R,CHEMBL471897,1
CHEMBL471897::en2_A6:S;A11:S,CHEMBL471897,2
CHEMBL471897::en3_A6:R;A11:S,CHEMBL471897,3
CHEMBL472561::en0_A8:R;A10:R;A13:S;A15:S,CHEMBL472561,0
CHEMBL472561::en1_A8:S;A10:R;A13:S;A15:S,CHEMBL472561,1
CHEMBL472561::en2_A8:R;A10:S;A13:S;A15:S,CHEMBL472561,2
CHEMBL472561::en3_A8:S;A10:S;A13:S;A15:S,CHEMBL472561,3
CHEMBL472561::en4_A8:R;A10:R;A13:R;A15:S,CHEMBL472561,4
CHEMBL472562::en0_A1:S,CHEMBL472562,0
CHEMBL472562::en1_A1:R,CHEMBL472562,1
CHEMBL473882::en0_A2:S;A4:S;A8:R;A16:R;A19:S,CHEMBL473882,0
CHEMBL473882::en1_A2:R;A4:S;A8:R;A16:R;A19:S,CHEMBL473882,1
CHEMBL473882::en2_A2:S;A4:R;A8:R;A16:R;A19:S,CHEMBL473882,2
CHEMBL473882::en3_A2:R;A4:R;A8:R;A16:R;A19:S,CHEMBL473882,3
CHEMBL473882::en4_A2:S;A4:S;A8:S;A16:R;A19:S,CHEMBL473882,4
CHEMBL4741924::en0_A8:R,CHEMBL4741924,0
CHEMBL4741924::en1_A8:S,CHEMBL4741924,1
CHEMBL474260::en0_A3:S;A14:R;A16:S;A18:S;A20:S;A22:S,CHEMBL474260,0
CHEMBL474260::en1_A3:R;A14:R;A16:S;A18:S;A20:S;A22:S,CHEMBL474260,1
CHEMBL474260::en2_A3:S;A14:S;A16:S;A18:S;A20:S;A22:S,CHEMBL474260,2
CHEMBL474260::en3_A3:R;A14:S;A16:S;A18:S;A20:S;A22:S,CHEMBL474260,3
CHEMBL474260::en4_A3:S;A14:R;A16:R;A18:S;A20:S;A22:S,CHEMBL474260,4
CHEMBL4744254::en0_A1:S,CHEMBL4744254,0
CHEMBL4744254::en1_A1:R,CHEMBL4744254,1
CHEMBL4753043::en0_A2:R,CHEMBL4753043,0
CHEMBL4753043::en1_A2:S,CHEMBL4753043,1
CHEMBL4756129::en0_A6:S;A8:S;A20:S;A23:S;A27:R,CHEMBL4756129,0
CHEMBL4756129::en1_A6:R;A8:S;A20:S;A23:S;A27:R,CHEMBL4756129,1
CHEMBL4756129::en2_A6:S;A8:R;A20:S;A23:S;A27:R,CHEMBL4756129,2
CHEMBL4756129::en3_A6:R;A8:R;A20:S;A23:S;A27:R,CHEMBL4756129,3
CHEMBL4756129::en4_A6:S;A8:S;A20:R;A23:S;A27:R,CHEMBL4756129,4
CHEMBL4756476::en0_A25:R;A28:R,CHEMBL4756476,0
CHEMBL4756476::en1_A25:S;A28:R,CHEMBL4756476,1
CHEMBL4756476::en2_A25:R;A28:S,CHEMBL4756476,2
CHEMBL4756476::en3_A25:S;A28:S,CHEMBL4756476,3
CHEMBL475717::en0_A4:R;A6:R;A9:S;A11:S,CHEMBL475717,0
CHEMBL475717::en1_A4:S;A6:R;A9:S;A11:S,CHEMBL475717,1
CHEMBL475717::en2_A4:R;A6:S;A9:S;A11:S,CHEMBL475717,2
CHEMBL475717::en3_A4:S;A6:S;A9:S;A11:S,CHEMBL475717,3
CHEMBL475717::en4_A4:R;A6:R;A9:R;A11:S,CHEMBL475717,4
CHEMBL475786::en0_A1:S;A3:S;A6:R;A22:R,CHEMBL475786,0
CHEMBL475786::en1_A1:R;A3:S;A6:S;A22:R,CHEMBL475786,1
CHEMBL475786::en2_A1:S;A3:R;A6:S;A22:R,CHEMBL475786,2
CHEMBL475786::en3_A1:R;A3:R;A6:R;A22:R,CHEMBL475786,3
CHEMBL475786::en4_A1:S;A3:S;A6:R;A22:S,CHEMBL475786,4
CHEMBL4760665::en0_A22:R,CHEMBL4760665,0
CHEMBL4760665::en1_A22:S,CHEMBL4760665,1
CHEMBL476186::en0_A2:R;A4:R,CHEMBL476186,0
CHEMBL476186::en1_A2:S;A4:R,CHEMBL476186,1
CHEMBL476186::en2_A2:R;A4:S,CHEMBL476186,2
CHEMBL476186::en3_A2:S;A4:S,CHEMBL476186,3
CHEMBL476960::en0_A6:R;A8:S;A12:R;A14:R;A16:R,CHEMBL476960,0
CHEMBL476960::en1_A6:S;A8:S;A12:R;A14:R;A16:R,CHEMBL476960,1
CHEMBL476960::en2_A6:R;A8:R;A12:R;A14:R;A16:R,CHEMBL476960,2
CHEMBL476960::en3_A6:S;A8:R;A12:R;A14:R;A16:R,CHEMBL476960,3
CHEMBL476960::en4_A6:R;A8:S;A12:S;A14:R;A16:R,CHEMBL476960,4
CHEMBL477::en0_A10:R;A12:R;A15:R;A17:S,CHEMBL477,0
CHEMBL477::en1_A10:S;A12:R;A15:R;A17:S,CHEMBL477,1
CHEMBL477::en2_A10:R;A12:S;A15:R;A17:S,CHEMBL477,2
CHEMBL477::en3_A10:S;A12:S;A15:R;A17:S,CHEMBL477,3
CHEMBL477::en4_A10:R;A12:R;A15:S;A17:S,CHEMBL477,4
CHEMBL4779773::en0_A1:S,CHEMBL4779773,0
CHEMBL4779773::en1_A1:R,CHEMBL4779773,1
CHEMBL4783351::en0_A28:S,CHEMBL4783351,0
CHEMBL4783351::en1_A28:R,CHEMBL4783351,1
CHEMBL4783446::en0_A6:S;A9:S;A13:S;A15:S;A24:R;A27:R,CHEMBL4783446,0
CHEMBL4783446::en1_A6:R;A9:S;A13:S;A15:S;A24:R;A27:R,CHEMBL4783446,1
CHEMBL4783446::en2_A6:S;A9:R;A13:S;A15:S;A24:R;A27:R,CHEMBL4783446,2
CHEMBL4783446::en3_A6:R;A9:R;A13:S;A15:S;A24:R;A27:R,CHEMBL4783446,3
CHEMBL4783446::en4_A6:S;A9:S;A13:R;A15:S;A24:R;A27:R,CHEMBL4783446,4
CHEMBL4784510::en0_A7:R;A12:R,CHEMBL4784510,0
CHEMBL4784510::en1_A7:S;A12:R,CHEMBL4784510,1
CHEMBL4784510::en2_A7:R;A12:S,CHEMBL4784510,2
CHEMBL4784510::en3_A7:S;A12:S,CHEMBL4784510,3
CHEMBL4785363::en0_A2:R;A5:S;A8:S,CHEMBL4785363,0
CHEMBL4785363::en1_A2:S;A5:R;A8:S,CHEMBL4785363,1
CHEMBL4785363::en2_A2:S;A5:S;A8:R,CHEMBL4785363,2
CHEMBL4785363::en3_A2:R;A5:R;A8:R,CHEMBL4785363,3
CHEMBL4785966::en0_A4:S;A8:S;A22:R;A33:R,CHEMBL4785966,0
CHEMBL4785966::en1_A4:R;A8:S;A22:R;A33:R,CHEMBL4785966,1
CHEMBL4785966::en2_A4:S;A8:R;A22:R;A33:R,CHEMBL4785966,2
CHEMBL4785966::en3_A4:R;A8:R;A22:R;A33:R,CHEMBL4785966,3
CHEMBL4785966::en4_A4:S;A8:S;A22:S;A33:R,CHEMBL4785966,4
CHEMBL4792487::en0_A15:R;A17:R,CHEMBL4792487,0
CHEMBL4792487::en1_A15:S;A17:R,CHEMBL4792487,1
CHEMBL4792487::en2_A15:R;A17:S,CHEMBL4792487,2
CHEMBL4792487::en3_A15:S;A17:S,CHEMBL4792487,3
CHEMBL47955::en0_A5:R,CHEMBL47955,0
CHEMBL47955::en1_A5:S,CHEMBL47955,1
CHEMBL479789::en0_A1:R,CHEMBL479789,0
CHEMBL479789::en1_A1:S,CHEMBL479789,1
CHEMBL4802105::en0_A5:R;A12:S;A24:R;A28:R,CHEMBL4802105,0
CHEMBL4802105::en1_A5:S;A12:S;A24:R;A28:R,CHEMBL4802105,1
CHEMBL4802105::en2_A5:R;A12:R;A24:R;A28:R,CHEMBL4802105,2
CHEMBL4802105::en3_A5:S;A12:R;A24:R;A28:R,CHEMBL4802105,3
CHEMBL4802105::en4_A5:R;A12:S;A24:S;A28:R,CHEMBL4802105,4
CHEMBL4802132::en0_A21:S;A22:R,CHEMBL4802132,0
CHEMBL4802132::en2_A4:R;A9:S;A10:S;A18:S,CHEMBL4802132,2
CHEMBL4802133::en0_A19:R,CHEMBL4802133,0
CHEMBL4802133::en1_A19:S,CHEMBL4802133,1
CHEMBL4802136::en0_A21:R,CHEMBL4802136,0
CHEMBL4802136::en1_A21:S,CHEMBL4802136,1
CHEMBL4802138::en0_A1:R;A6:R,CHEMBL4802138,0
CHEMBL4802138::en1_A1:S;A6:R,CHEMBL4802138,1
CHEMBL4802138::en2_A1:R;A6:S,CHEMBL4802138,2
CHEMBL4802138::en3_A1:S;A6:S,CHEMBL4802138,3
CHEMBL4802143::en0_A1:S;A7:S;A11:R;A16:S;A18:S;A27:R;A29:S,CHEMBL4802143,0
CHEMBL4802143::en1_A1:R;A7:S;A11:R;A16:S;A18:S;A27:R;A29:S,CHEMBL4802143,1
CHEMBL4802143::en2_A1:S;A7:R;A11:R;A16:S;A18:S;A27:R;A29:S,CHEMBL4802143,2
CHEMBL4802143::en3_A1:R;A7:R;A11:R;A16:S;A18:S;A27:R;A29:S,CHEMBL4802143,3
CHEMBL4802143::en4_A1:S;A7:S;A11:S;A16:S;A18:S;A27:R;A29:S,CHEMBL4802143,4
CHEMBL4802144::en0_A3:S,CHEMBL4802144,0
CHEMBL4802144::en1_A3:R,CHEMBL4802144,1
CHEMBL4802147::en0_A3:S,CHEMBL4802147,0
CHEMBL4802147::en1_A3:R,CHEMBL4802147,1
CHEMBL4802151::en0_A31:R,CHEMBL4802151,0
CHEMBL4802151::en1_A31:S,CHEMBL4802151,1
CHEMBL4802154::en0_A6:S,CHEMBL4802154,0
CHEMBL4802154::en1_A6:R,CHEMBL4802154,1
CHEMBL4802155::en0_A7:R;A9:R,CHEMBL4802155,0
CHEMBL4802155::en1_A7:S;A9:R,CHEMBL4802155,1
CHEMBL4802155::en2_A7:R;A9:S,CHEMBL4802155,2
CHEMBL4802155::en3_A7:S;A9:S,CHEMBL4802155,3
CHEMBL4802158::en0_A1:R;A9:S;A12:R;A13:S;A18:R;A26:R;A28:R;A31:R,CHEMBL4802158,0
CHEMBL4802158::en1_A1:S;A9:S;A12:R;A13:S;A18:R;A26:R;A28:R;A31:R,CHEMBL4802158,1
CHEMBL4802158::en2_A1:R;A9:R;A12:R;A13:S;A18:R;A26:R;A28:R;A31:R,CHEMBL4802158,2
CHEMBL4802158::en3_A1:S;A9:R;A12:R;A13:S;A18:R;A26:R;A28:R;A31:R,CHEMBL4802158,3
CHEMBL4802158::en4_A1:R;A9:S;A12:S;A13:S;A18:R;A26:R;A28:R;A31:R,CHEMBL4802158,4
CHEMBL4802159::en0_A8:R;A11:S,CHEMBL4802159,0
CHEMBL4802159::en1_A8:S;A11:S,CHEMBL4802159,1
CHEMBL4802159::en2_A8:R;A11:R,CHEMBL4802159,2
CHEMBL4802159::en3_A8:S;A11:R,CHEMBL4802159,3
CHEMBL4802162::en0_A14:R;A19:R,CHEMBL4802162,0
CHEMBL4802162::en1_A14:S;A19:R,CHEMBL4802162,1
CHEMBL4802162::en2_A14:R;A19:S,CHEMBL4802162,2
CHEMBL4802162::en3_A14:S;A19:S,CHEMBL4802162,3
CHEMBL4802163::en0_A20:R,CHEMBL4802163,0
CHEMBL4802163::en1_A20:S,CHEMBL4802163,1
CHEMBL4802225::en0_A7:R;A11:R;A12:S;A23:R;A30:S;A49:S;A54:S;A56:R;A60:R,CHEMBL4802225,0
CHEMBL4802225::en1_A7:S;A11:R;A12:S;A23:R;A30:S;A49:S;A54:S;A56:R;A60:R,CHEMBL4802225,1
CHEMBL4802225::en2_A7:R;A11:S;A12:S;A23:R;A30:S;A49:S;A54:S;A56:R;A60:R,CHEMBL4802225,2
CHEMBL4802225::en3_A7:S;A11:S;A12:S;A23:R;A30:S;A49:S;A54:S;A56:R;A60:R,CHEMBL4802225,3
CHEMBL4802225::en4_A7:R;A11:R;A12:R;A23:R;A30:S;A49:S;A54:S;A56:R;A60:R,CHEMBL4802225,4
CHEMBL4802226::en0_A5:S;A8:S;A11:S;A15:R,CHEMBL4802226,0
CHEMBL4802226::en1_A5:R;A8:S;A11:S;A15:R,CHEMBL4802226,1
CHEMBL4802226::en2_A5:S;A8:R;A11:S;A15:R,CHEMBL4802226,2
CHEMBL4802226::en3_A5:R;A8:R;A11:S;A15:R,CHEMBL4802226,3
CHEMBL4802226::en4_A5:S;A8:S;A11:R;A15:R,CHEMBL4802226,4
CHEMBL4802236::en0_A5:S;A8:S,CHEMBL4802236,0
CHEMBL4802236::en1_A5:R;A8:S,CHEMBL4802236,1
CHEMBL4802236::en2_A5:S;A8:R,CHEMBL4802236,2
CHEMBL4802236::en3_A5:R;A8:R,CHEMBL4802236,3
CHEMBL4802240::en0_A1:R,CHEMBL4802240,0
CHEMBL4802240::en1_A1:S,CHEMBL4802240,1
CHEMBL4802293::en0_A17:R;A19:S;A31:S,CHEMBL4802293,0
CHEMBL4802293::en1_A17:R;A19:R;A31:S,CHEMBL4802293,1
CHEMBL4802293::en2_A17:S;A19:S;A31:R,CHEMBL4802293,2
CHEMBL4802585::en0_A3:S;A19:S;A23:S;A36:S;A40:S;A47:S,CHEMBL4802585,0
CHEMBL4802585::en1_A3:R;A19:R;A23:S;A36:S;A40:S;A47:S,CHEMBL4802585,1
CHEMBL4802585::en2_A3:R;A19:S;A23:R;A36:S;A40:S;A47:S,CHEMBL4802585,2
CHEMBL480517::en0_A9:R;A34:R,CHEMBL480517,0
CHEMBL480517::en1_A9:S;A34:R,CHEMBL480517,1
CHEMBL480517::en2_A9:R;A34:S,CHEMBL480517,2
CHEMBL480517::en3_A9:S;A34:S,CHEMBL480517,3
CHEMBL480517::en4_A9:R;A34:R,CHEMBL480517,4
CHEMBL480558::en0_A5:R,CHEMBL480558,0
CHEMBL480558::en1_A5:S,CHEMBL480558,1
CHEMBL480853::en0_A4:S;A5:R;A9:R;A11:R;A14:R;A16:S;A18:S;A23:R;A25:R,CHEMBL480853,0
CHEMBL480853::en1_A4:R;A5:R;A9:R;A11:R;A14:R;A16:S;A18:S;A23:R;A25:R,CHEMBL480853,1
CHEMBL480853::en2_A4:S;A5:S;A9:R;A11:R;A14:R;A16:S;A18:S;A23:R;A25:R,CHEMBL480853,2
CHEMBL480853::en3_A4:R;A5:S;A9:R;A11:R;A14:R;A16:S;A18:S;A23:R;A25:R,CHEMBL480853,3
CHEMBL480853::en4_A4:S;A5:R;A9:S;A11:R;A14:R;A16:S;A18:S;A23:R;A25:R,CHEMBL480853,4
CHEMBL481::en0_A39:S,CHEMBL481,0
CHEMBL481::en1_A39:R,CHEMBL481,1
CHEMBL481611::en0_A5:S;A7:R,CHEMBL481611,0
CHEMBL481611::en1_A5:R;A7:R,CHEMBL481611,1
CHEMBL481611::en2_A5:S;A7:S,CHEMBL481611,2
CHEMBL481611::en3_A5:R;A7:S,CHEMBL481611,3
CHEMBL482950::en0_A2:S,CHEMBL482950,0
CHEMBL482950::en1_A2:R,CHEMBL482950,1
CHEMBL483::en0_A1:R,CHEMBL483,0
CHEMBL483::en1_A1:S,CHEMBL483,1
CHEMBL48449::en0_A1:S;A7:S;A9:R;A12:S,CHEMBL48449,0
CHEMBL48449::en1_A1:R;A7:S;A9:R;A12:S,CHEMBL48449,1
CHEMBL4847050::en0_A13:S,CHEMBL4847050,0
CHEMBL4847050::en1_A13:R,CHEMBL4847050,1
CHEMBL485::en0_A9:S;A10:R;A14:S;A15:S;A21:R,CHEMBL485,0
CHEMBL485::en1_A9:R;A10:R;A14:S;A15:S;A21:R,CHEMBL485,1
CHEMBL485::en2_A9:S;A10:S;A14:S;A15:S;A21:R,CHEMBL485,2
CHEMBL485::en3_A9:R;A10:S;A14:S;A15:S;A21:R,CHEMBL485,3
CHEMBL485::en4_A9:S;A10:R;A14:R;A15:S;A21:R,CHEMBL485,4
CHEMBL485253::en0_A2:R;A8:R;A22:S,CHEMBL485253,0
CHEMBL485253::en1_A2:S;A8:R;A22:S,CHEMBL485253,1
CHEMBL485253::en2_A2:R;A8:S;A22:S,CHEMBL485253,2
CHEMBL485253::en3_A2:S;A8:S;A22:S,CHEMBL485253,3
CHEMBL485253::en4_A2:R;A8:R;A22:R,CHEMBL485253,4
CHEMBL485652::en0_A4:S;A7:R;A10:S;A14:R,CHEMBL485652,0
CHEMBL485652::en1_A4:R;A7:R;A10:S;A14:R,CHEMBL485652,1
CHEMBL485652::en2_A4:S;A7:S;A10:S;A14:R,CHEMBL485652,2
CHEMBL485652::en3_A4:R;A7:S;A10:S;A14:R,CHEMBL485652,3
CHEMBL485652::en4_A4:S;A7:R;A10:R;A14:R,CHEMBL485652,4
CHEMBL485659::en0_A1:R;A10:S;A11:S;A12:R;A15:R;A17:R;A20:R,CHEMBL485659,0
CHEMBL485659::en1_A1:S;A10:S;A11:S;A12:R;A15:R;A17:R;A20:R,CHEMBL485659,1
CHEMBL485659::en2_A1:R;A10:R;A11:S;A12:R;A15:R;A17:R;A20:R,CHEMBL485659,2
CHEMBL485659::en3_A1:S;A10:R;A11:S;A12:R;A15:R;A17:R;A20:R,CHEMBL485659,3
CHEMBL485659::en4_A1:R;A10:S;A11:R;A12:R;A15:R;A17:R;A20:R,CHEMBL485659,4
CHEMBL486208::en0_A3:S;A6:S;A8:R,CHEMBL486208,0
CHEMBL486208::en1_A3:R;A6:R;A8:R,CHEMBL486208,1
CHEMBL486231::en0_A1:S;A3:R;A5:S;A8:S;A12:R;A21:S,CHEMBL486231,0
CHEMBL486231::en1_A1:R;A3:R;A5:S;A8:S;A12:R;A21:S,CHEMBL486231,1
CHEMBL486231::en2_A1:S;A3:S;A5:S;A8:S;A12:R;A21:S,CHEMBL486231,2
CHEMBL486231::en3_A1:R;A3:S;A5:S;A8:S;A12:R;A21:S,CHEMBL486231,3
CHEMBL486231::en4_A1:S;A3:R;A5:R;A8:S;A12:R;A21:S,CHEMBL486231,4
CHEMBL4862963::en0_A7:S;A10:S;A37:R,CHEMBL4862963,0
CHEMBL4862963::en1_A7:R;A10:R;A37:R,CHEMBL4862963,1
CHEMBL4862963::en2_A7:R;A10:S;A37:S,CHEMBL4862963,2
CHEMBL4862963::en3_A7:S;A10:R;A37:S,CHEMBL4862963,3
CHEMBL4863829::en0_A7:S;A9:S;A22:R;A24:S,CHEMBL4863829,0
CHEMBL4863829::en1_A7:R;A9:S;A22:R;A24:S,CHEMBL4863829,1
CHEMBL4863829::en2_A7:S;A9:R;A22:R;A24:S,CHEMBL4863829,2
CHEMBL4863829::en3_A7:R;A9:R;A22:R;A24:S,CHEMBL4863829,3
CHEMBL4863829::en4_A7:S;A9:S;A22:S;A24:S,CHEMBL4863829,4
CHEMBL486386::en0_A14:S;A16:R;A19:R;A21:R;A23:S,CHEMBL486386,0
CHEMBL486386::en1_A14:R;A16:R;A19:R;A21:R;A23:S,CHEMBL486386,1
CHEMBL486386::en2_A14:S;A16:S;A19:R;A21:R;A23:S,CHEMBL486386,2
CHEMBL486386::en3_A14:R;A16:S;A19:R;A21:R;A23:S,CHEMBL486386,3
CHEMBL486386::en4_A14:S;A16:R;A19:S;A21:R;A23:S,CHEMBL486386,4
CHEMBL486504::en0_A19:R,CHEMBL486504,0
CHEMBL486504::en1_A19:S,CHEMBL486504,1
CHEMBL4871106::en0_A10:S,CHEMBL4871106,0
CHEMBL4871106::en1_A10:R,CHEMBL4871106,1
CHEMBL487182::en0_A10:S,CHEMBL487182,0
CHEMBL487182::en1_A10:R,CHEMBL487182,1
CHEMBL487465::en0_A18:R,CHEMBL487465,0
CHEMBL487465::en1_A18:S,CHEMBL487465,1
CHEMBL4876167::en0_A7:S;A9:S;A22:R;A29:R,CHEMBL4876167,0
CHEMBL4876167::en1_A7:R;A9:S;A22:R;A29:R,CHEMBL4876167,1
CHEMBL4876167::en2_A7:S;A9:R;A22:R;A29:R,CHEMBL4876167,2
CHEMBL4876167::en3_A7:R;A9:R;A22:R;A29:R,CHEMBL4876167,3
CHEMBL4876167::en4_A7:S;A9:S;A22:S;A29:R,CHEMBL4876167,4
CHEMBL488914::en0_A13:S;A16:S;A18:S;A20:R,CHEMBL488914,0
CHEMBL488914::en1_A13:R;A16:S;A18:S;A20:R,CHEMBL488914,1
CHEMBL488914::en2_A13:S;A16:R;A18:S;A20:R,CHEMBL488914,2
CHEMBL488914::en3_A13:R;A16:R;A18:S;A20:R,CHEMBL488914,3
CHEMBL488914::en4_A13:S;A16:S;A18:R;A20:R,CHEMBL488914,4
CHEMBL489095::en0_A1:R,CHEMBL489095,0
CHEMBL489095::en1_A1:S,CHEMBL489095,1
CHEMBL489411::en0_A10:S;A15:S;A18:R,CHEMBL489411,0
CHEMBL489411::en1_A10:R;A15:S;A18:R,CHEMBL489411,1
CHEMBL489411::en2_A10:S;A15:R;A18:R,CHEMBL489411,2
CHEMBL489411::en3_A10:R;A15:R;A18:R,CHEMBL489411,3
CHEMBL489411::en4_A10:S;A15:S;A18:S,CHEMBL489411,4
CHEMBL490::en0_A5:R;A10:R,CHEMBL490,0
CHEMBL490::en1_A5:S;A10:R,CHEMBL490,1
CHEMBL490::en2_A5:R;A10:S,CHEMBL490,2
CHEMBL490::en3_A5:S;A10:S,CHEMBL490,3
CHEMBL490029::en0_A2:S,CHEMBL490029,0
CHEMBL490029::en1_A2:R,CHEMBL490029,1
CHEMBL491571::en0_A1:S;A3:R;A13:S;A16:S;A24:R;A26:S,CHEMBL491571,0
CHEMBL491571::en1_A1:R;A3:R;A13:S;A16:S;A24:R;A26:S,CHEMBL491571,1
CHEMBL491571::en2_A1:S;A3:S;A13:S;A16:S;A24:R;A26:S,CHEMBL491571,2
CHEMBL491571::en3_A1:R;A3:S;A13:S;A16:S;A24:R;A26:S,CHEMBL491571,3
CHEMBL491571::en4_A1:S;A3:R;A13:R;A16:S;A24:R;A26:S,CHEMBL491571,4
CHEMBL493287::en0_A1:S;A2:R;A5:R;A8:R;A10:R,CHEMBL493287,0
CHEMBL493287::en1_A1:R;A2:R;A5:R;A8:R;A10:R,CHEMBL493287,1
CHEMBL493287::en2_A1:S;A2:S;A5:R;A8:R;A10:R,CHEMBL493287,2
CHEMBL493287::en3_A1:R;A2:S;A5:R;A8:R;A10:R,CHEMBL493287,3
CHEMBL493287::en4_A1:S;A2:R;A5:S;A8:R;A10:R,CHEMBL493287,4
CHEMBL493682::en0_A10:R,CHEMBL493682,0
CHEMBL493682::en1_A10:S,CHEMBL493682,1
CHEMBL493737::en0_A2:S;A3:R;A5:R;A7:R;A9:S;A11:S,CHEMBL493737,0
CHEMBL493737::en1_A2:R;A3:R;A5:R;A7:R;A9:S;A11:S,CHEMBL493737,1
CHEMBL493737::en2_A2:R;A3:S;A5:R;A7:S;A9:S;A11:S,CHEMBL493737,2
CHEMBL493737::en3_A2:S;A3:S;A5:R;A7:S;A9:S;A11:S,CHEMBL493737,3
CHEMBL493737::en4_A2:R;A3:R;A5:S;A7:S;A9:S;A11:S,CHEMBL493737,4
CHEMBL493873::en0_A7:S;A9:S;A11:R,CHEMBL493873,0
CHEMBL493873::en1_A7:R;A9:S;A11:R,CHEMBL493873,1
CHEMBL493873::en2_A7:S;A9:R;A11:R,CHEMBL493873,2
CHEMBL493873::en3_A7:R;A9:R;A11:R,CHEMBL493873,3
CHEMBL493873::en4_A7:S;A9:S;A11:S,CHEMBL493873,4
CHEMBL493982::en0_A6:R;A9:R;A10:S;A13:S;A17:R;A19:R;A20:R,CHEMBL493982,0
CHEMBL493982::en1_A6:S;A9:R;A10:S;A13:S;A17:R;A19:R;A20:R,CHEMBL493982,1
CHEMBL493982::en2_A6:R;A9:S;A10:S;A13:S;A17:R;A19:R;A20:R,CHEMBL493982,2
CHEMBL493982::en3_A6:S;A9:S;A10:S;A13:S;A17:R;A19:R;A20:R,CHEMBL493982,3
CHEMBL493982::en4_A6:R;A9:R;A10:R;A13:S;A17:R;A19:R;A20:R,CHEMBL493982,4
CHEMBL494::en0_A4:S;A6:S;A10:R;A11:R;A22:R;A24:S,CHEMBL494,0
CHEMBL494::en1_A4:R;A6:S;A10:R;A11:R;A22:R;A24:S,CHEMBL494,1
CHEMBL494::en2_A4:S;A6:R;A10:R;A11:R;A22:R;A24:S,CHEMBL494,2
CHEMBL494::en3_A4:R;A6:R;A10:R;A11:R;A22:R;A24:S,CHEMBL494,3
CHEMBL494::en4_A4:S;A6:S;A10:S;A11:R;A22:R;A24:S,CHEMBL494,4
CHEMBL494089::en0_A24:R,CHEMBL494089,0
CHEMBL494089::en1_A24:S,CHEMBL494089,1
CHEMBL494753::en0_A1:S;A4:S;A18:S;A19:S,CHEMBL494753,0
CHEMBL494753::en1_A1:R;A4:S;A18:S;A19:S,CHEMBL494753,1
CHEMBL494753::en2_A1:S;A4:R;A18:S;A19:S,CHEMBL494753,2
CHEMBL494753::en3_A1:R;A4:R;A18:S;A19:S,CHEMBL494753,3
CHEMBL494753::en4_A1:S;A4:S;A18:R;A19:S,CHEMBL494753,4
CHEMBL496748::en0_A5:S;A10:R,CHEMBL496748,0
CHEMBL496748::en1_A5:R;A10:R,CHEMBL496748,1
CHEMBL496748::en2_A5:S;A10:S,CHEMBL496748,2
CHEMBL496748::en3_A5:R;A10:S,CHEMBL496748,3
CHEMBL497001::en0_A9:S;A10:S;A12:R;A15:R;A17:R;A19:S,CHEMBL497001,0
CHEMBL497001::en1_A9:R;A10:S;A12:R;A15:R;A17:R;A19:S,CHEMBL497001,1
CHEMBL497001::en2_A9:S;A10:R;A12:R;A15:R;A17:R;A19:S,CHEMBL497001,2
CHEMBL497001::en3_A9:R;A10:R;A12:R;A15:R;A17:R;A19:S,CHEMBL497001,3
CHEMBL497001::en4_A9:S;A10:S;A12:S;A15:R;A17:R;A19:S,CHEMBL497001,4
CHEMBL497939::en0_A8:R;A12:S,CHEMBL497939,0
CHEMBL497939::en1_A8:S;A12:R,CHEMBL497939,1
CHEMBL498416::en0_A10:S,CHEMBL498416,0
CHEMBL498416::en1_A10:R,CHEMBL498416,1
CHEMBL498672::en0_A3:R;A9:S,CHEMBL498672,0
CHEMBL498672::en1_A3:S;A9:S,CHEMBL498672,1
CHEMBL498672::en2_A3:R;A9:R,CHEMBL498672,2
CHEMBL498672::en3_A3:S;A9:R,CHEMBL498672,3
CHEMBL499::en0_A6:S,CHEMBL499,0
CHEMBL499::en1_A6:R,CHEMBL499,1
CHEMBL499915::en0_A3:R;A14:S;A16:S;A21:R;A23:R;A30:S;A34:R;A36:R;A40:S,CHEMBL499915,0
CHEMBL499915::en1_A3:S;A14:S;A16:S;A21:R;A23:R;A30:S;A34:R;A36:R;A40:S,CHEMBL499915,1
CHEMBL499915::en2_A3:R;A14:R;A16:S;A21:R;A23:R;A30:S;A34:R;A36:R;A40:S,CHEMBL499915,2
CHEMBL499915::en3_A3:S;A14:R;A16:S;A21:R;A23:R;A30:S;A34:R;A36:R;A40:S,CHEMBL499915,3
CHEMBL499915::en4_A3:R;A14:S;A16:R;A21:R;A23:R;A30:S;A34:R;A36:R;A40:S,CHEMBL499915,4
CHEMBL501122::en0_A8:R;A32:R,CHEMBL501122,0
CHEMBL501122::en1_A8:S;A32:R,CHEMBL501122,1
CHEMBL501122::en2_A8:R;A32:S,CHEMBL501122,2
CHEMBL501122::en3_A8:S;A32:S,CHEMBL501122,3
CHEMBL501122::en4_A8:R;A32:R,CHEMBL501122,4
CHEMBL501756::en0_A10:S;A19:R;A24:R;A25:S;A26:S;A28:R,CHEMBL501756,0
CHEMBL501756::en1_A10:S;A19:S;A24:R;A25:S;A26:S;A28:R,CHEMBL501756,1
CHEMBL501756::en2_A10:S;A19:R;A24:S;A25:S;A26:S;A28:R,CHEMBL501756,2
CHEMBL501849::en0_A8:R;A10:S;A14:R;A25:R;A36:R,CHEMBL501849,0
CHEMBL501849::en1_A8:S;A10:S;A14:R;A25:R;A36:R,CHEMBL501849,1
CHEMBL501849::en2_A8:R;A10:R;A14:R;A25:R;A36:R,CHEMBL501849,2
CHEMBL501849::en3_A8:S;A10:R;A14:R;A25:R;A36:R,CHEMBL501849,3
CHEMBL501849::en4_A8:R;A10:S;A14:S;A25:R;A36:R,CHEMBL501849,4
CHEMBL501916::en0_A10:R;A12:S;A16:S,CHEMBL501916,0
CHEMBL501916::en1_A10:S;A12:S;A16:S,CHEMBL501916,1
CHEMBL501916::en2_A10:R;A12:R;A16:S,CHEMBL501916,2
CHEMBL501916::en3_A10:S;A12:R;A16:S,CHEMBL501916,3
CHEMBL501916::en4_A10:R;A12:S;A16:R,CHEMBL501916,4
CHEMBL502135::en0_A1:R;A4:S;A6:S;A8:S,CHEMBL502135,0
CHEMBL502135::en1_A1:S;A4:S;A6:S;A8:S,CHEMBL502135,1
CHEMBL502135::en2_A1:R;A4:R;A6:S;A8:S,CHEMBL502135,2
CHEMBL502135::en3_A1:S;A4:R;A6:S;A8:S,CHEMBL502135,3
CHEMBL502135::en4_A1:R;A4:S;A6:R;A8:S,CHEMBL502135,4
CHEMBL503::en0_A2:S;A7:R;A9:S;A15:S;A17:S;A20:R;A22:S;A28:S,CHEMBL503,0
CHEMBL503::en1_A2:R;A7:R;A9:S;A15:S;A17:S;A20:R;A22:S;A28:S,CHEMBL503,1
CHEMBL503::en2_A2:S;A7:S;A9:S;A15:S;A17:S;A20:R;A22:S;A28:S,CHEMBL503,2
CHEMBL503::en3_A2:R;A7:S;A9:S;A15:S;A17:S;A20:R;A22:S;A28:S,CHEMBL503,3
CHEMBL503::en4_A2:S;A7:R;A9:R;A15:S;A17:S;A20:R;A22:S;A28:S,CHEMBL503,4
CHEMBL504459::en0_A4:S;A12:S;A14:R;A16:R;A18:R;A21:S;A25:R;A29:S;A44:R;A46:S;A48:R;A50:S;A54:S,CHEMBL504459,0
CHEMBL504459::en1_A4:S;A12:S;A14:R;A16:R;A18:S;A21:S;A25:S;A29:R;A44:S;A46:R;A48:R;A50:S;A54:R,CHEMBL504459,1
CHEMBL504459::en2_A4:R;A12:S;A14:R;A16:R;A18:S;A21:R;A25:R;A29:R;A44:R;A46:S;A48:R;A50:S;A54:S,CHEMBL504459,2
CHEMBL504459::en3_A4:S;A12:S;A14:R;A16:R;A18:S;A21:S;A25:S;A29:S;A44:R;A46:R;A48:S;A50:S;A54:S,CHEMBL504459,3
CHEMBL504459::en4_A4:R;A12:S;A14:R;A16:R;A18:S;A21:S;A25:R;A29:S;A44:S;A46:S;A48:R;A50:R;A54:S,CHEMBL504459,4
CHEMBL504760::en0_A3:S;A6:S,CHEMBL504760,0
CHEMBL504760::en1_A3:R;A6:R,CHEMBL504760,1
CHEMBL505268::en0_A1:R;A4:R;A8:S;A10:S;A11:R;A14:R;A16:S;A18:R;A20:S;A23:R;A25:S;A27:R;A30:R;A32:R;A34:R;A36:R;A38:S;A42:S;A44:R;A48:R;A50:S;A51:R,CHEMBL505268,0
CHEMBL505268::en1_A1:R;A4:S;A8:R;A10:R;A11:R;A14:R;A16:S;A18:R;A20:S;A23:S;A25:R;A27:R;A30:R;A32:R;A34:S;A36:R;A38:S;A42:S;A44:S;A48:R;A50:S;A51:S,CHEMBL505268,1
CHEMBL505268::en2_A1:S;A4:R;A8:R;A10:S;A11:S;A14:S;A16:R;A18:S;A20:S;A23:R;A25:S;A27:R;A30:R;A32:R;A34:R;A36:R;A38:R;A42:S;A44:S;A48:R;A50:S;A51:S,CHEMBL505268,2
CHEMBL505268::en3_A1:R;A4:R;A8:R;A10:R;A11:R;A14:R;A16:R;A18:S;A20:R;A23:S;A25:S;A27:S;A30:S;A32:R;A34:S;A36:R;A38:R;A42:S;A44:R;A48:S;A50:R;A51:R,CHEMBL505268,3
CHEMBL505268::en4_A1:S;A4:S;A8:R;A10:R;A11:S;A14:R;A16:R;A18:S;A20:S;A23:S;A25:R;A27:S;A30:R;A32:S;A34:S;A36:R;A38:R;A42:R;A44:R;A48:S;A50:S;A51:S,CHEMBL505268,4
CHEMBL505348::en0_A1:R;A2:R;A4:R;A8:S,CHEMBL505348,0
CHEMBL505348::en1_A1:S;A2:R;A4:R;A8:S,CHEMBL505348,1
CHEMBL505348::en2_A1:R;A2:S;A4:R;A8:S,CHEMBL505348,2
CHEMBL505348::en3_A1:S;A2:S;A4:R;A8:S,CHEMBL505348,3
CHEMBL505348::en4_A1:R;A2:R;A4:S;A8:S,CHEMBL505348,4
CHEMBL50588::en0_A2:S;A17:S;A19:S;A21:S,CHEMBL50588,0
CHEMBL50588::en1_A2:R;A17:S;A19:S;A21:S,CHEMBL50588,1
CHEMBL50588::en2_A2:S;A17:R;A19:S;A21:S,CHEMBL50588,2
CHEMBL50588::en3_A2:R;A17:R;A19:S;A21:S,CHEMBL50588,3
CHEMBL50588::en4_A2:S;A17:S;A19:R;A21:S,CHEMBL50588,4
CHEMBL506110::en0_A4:R;A5:R;A9:R;A20:R;A28:S;A33:S,CHEMBL506110,0
CHEMBL506110::en1_A4:S;A5:R;A9:R;A20:R;A28:S;A33:S,CHEMBL506110,1
CHEMBL506110::en2_A4:R;A5:S;A9:R;A20:R;A28:S;A33:S,CHEMBL506110,2
CHEMBL506110::en3_A4:S;A5:S;A9:R;A20:R;A28:S;A33:S,CHEMBL506110,3
CHEMBL506110::en4_A4:R;A5:R;A9:S;A20:R;A28:S;A33:S,CHEMBL506110,4
CHEMBL506569::en0_A4:R;A6:S;A8:S;A9:S;A12:R;A14:S;A15:S;A18:R;A20:S;A23:R;A25:S;A28:S;A29:R;A31:S;A33:S;A35:R;A44:R;A48:S;A51:S;A54:R;A56:S;A58:S;A60:R;A63:S;A65:R;A67:R,CHEMBL506569,0
CHEMBL506569::en1_A4:S;A6:S;A8:S;A9:S;A12:R;A14:S;A15:S;A18:S;A20:R;A23:R;A25:S;A28:S;A29:S;A31:R;A33:S;A35:S;A44:S;A48:R;A51:R;A54:S;A56:S;A58:S;A60:R;A63:S;A65:R;A67:S,CHEMBL506569,1
CHEMBL506569::en2_A4:S;A6:R;A8:S;A9:R;A12:R;A14:R;A15:R;A18:R;A20:R;A23:S;A25:R;A28:R;A29:R;A31:S;A33:S;A35:S;A44:S;A48:R;A51:S;A54:S;A56:R;A58:R;A60:S;A63:R;A65:S;A67:R,CHEMBL506569,2
CHEMBL506569::en3_A4:S;A6:R;A8:S;A9:R;A12:S;A14:S;A15:R;A18:R;A20:S;A23:R;A25:S;A28:R;A29:R;A31:R;A33:R;A35:S;A44:S;A48:R;A51:R;A54:R;A56:S;A58:R;A60:R;A63:S;A65:S;A67:R,CHEMBL506569,3
CHEMBL506569::en4_A4:S;A6:S;A8:R;A9:S;A12:S;A14:R;A15:S;A18:R;A20:S;A23:S;A25:R;A28:S;A29:R;A31:S;A33:S;A35:S;A44:S;A48:R;A51:R;A54:R;A56:S;A58:R;A60:S;A63:R;A65:R;A67:R,CHEMBL506569,4
CHEMBL506678::en0_A2:R;A5:R;A7:S;A10:R;A11:R;A16:R;A18:S;A20:R;A23:R;A25:R;A27:R;A31:S;A33:R;A36:S,CHEMBL506678,0
CHEMBL506678::en1_A2:R;A5:S;A7:R;A10:R;A11:R;A16:S;A18:R;A20:S;A23:S;A25:S;A27:S;A31:S;A33:S;A36:S,CHEMBL506678,1
CHEMBL506678::en2_A2:R;A5:S;A7:R;A10:S;A11:R;A16:S;A18:S;A20:S;A23:S;A25:R;A27:S;A31:S;A33:R;A36:S,CHEMBL506678,2
CHEMBL506678::en3_A2:S;A5:R;A7:S;A10:S;A11:R;A16:S;A18:R;A20:R;A23:S;A25:R;A27:S;A31:S;A33:R;A36:S,CHEMBL506678,3
CHEMBL506678::en4_A2:R;A5:S;A7:S;A10:S;A11:S;A16:R;A18:R;A20:R;A23:R;A25:S;A27:R;A31:S;A33:S;A36:S,CHEMBL506678,4
CHEMBL506871::en0_A1:R,CHEMBL506871,0
CHEMBL506871::en1_A1:S,CHEMBL506871,1
CHEMBL507282::en0_A5:R;A7:S;A9:R;A12:S;A16:S;A20:S;A24:R;A29:S;A31:R;A40:R;A42:S,CHEMBL507282,0
CHEMBL507282::en1_A5:R;A7:R;A9:R;A12:R;A16:R;A20:S;A24:S;A29:S;A31:R;A40:S;A42:R,CHEMBL507282,1
CHEMBL507282::en2_A5:S;A7:S;A9:S;A12:S;A16:S;A20:S;A24:R;A29:S;A31:S;A40:R;A42:S,CHEMBL507282,2
CHEMBL507282::en3_A5:S;A7:S;A9:R;A12:S;A16:S;A20:R;A24:S;A29:S;A31:S;A40:S;A42:S,CHEMBL507282,3
CHEMBL507282::en4_A5:S;A7:S;A9:S;A12:R;A16:R;A20:S;A24:S;A29:S;A31:S;A40:S;A42:R,CHEMBL507282,4
CHEMBL5073622::en0_A7:S,CHEMBL5073622,0
CHEMBL5073622::en1_A7:R,CHEMBL5073622,1
CHEMBL507674::en0_A9:S;A13:R;A32:R,CHEMBL507674,0
CHEMBL507674::en1_A9:R;A13:R;A32:R,CHEMBL507674,1
CHEMBL507674::en2_A9:S;A13:S;A32:R,CHEMBL507674,2
CHEMBL507674::en3_A9:R;A13:S;A32:R,CHEMBL507674,3
CHEMBL507674::en4_A9:S;A13:R;A32:S,CHEMBL507674,4
CHEMBL508360::en0_A2:R;A7:S;A10:S;A11:S;A14:S;A18:S;A21:S;A26:S;A31:S;A32:S;A35:R;A38:R;A40:S;A47:R;A57:R;A60:S;A63:R,CHEMBL508360,0
CHEMBL508360::en1_A2:S;A7:R;A10:R;A11:R;A14:R;A18:S;A21:R;A26:S;A31:S;A32:S;A35:S;A38:R;A40:R;A47:R;A57:S;A60:S;A63:R,CHEMBL508360,1
CHEMBL508360::en2_A2:R;A7:S;A10:S;A11:S;A14:R;A18:S;A21:S;A26:S;A31:S;A32:S;A35:R;A38:R;A40:R;A47:R;A57:R;A60:S;A63:S,CHEMBL508360,2
CHEMBL508360::en3_A2:S;A7:S;A10:R;A11:R;A14:R;A18:S;A21:S;A26:S;A31:S;A32:S;A35:S;A38:S;A40:S;A47:S;A57:R;A60:R;A63:S,CHEMBL508360,3
CHEMBL508360::en4_A2:S;A7:R;A10:R;A11:S;A14:R;A18:R;A21:R;A26:R;A31:S;A32:R;A35:R;A38:R;A40:R;A47:R;A57:R;A60:R;A63:R,CHEMBL508360,4
CHEMBL5083772::en0_A24:S,CHEMBL5083772,0
CHEMBL5083772::en1_A24:R,CHEMBL5083772,1
CHEMBL508583::en0_A3:S;A6:R;A8:S;A11:R;A12:R;A13:R;A16:R;A18:S;A35:R;A37:S;A40:R,CHEMBL508583,0
CHEMBL508583::en1_A3:R;A6:R;A8:S;A11:R;A12:R;A13:S;A16:R;A18:S;A35:R;A37:R;A40:S,CHEMBL508583,1
CHEMBL508583::en2_A3:S;A6:S;A8:R;A11:R;A12:S;A13:S;A16:S;A18:R;A35:R;A37:S;A40:S,CHEMBL508583,2
CHEMBL508583::en3_A3:R;A6:S;A8:S;A11:R;A12:S;A13:S;A16:S;A18:S;A35:S;A37:R;A40:S,CHEMBL508583,3
CHEMBL508583::en4_A3:S;A6:R;A8:R;A11:R;A12:R;A13:S;A16:R;A18:S;A35:S;A37:R;A40:R,CHEMBL508583,4
CHEMBL5087025::en0_A1:R;A12:S,CHEMBL5087025,0
CHEMBL5087025::en1_A1:S;A12:S,CHEMBL5087025,1
CHEMBL5087025::en2_A1:R;A12:R,CHEMBL5087025,2
CHEMBL5087025::en3_A1:S;A12:R,CHEMBL5087025,3
CHEMBL5087025::en4_A1:R;A12:S,CHEMBL5087025,4
CHEMBL5087506::en0_A16:R;A20:S,CHEMBL5087506,0
CHEMBL5087506::en1_A16:S;A20:S,CHEMBL5087506,1
CHEMBL5087506::en2_A16:R;A20:R,CHEMBL5087506,2
CHEMBL5087506::en3_A16:S;A20:R,CHEMBL5087506,3
CHEMBL5090754::en0_A5:S,CHEMBL5090754,0
CHEMBL5090754::en1_A5:R,CHEMBL5090754,1
CHEMBL5093566::en0_A5:S,CHEMBL5093566,0
CHEMBL5093566::en1_A5:R,CHEMBL5093566,1
CHEMBL5095026::en0_A1:S,CHEMBL5095026,0
CHEMBL5095026::en1_A1:R,CHEMBL5095026,1
CHEMBL5095028::en0_A5:R;A7:R,CHEMBL5095028,0
CHEMBL5095028::en1_A5:S;A7:S,CHEMBL5095028,1
CHEMBL5095035::en0_A20:R,CHEMBL5095035,0
CHEMBL5095035::en1_A20:S,CHEMBL5095035,1
CHEMBL5095038::en0_A22:S,CHEMBL5095038,0
CHEMBL5095038::en1_A22:R,CHEMBL5095038,1
CHEMBL5095040::en0_A12:R;A14:S;A18:R;A21:S;A23:R;A27:S,CHEMBL5095040,0
CHEMBL5095040::en1_A12:S;A14:S;A18:R;A21:S;A23:R;A27:S,CHEMBL5095040,1
CHEMBL5095040::en2_A14:R;A18:R;A21:S;A23:R;A27:S,CHEMBL5095040,2
CHEMBL5095040::en3_A14:S;A18:S;A21:S;A23:R;A27:S,CHEMBL5095040,3
CHEMBL5095040::en4_A12:R;A14:S;A18:R;A21:R;A23:R;A27:S,CHEMBL5095040,4
CHEMBL5095042::en0_A1:S;A5:R;A6:S;A11:R;A15:R;A17:R,CHEMBL5095042,0
CHEMBL5095042::en1_A1:R;A5:R;A6:S;A11:R;A15:R;A17:R,CHEMBL5095042,1
CHEMBL5095042::en2_A1:S;A5:S;A6:S;A11:R;A15:R;A17:R,CHEMBL5095042,2
CHEMBL5095042::en3_A1:R;A5:S;A6:S;A11:R;A15:R;A17:R,CHEMBL5095042,3
CHEMBL5095042::en4_A1:S;A5:R;A6:R;A11:R;A15:R;A17:R,CHEMBL5095042,4
CHEMBL5095043::en0_A1:R,CHEMBL5095043,0
CHEMBL5095043::en1_A1:S,CHEMBL5095043,1
CHEMBL5095044::en0_A13:R;A16:R;A23:S;A27:R,CHEMBL5095044,0
CHEMBL5095044::en1_A13:S;A16:R;A23:S;A27:R,CHEMBL5095044,1
CHEMBL5095044::en2_A13:R;A16:S;A23:S;A27:R,CHEMBL5095044,2
CHEMBL5095044::en3_A13:S;A16:S;A23:S;A27:R,CHEMBL5095044,3
CHEMBL5095044::en4_A13:R;A16:R;A23:R;A27:R,CHEMBL5095044,4
CHEMBL5095062::en0_A1:R;A25:R;A29:S,CHEMBL5095062,0
CHEMBL5095062::en1_A1:S;A25:R;A29:S,CHEMBL5095062,1
CHEMBL5095062::en2_A1:R;A25:S;A29:S,CHEMBL5095062,2
CHEMBL5095062::en3_A1:S;A25:S;A29:S,CHEMBL5095062,3
CHEMBL5095062::en4_A1:R;A25:R;A29:R,CHEMBL5095062,4
CHEMBL5095063::en0_A10:S;A22:R,CHEMBL5095063,0
CHEMBL5095063::en1_A10:R;A22:R,CHEMBL5095063,1
CHEMBL5095063::en2_A10:S;A22:S,CHEMBL5095063,2
CHEMBL5095063::en3_A10:R;A22:S,CHEMBL5095063,3
CHEMBL5095066::en0_A6:S;A42:S,CHEMBL5095066,0
CHEMBL5095066::en1_A6:R;A42:S,CHEMBL5095066,1
CHEMBL5095066::en2_A6:S;A42:R,CHEMBL5095066,2
CHEMBL5095066::en3_A6:R;A42:R,CHEMBL5095066,3
CHEMBL5095069::en0_A2:S;A5:R;A6:S;A15:R;A17:R;A20:S,CHEMBL5095069,0
CHEMBL5095069::en1_A2:R;A5:R;A6:S;A15:R;A17:R;A20:S,CHEMBL5095069,1
CHEMBL5095069::en2_A2:S;A5:S;A6:S;A15:R;A17:R;A20:S,CHEMBL5095069,2
CHEMBL5095069::en3_A2:R;A5:S;A6:S;A15:R;A17:R;A20:S,CHEMBL5095069,3
CHEMBL5095069::en4_A2:S;A5:R;A6:R;A15:R;A17:R;A20:S,CHEMBL5095069,4
CHEMBL5095070::en0_A13:R,CHEMBL5095070,0
CHEMBL5095070::en1_A13:S,CHEMBL5095070,1
CHEMBL5095071::en0_A23:S;A33:R,CHEMBL5095071,0
CHEMBL5095071::en1_A23:R;A33:R,CHEMBL5095071,1
CHEMBL5095071::en2_A23:S;A33:S,CHEMBL5095071,2
CHEMBL5095071::en3_A23:R;A33:S,CHEMBL5095071,3
CHEMBL5095073::en0_A25:R,CHEMBL5095073,0
CHEMBL5095073::en1_A25:S,CHEMBL5095073,1
CHEMBL5095073::en2_A25:R,CHEMBL5095073,2
CHEMBL5095073::en3_A25:S,CHEMBL5095073,3
CHEMBL5095074::en0_A5:R;A10:R;A12:R;A22:S,CHEMBL5095074,0
CHEMBL5095074::en1_A5:S;A10:R;A12:S;A22:S,CHEMBL5095074,1
CHEMBL5095074::en2_A5:R;A10:S;A22:S,CHEMBL5095074,2
CHEMBL5095074::en3_A5:S;A10:S;A22:S,CHEMBL5095074,3
CHEMBL5095074::en4_A5:R;A10:R;A12:S;A22:S,CHEMBL5095074,4
CHEMBL5095075::en0_A3:S;A4:S;A7:R;A10:R,CHEMBL5095075,0
CHEMBL5095075::en1_A3:R;A4:S;A7:S;A10:R,CHEMBL5095075,1
CHEMBL5095076::en0_A7:S,CHEMBL5095076,0
CHEMBL5095076::en1_A7:R,CHEMBL5095076,1
CHEMBL5095078::en0_A3:S;A7:R;A9:R;A12:R;A13:S;A16:S;A18:R;A29:S,CHEMBL5095078,0
CHEMBL5095078::en1_A3:R;A7:R;A9:R;A12:R;A13:S;A16:S;A18:R;A29:S,CHEMBL5095078,1
CHEMBL5095078::en2_A3:S;A7:S;A9:R;A12:R;A13:S;A16:S;A18:R;A29:S,CHEMBL5095078,2
CHEMBL5095078::en3_A3:R;A7:S;A9:R;A12:R;A13:S;A16:S;A18:R;A29:S,CHEMBL5095078,3
CHEMBL5095078::en4_A3:S;A7:R;A9:S;A12:R;A13:S;A16:S;A18:R;A29:S,CHEMBL5095078,4
CHEMBL5095080::en0_A8:R;A23:S,CHEMBL5095080,0
CHEMBL5095080::en1_A8:S;A23:S,CHEMBL5095080,1
CHEMBL5095080::en2_A8:R;A23:R,CHEMBL5095080,2
CHEMBL5095080::en3_A8:S;A23:R,CHEMBL5095080,3
CHEMBL5095081::en0_A14:R,CHEMBL5095081,0
CHEMBL5095081::en1_A14:S,CHEMBL5095081,1
CHEMBL5095082::en0_A2:S;A7:S;A9:S;A11:R,CHEMBL5095082,0
CHEMBL5095082::en1_A2:R;A7:S;A9:S;A11:R,CHEMBL5095082,1
CHEMBL5095082::en2_A2:S;A7:R;A9:S;A11:R,CHEMBL5095082,2
CHEMBL5095082::en3_A2:R;A7:R;A9:S;A11:R,CHEMBL5095082,3
CHEMBL5095082::en4_A2:S;A7:S;A9:R;A11:R,CHEMBL5095082,4
CHEMBL5095089::en0_A11:S;A20:S;A28:S;A39:R,CHEMBL5095089,0
CHEMBL5095089::en1_A11:R;A20:S;A28:S;A39:R,CHEMBL5095089,1
CHEMBL5095089::en2_A11:S;A20:R;A28:S;A39:R,CHEMBL5095089,2
CHEMBL5095089::en3_A11:R;A20:R;A28:S;A39:R,CHEMBL5095089,3
CHEMBL5095089::en4_A11:S;A20:S;A28:R;A39:R,CHEMBL5095089,4
CHEMBL5095093::en0_A4:R,CHEMBL5095093,0
CHEMBL5095093::en1_A4:S,CHEMBL5095093,1
CHEMBL5095095::en0_A1:R;A4:S;A11:S;A14:R;A15:S;A20:R;A25:R;A27:R;A30:R,CHEMBL5095095,0
CHEMBL5095095::en1_A1:S;A4:S;A11:S;A14:R;A15:S;A20:R;A25:R;A27:R;A30:R,CHEMBL5095095,1
CHEMBL5095095::en2_A1:R;A4:R;A11:S;A14:R;A15:S;A20:R;A25:R;A27:R;A30:R,CHEMBL5095095,2
CHEMBL5095095::en3_A1:S;A4:R;A11:S;A14:R;A15:S;A20:R;A25:R;A27:R;A30:R,CHEMBL5095095,3
CHEMBL5095095::en4_A1:R;A4:S;A11:R;A14:R;A15:S;A20:R;A25:R;A27:R;A30:R,CHEMBL5095095,4
CHEMBL5095097::en0_A1:R;A26:S,CHEMBL5095097,0
CHEMBL5095097::en1_A1:S;A26:S,CHEMBL5095097,1
CHEMBL5095097::en2_A1:R;A26:R,CHEMBL5095097,2
CHEMBL5095097::en3_A1:S;A26:R,CHEMBL5095097,3
CHEMBL5095098::en0_A3:R;A9:S,CHEMBL5095098,0
CHEMBL5095098::en1_A3:S;A9:S,CHEMBL5095098,1
CHEMBL5095098::en2_A3:R;A9:R,CHEMBL5095098,2
CHEMBL5095098::en3_A3:S;A9:R,CHEMBL5095098,3
CHEMBL5095099::en0_A11:R;A24:R,CHEMBL5095099,0
CHEMBL5095099::en1_A11:S;A24:R,CHEMBL5095099,1
CHEMBL5095099::en2_A11:R;A24:S,CHEMBL5095099,2
CHEMBL5095099::en3_A11:S;A24:S,CHEMBL5095099,3
CHEMBL5095105::en0_A4:S;A7:S,CHEMBL5095105,0
CHEMBL5095105::en1_A4:R;A7:R,CHEMBL5095105,1
CHEMBL5095165::en0_A11:R,CHEMBL5095165,0
CHEMBL5095165::en1_A11:S,CHEMBL5095165,1
CHEMBL5095168::en0_A1:S;A3:R;A13:S;A16:S;A32:R;A34:S,CHEMBL5095168,0
CHEMBL5095168::en1_A1:R;A3:R;A13:S;A16:S;A32:R;A34:S,CHEMBL5095168,1
CHEMBL5095168::en2_A1:S;A3:S;A13:S;A16:S;A32:R;A34:S,CHEMBL5095168,2
CHEMBL5095168::en3_A1:R;A3:S;A13:S;A16:S;A32:R;A34:S,CHEMBL5095168,3
CHEMBL5095168::en4_A1:S;A3:R;A13:R;A16:S;A32:R;A34:S,CHEMBL5095168,4
CHEMBL5095169::en0_A2:R;A24:S;A30:S;A37:S,CHEMBL5095169,0
CHEMBL5095169::en1_A2:S;A24:S;A30:S;A37:S,CHEMBL5095169,1
CHEMBL5095169::en2_A2:R;A24:R;A30:S;A37:S,CHEMBL5095169,2
CHEMBL5095169::en3_A2:S;A24:R;A30:S;A37:S,CHEMBL5095169,3
CHEMBL5095169::en4_A2:R;A24:S;A30:R;A37:S,CHEMBL5095169,4
CHEMBL5095171::en0_A27:S,CHEMBL5095171,0
CHEMBL5095171::en1_A27:R,CHEMBL5095171,1
CHEMBL5095173::en0_A21:S;A27:S;A29:S;A31:S;A33:S;A35:S,CHEMBL5095173,0
CHEMBL5095173::en1_A21:R;A27:S;A29:S;A31:S;A33:S;A35:S,CHEMBL5095173,1
CHEMBL5095173::en2_A21:S;A27:R;A29:S;A31:S;A33:S;A35:S,CHEMBL5095173,2
CHEMBL5095173::en3_A21:R;A27:R;A29:S;A31:S;A33:S;A35:S,CHEMBL5095173,3
CHEMBL5095173::en4_A21:S;A27:S;A29:R;A31:S;A33:S;A35:S,CHEMBL5095173,4
CHEMBL5095183::en0_A22:R,CHEMBL5095183,0
CHEMBL5095183::en1_A22:S,CHEMBL5095183,1
CHEMBL5095184::en0_A28:S;A31:R,CHEMBL5095184,0
CHEMBL5095184::en1_A28:R;A31:R,CHEMBL5095184,1
CHEMBL5095184::en2_A28:S;A31:S,CHEMBL5095184,2
CHEMBL5095184::en3_A28:R;A31:S,CHEMBL5095184,3
CHEMBL5095185::en0_A24:R,CHEMBL5095185,0
CHEMBL5095185::en1_A24:S,CHEMBL5095185,1
CHEMBL5095189::en0_A9:R;A12:S;A16:S,CHEMBL5095189,0
CHEMBL5095189::en1_A9:S;A12:S;A16:S,CHEMBL5095189,1
CHEMBL5095189::en2_A9:R;A12:R;A16:S,CHEMBL5095189,2
CHEMBL5095189::en3_A9:S;A12:R;A16:S,CHEMBL5095189,3
CHEMBL5095189::en4_A9:R;A12:S;A16:R,CHEMBL5095189,4
CHEMBL5095191::en0_A11:R;A16:R,CHEMBL5095191,0
CHEMBL5095191::en1_A11:S;A16:R,CHEMBL5095191,1
CHEMBL5095191::en2_A11:R;A16:S,CHEMBL5095191,2
CHEMBL5095191::en3_A11:S;A16:S,CHEMBL5095191,3
CHEMBL5095193::en0_A2:S,CHEMBL5095193,0
CHEMBL5095193::en1_A2:R,CHEMBL5095193,1
CHEMBL5095200::en0_A9:R;A11:R;A14:S;A18:S;A19:S;A21:R;A33:R;A36:S;A40:S;A41:R,CHEMBL5095200,0
CHEMBL5095200::en1_A9:S;A11:R;A14:S;A18:S;A19:S;A21:R;A33:R;A36:S;A40:S;A41:R,CHEMBL5095200,1
CHEMBL5095200::en2_A9:R;A11:S;A14:S;A18:S;A19:S;A21:R;A33:R;A36:S;A40:S;A41:R,CHEMBL5095200,2
CHEMBL5095200::en3_A9:S;A11:S;A14:S;A18:S;A19:S;A21:R;A33:R;A36:S;A40:S;A41:R,CHEMBL5095200,3
CHEMBL5095200::en4_A9:R;A11:R;A14:R;A18:S;A19:S;A21:R;A33:R;A36:S;A40:S;A41:R,CHEMBL5095200,4
CHEMBL5095214::en0_A4:R;A6:R;A9:R;A12:R;A27:S;A29:S,CHEMBL5095214,0
CHEMBL5095214::en1_A4:S;A6:R;A9:R;A12:R;A27:S;A29:S,CHEMBL5095214,1
CHEMBL5095214::en2_A4:R;A6:S;A9:R;A12:R;A27:S;A29:S,CHEMBL5095214,2
CHEMBL5095214::en3_A4:S;A6:S;A9:R;A12:R;A27:S;A29:S,CHEMBL5095214,3
CHEMBL5095214::en4_A4:R;A6:R;A9:S;A12:R;A27:S;A29:S,CHEMBL5095214,4
CHEMBL5095217::en0_A12:R;A14:R,CHEMBL5095217,0
CHEMBL5095217::en1_A12:S;A14:R,CHEMBL5095217,1
CHEMBL5095217::en2_A12:R;A14:S,CHEMBL5095217,2
CHEMBL5095217::en3_A12:S;A14:S,CHEMBL5095217,3
CHEMBL5095219::en0_A1:S;A27:S,CHEMBL5095219,0
CHEMBL5095219::en1_A1:R;A27:S,CHEMBL5095219,1
CHEMBL5095219::en2_A1:S;A27:R,CHEMBL5095219,2
CHEMBL5095219::en3_A1:R;A27:R,CHEMBL5095219,3
CHEMBL5095221::en0_A18:R;A23:S,CHEMBL5095221,0
CHEMBL5095221::en1_A18:S;A23:S,CHEMBL5095221,1
CHEMBL5095221::en2_A18:R;A23:R,CHEMBL5095221,2
CHEMBL5095221::en3_A18:S;A23:R,CHEMBL5095221,3
CHEMBL5095224::en0_A9:R;A19:R,CHEMBL5095224,0
CHEMBL5095224::en1_A9:S;A19:R,CHEMBL5095224,1
CHEMBL5095224::en2_A9:R;A19:S,CHEMBL5095224,2
CHEMBL5095224::en3_A9:S;A19:S,CHEMBL5095224,3
CHEMBL5095226::en0_A4:S,CHEMBL5095226,0
CHEMBL5095226::en1_A4:R,CHEMBL5095226,1
CHEMBL5095228::en0_A24:S;A34:R,CHEMBL5095228,0
CHEMBL5095228::en1_A24:R;A34:R,CHEMBL5095228,1
CHEMBL5095228::en2_A24:S;A34:S,CHEMBL5095228,2
CHEMBL5095228::en3_A24:R;A34:S,CHEMBL5095228,3
CHEMBL5095230::en0_A5:S,CHEMBL5095230,0
CHEMBL5095230::en1_A5:R,CHEMBL5095230,1
CHEMBL5095231::en0_A5:R;A8:S;A9:S,CHEMBL5095231,0
CHEMBL5095231::en1_A5:S;A8:R;A9:S,CHEMBL5095231,1
CHEMBL5095231::en2_A5:S;A8:S;A9:R,CHEMBL5095231,2
CHEMBL5095231::en3_A5:R;A8:R;A9:R,CHEMBL5095231,3
CHEMBL5095233::en0_A1:R;A5:R;A7:R;A8:R;A10:S;A12:S;A17:S;A19:R;A20:R;A22:S,CHEMBL5095233,0
CHEMBL5095233::en1_A1:S;A5:S;A7:R;A8:S;A10:R;A12:S;A17:R;A19:S;A20:S;A22:S,CHEMBL5095233,1
CHEMBL5095233::en2_A1:S;A5:R;A7:R;A8:S;A10:R;A12:S;A17:R;A19:R;A20:R;A22:S,CHEMBL5095233,2
CHEMBL5095233::en3_A1:S;A5:R;A7:S;A8:R;A10:S;A12:R;A17:S;A19:S;A20:R;A22:R,CHEMBL5095233,3
CHEMBL5095233::en4_A1:R;A5:R;A7:S;A8:S;A10:R;A12:S;A17:S;A19:S;A20:S;A22:S,CHEMBL5095233,4
CHEMBL5095235::en0_A7:R;A11:S,CHEMBL5095235,0
CHEMBL5095235::en1_A7:S;A11:S,CHEMBL5095235,1
CHEMBL5095235::en2_A7:R;A11:R,CHEMBL5095235,2
CHEMBL5095235::en3_A7:S;A11:R,CHEMBL5095235,3
CHEMBL5095237::en0_A22:S;A42:S,CHEMBL5095237,0
CHEMBL5095237::en1_A22:R;A42:S,CHEMBL5095237,1
CHEMBL5095237::en2_A22:R;A42:R,CHEMBL5095237,2
CHEMBL5095240::en0_A6:R,CHEMBL5095240,0
CHEMBL5095240::en1_A6:S,CHEMBL5095240,1
CHEMBL5095250::en0_A19:R,CHEMBL5095250,0
CHEMBL5095250::en1_A19:S,CHEMBL5095250,1
CHEMBL5095251::en0_A13:S;A23:S,CHEMBL5095251,0
CHEMBL5095251::en1_A13:R;A23:S,CHEMBL5095251,1
CHEMBL5095251::en2_A13:S;A23:R,CHEMBL5095251,2
CHEMBL5095251::en3_A13:R;A23:R,CHEMBL5095251,3
CHEMBL5095254::en0_A9:R,CHEMBL5095254,0
CHEMBL5095254::en1_A9:S,CHEMBL5095254,1
CHEMBL5095257::en0_A21:S,CHEMBL5095257,0
CHEMBL5095257::en1_A21:R,CHEMBL5095257,1
CHEMBL5095258::en0_A1:S;A9:R,CHEMBL5095258,0
CHEMBL5095258::en1_A1:R;A9:R,CHEMBL5095258,1
CHEMBL5095258::en2_A1:S;A9:S,CHEMBL5095258,2
CHEMBL5095258::en3_A1:R;A9:S,CHEMBL5095258,3
CHEMBL5095260::en0_A1:R;A10:S;A13:S;A16:R,CHEMBL5095260,0
CHEMBL5095260::en1_A1:S;A10:S;A13:S;A16:R,CHEMBL5095260,1
CHEMBL5095260::en2_A1:R;A10:R;A13:S;A16:R,CHEMBL5095260,2
CHEMBL5095260::en3_A1:S;A10:R;A13:S;A16:R,CHEMBL5095260,3
CHEMBL5095262::en0_A4:S;A7:S,CHEMBL5095262,0
CHEMBL5095262::en1_A4:R;A7:R,CHEMBL5095262,1
CHEMBL5095393::en0_A10:R;A11:S;A15:R;A18:S,CHEMBL5095393,0
CHEMBL5095393::en1_A10:S;A11:S;A15:R;A18:S,CHEMBL5095393,1
CHEMBL5095393::en2_A10:R;A11:R;A15:R;A18:S,CHEMBL5095393,2
CHEMBL5095393::en3_A10:S;A11:R;A15:R;A18:S,CHEMBL5095393,3
CHEMBL5095393::en4_A10:R;A11:S;A15:S;A18:S,CHEMBL5095393,4
CHEMBL5095395::en0_A6:R;A9:R;A10:S;A13:S;A25:R;A28:S,CHEMBL5095395,0
CHEMBL5095395::en1_A6:S;A9:R;A10:S;A13:S;A25:R;A28:S,CHEMBL5095395,1
CHEMBL5095395::en2_A6:R;A9:S;A10:S;A13:S;A25:R;A28:S,CHEMBL5095395,2
CHEMBL5095395::en3_A6:S;A9:S;A10:S;A13:S;A25:R;A28:S,CHEMBL5095395,3
CHEMBL5095395::en4_A6:R;A9:R;A10:R;A13:S;A25:R;A28:S,CHEMBL5095395,4
CHEMBL5095397::en0_A1:S;A2:S;A3:S;A4:S;A9:R;A10:S;A33:R;A34:S;A35:R;A36:R;A37:R;A47:S,CHEMBL5095397,0
CHEMBL5095403::en0_A1:S;A12:S;A14:R,CHEMBL5095403,0
CHEMBL5095403::en1_A1:R;A12:S;A14:R,CHEMBL5095403,1
CHEMBL5095403::en2_A1:S;A12:R;A14:R,CHEMBL5095403,2
CHEMBL5095403::en3_A1:R;A12:R;A14:R,CHEMBL5095403,3
CHEMBL5095403::en4_A1:S;A12:S;A14:S,CHEMBL5095403,4
CHEMBL5095404::en0_A12:R;A14:R;A17:R;A20:R;A35:S;A37:S,CHEMBL5095404,0
CHEMBL5095404::en1_A12:S;A14:R;A17:R;A20:R;A35:S;A37:S,CHEMBL5095404,1
CHEMBL5095404::en2_A12:R;A14:S;A17:R;A20:R;A35:S;A37:S,CHEMBL5095404,2
CHEMBL5095404::en3_A12:S;A14:S;A17:R;A20:R;A35:S;A37:S,CHEMBL5095404,3
CHEMBL5095404::en4_A12:R;A14:R;A17:S;A20:R;A35:S;A37:S,CHEMBL5095404,4
CHEMBL5095417::en0_A14:R,CHEMBL5095417,0
CHEMBL5095417::en1_A14:S,CHEMBL5095417,1
CHEMBL5095419::en0_A8:R;A24:S;A36:R,CHEMBL5095419,0
CHEMBL5095419::en1_A8:S;A24:S;A36:R,CHEMBL5095419,1
CHEMBL5095419::en2_A8:R;A24:R;A36:R,CHEMBL5095419,2
CHEMBL5095419::en3_A8:S;A24:R;A36:R,CHEMBL5095419,3
CHEMBL5095419::en4_A8:R;A24:S;A36:S,CHEMBL5095419,4
CHEMBL5095426::en0_A1:R;A18:R;A21:R,CHEMBL5095426,0
CHEMBL5095426::en1_A1:S;A18:R;A21:R,CHEMBL5095426,1
CHEMBL5095426::en2_A1:R;A18:S;A21:R,CHEMBL5095426,2
CHEMBL5095426::en3_A1:S;A18:S;A21:R,CHEMBL5095426,3
CHEMBL5095426::en4_A1:R;A18:R;A21:S,CHEMBL5095426,4
CHEMBL5095505::en0_A4:S;A5:S;A6:S;A14:S;A15:R;A16:R;A17:S;A18:R;A19:S;A24:R;A25:R;A26:S;A28:R;A29:R,CHEMBL5095505,0
CHEMBL5095506::en0_A25:S,CHEMBL5095506,0
CHEMBL5095506::en1_A25:R,CHEMBL5095506,1
CHEMBL5095508::en0_A1:S;A12:S;A15:R;A16:R;A17:R;A20:R;A22:R;A26:R;A28:S;A30:R;A32:S,CHEMBL5095508,0
CHEMBL5095508::en1_A1:S;A12:S;A15:S;A16:S;A17:R;A20:R;A22:R;A26:R;A28:R;A30:S;A32:R,CHEMBL5095508,1
CHEMBL5095508::en2_A1:R;A12:S;A15:S;A16:S;A17:S;A20:R;A22:S;A26:R;A28:S;A30:S;A32:R,CHEMBL5095508,2
CHEMBL5095508::en3_A1:S;A12:R;A15:R;A16:R;A17:S;A20:R;A22:R;A26:R;A28:S;A30:R;A32:R,CHEMBL5095508,3
CHEMBL5095508::en4_A1:R;A12:S;A15:R;A16:S;A17:R;A20:R;A22:R;A26:S;A28:S;A30:R;A32:S,CHEMBL5095508,4
CHEMBL509924::en0_A1:R;A3:R;A4:S;A6:S;A14:S;A16:S;A18:R;A21:S;A23:R,CHEMBL509924,0
CHEMBL509924::en1_A1:S;A3:R;A4:S;A6:S;A14:S;A16:S;A18:R;A21:S;A23:R,CHEMBL509924,1
CHEMBL509924::en2_A1:R;A3:S;A4:S;A6:S;A14:S;A16:S;A18:R;A21:S;A23:R,CHEMBL509924,2
CHEMBL509924::en3_A1:S;A3:S;A4:S;A6:S;A14:S;A16:S;A18:R;A21:S;A23:R,CHEMBL509924,3
CHEMBL509924::en4_A1:R;A3:R;A4:R;A6:S;A14:S;A16:S;A18:R;A21:S;A23:R,CHEMBL509924,4
CHEMBL510095::en0_A6:S;A9:S;A11:S;A14:S;A16:S;A18:S;A20:S;A23:S;A25:S;A26:R;A29:S;A30:R;A34:S;A39:R;A40:R;A42:S;A44:S;A47:S;A49:R;A51:S;A53:R;A55:S;A57:R;A59:S;A61:R;A64:R,CHEMBL510095,0
CHEMBL510095::en1_A6:S;A9:S;A11:R;A14:R;A16:R;A18:S;A20:S;A23:S;A25:R;A26:R;A29:R;A30:R;A34:S;A39:S;A40:S;A42:R;A44:R;A47:S;A49:R;A51:S;A53:R;A55:R;A57:R;A59:S;A61:S;A64:R,CHEMBL510095,1
CHEMBL510095::en2_A6:R;A9:R;A11:R;A14:R;A16:R;A18:S;A20:R;A23:S;A25:S;A26:S;A29:R;A30:R;A34:S;A39:R;A40:S;A42:S;A44:R;A47:R;A49:S;A51:R;A53:R;A55:S;A57:S;A59:S;A61:R;A64:R,CHEMBL510095,2
CHEMBL510095::en3_A6:S;A9:R;A11:R;A14:R;A16:S;A18:S;A20:R;A23:R;A25:S;A26:R;A29:R;A30:R;A34:S;A39:S;A40:R;A42:S;A44:S;A47:R;A49:S;A51:S;A53:S;A55:S;A57:S;A59:S;A61:R;A64:R,CHEMBL510095,3
CHEMBL510095::en4_A6:S;A9:S;A11:S;A14:S;A16:R;A18:R;A20:S;A23:R;A25:R;A26:R;A29:S;A30:S;A34:S;A39:S;A40:R;A42:R;A44:R;A47:S;A49:S;A51:R;A53:R;A55:S;A57:S;A59:S;A61:S;A64:S,CHEMBL510095,4
CHEMBL511115::en0_A6:R;A11:R,CHEMBL511115,0
CHEMBL511115::en1_A6:S;A11:S,CHEMBL511115,1
CHEMBL511142::en0_A2:S;A5:R;A7:R;A8:S;A15:S;A24:R;A32:S,CHEMBL511142,0
CHEMBL511142::en1_A2:R;A5:S;A7:R;A8:S;A15:S;A24:R;A32:S,CHEMBL511142,1
CHEMBL513856::en0_A2:R;A4:R;A5:R;A14:R;A15:R;A18:S;A20:R,CHEMBL513856,0
CHEMBL513856::en1_A2:S;A4:R;A5:R;A14:R;A15:R;A18:S;A20:R,CHEMBL513856,1
CHEMBL513856::en2_A2:R;A4:S;A5:R;A14:R;A15:R;A18:S;A20:R,CHEMBL513856,2
CHEMBL513856::en3_A2:S;A4:S;A5:R;A14:R;A15:R;A18:S;A20:R,CHEMBL513856,3
CHEMBL513856::en4_A2:R;A4:R;A5:S;A14:R;A15:R;A18:S;A20:R,CHEMBL513856,4
CHEMBL513909::en0_A2:R,CHEMBL513909,0
CHEMBL513909::en1_A2:S,CHEMBL513909,1
CHEMBL514201::en0_A1:R;A12:R,CHEMBL514201,0
CHEMBL514201::en1_A1:S;A12:R,CHEMBL514201,1
CHEMBL514201::en2_A1:R;A12:S,CHEMBL514201,2
CHEMBL514201::en3_A1:S;A12:S,CHEMBL514201,3
CHEMBL514446::en0_A1:R;A7:S;A10:R;A11:R;A15:S;A21:S;A23:R;A27:R,CHEMBL514446,0
CHEMBL514446::en1_A1:S;A7:S;A10:R;A11:R;A15:S;A21:S;A23:R;A27:R,CHEMBL514446,1
CHEMBL514446::en2_A1:R;A7:R;A10:R;A11:R;A15:S;A21:S;A23:R;A27:R,CHEMBL514446,2
CHEMBL514446::en3_A1:S;A7:R;A10:R;A11:R;A15:S;A21:S;A23:R;A27:R,CHEMBL514446,3
CHEMBL514446::en4_A1:R;A7:S;A10:S;A11:R;A15:S;A21:S;A23:R;A27:R,CHEMBL514446,4
CHEMBL514800::en0_A6:R,CHEMBL514800,0
CHEMBL514800::en1_A6:S,CHEMBL514800,1
CHEMBL515408::en0_A15:R;A17:R;A20:R;A22:S,CHEMBL515408,0
CHEMBL515408::en1_A15:S;A17:R;A20:R;A22:S,CHEMBL515408,1
CHEMBL515408::en2_A15:R;A17:S;A20:R;A22:S,CHEMBL515408,2
CHEMBL515408::en3_A15:S;A17:S;A20:R;A22:S,CHEMBL515408,3
CHEMBL515408::en4_A15:R;A17:R;A20:S;A22:S,CHEMBL515408,4
CHEMBL515564::en0_A21:R;A26:R,CHEMBL515564,0
CHEMBL515564::en1_A21:S;A26:R,CHEMBL515564,1
CHEMBL515564::en2_A21:R;A26:S,CHEMBL515564,2
CHEMBL515564::en3_A21:S;A26:S,CHEMBL515564,3
CHEMBL515606::en0_A5:S;A15:R;A23:R,CHEMBL515606,0
CHEMBL515606::en1_A5:R;A15:R;A23:R,CHEMBL515606,1
CHEMBL515606::en2_A5:S;A15:S;A23:R,CHEMBL515606,2
CHEMBL515606::en3_A5:R;A15:S;A23:R,CHEMBL515606,3
CHEMBL515606::en4_A5:S;A15:R;A23:S,CHEMBL515606,4
CHEMBL515668::en0_A21:R;A28:S;A30:R;A32:R;A35:S,CHEMBL515668,0
CHEMBL515668::en1_A21:S;A28:S;A30:R;A32:R;A35:S,CHEMBL515668,1
CHEMBL515668::en2_A21:R;A28:R;A30:R;A32:R;A35:S,CHEMBL515668,2
CHEMBL515668::en3_A21:S;A28:R;A30:R;A32:R;A35:S,CHEMBL515668,3
CHEMBL515668::en4_A21:R;A28:S;A30:S;A32:R;A35:S,CHEMBL515668,4
CHEMBL515914::en0_A5:S;A7:S;A16:R;A21:R,CHEMBL515914,0
CHEMBL515914::en1_A5:R;A7:S;A16:R;A21:R,CHEMBL515914,1
CHEMBL515914::en2_A5:S;A7:R;A16:R;A21:R,CHEMBL515914,2
CHEMBL515914::en3_A5:R;A7:R;A16:R;A21:R,CHEMBL515914,3
CHEMBL515914::en4_A5:S;A7:S;A16:S;A21:R,CHEMBL515914,4
CHEMBL515966::en0_A13:S;A20:S,CHEMBL515966,0
CHEMBL515966::en1_A13:R;A20:S,CHEMBL515966,1
CHEMBL516268::en0_A1:S;A2:R;A12:R;A14:S;A18:R;A19:R;A23:S;A24:S,CHEMBL516268,0
CHEMBL516268::en1_A1:R;A2:R;A12:R;A14:S;A18:R;A19:R;A23:S;A24:S,CHEMBL516268,1
CHEMBL516268::en2_A1:S;A2:S;A12:R;A14:S;A18:R;A19:R;A23:S;A24:S,CHEMBL516268,2
CHEMBL516268::en3_A1:R;A2:S;A12:R;A14:S;A18:R;A19:R;A23:S;A24:S,CHEMBL516268,3
CHEMBL516268::en4_A1:S;A2:R;A12:S;A14:S;A18:R;A19:R;A23:S;A24:S,CHEMBL516268,4
CHEMBL5170587::en0_A10:R;A11:S,CHEMBL5170587,0
CHEMBL5170587::en1_A10:S;A11:S,CHEMBL5170587,1
CHEMBL5170587::en2_A10:R;A11:R,CHEMBL5170587,2
CHEMBL5170587::en3_A10:S;A11:R,CHEMBL5170587,3
CHEMBL517231::en0_A2:R;A6:S;A19:S,CHEMBL517231,0
CHEMBL517231::en1_A2:S;A6:S;A19:S,CHEMBL517231,1
CHEMBL517231::en2_A2:R;A6:R;A19:S,CHEMBL517231,2
CHEMBL517231::en3_A2:S;A6:R;A19:S,CHEMBL517231,3
CHEMBL517231::en4_A2:R;A6:S;A19:R,CHEMBL517231,4
CHEMBL517341::en0_A4:S;A5:R;A7:S;A8:R;A11:S;A14:R;A18:R;A20:R;A23:R;A25:S,CHEMBL517341,0
CHEMBL517341::en1_A4:R;A5:R;A7:S;A8:R;A11:S;A14:R;A18:R;A20:R;A23:R;A25:S,CHEMBL517341,1
CHEMBL517341::en2_A4:S;A5:S;A7:R;A8:R;A11:S;A14:R;A18:R;A20:R;A23:R;A25:S,CHEMBL517341,2
CHEMBL517712::en0_A2:S;A5:R;A7:R;A11:S,CHEMBL517712,0
CHEMBL517712::en1_A2:R;A5:S;A7:S;A11:S,CHEMBL517712,1
CHEMBL5182222::en0_A2:S;A4:R;A13:R;A15:R;A30:S,CHEMBL5182222,0
CHEMBL5182222::en1_A2:R;A4:R;A13:R;A15:R;A30:S,CHEMBL5182222,1
CHEMBL5182222::en2_A2:S;A4:S;A13:R;A15:R;A30:S,CHEMBL5182222,2
CHEMBL5182222::en3_A2:R;A4:S;A13:R;A15:R;A30:S,CHEMBL5182222,3
CHEMBL5182222::en4_A2:S;A4:R;A13:S;A15:R;A30:S,CHEMBL5182222,4
CHEMBL5192659::en0_A9:S,CHEMBL5192659,0
CHEMBL5192659::en1_A9:R,CHEMBL5192659,1
CHEMBL519504::en0_A2:R,CHEMBL519504,0
CHEMBL519504::en1_A2:S,CHEMBL519504,1
CHEMBL5201510::en0_A3:R;A6:S;A20:R;A22:R;A25:R;A26:R;A34:S;A45:R;A48:S;A50:S,CHEMBL5201510,0
CHEMBL5201510::en1_A3:S;A6:S;A20:R;A22:R;A25:R;A26:R;A34:S;A45:R;A48:S;A50:S,CHEMBL5201510,1
CHEMBL5201510::en2_A3:R;A6:R;A20:R;A22:R;A25:R;A26:R;A34:S;A45:R;A48:S;A50:S,CHEMBL5201510,2
CHEMBL5201510::en3_A3:S;A6:R;A20:R;A22:R;A25:R;A26:R;A34:S;A45:R;A48:S;A50:S,CHEMBL5201510,3
CHEMBL5201510::en4_A3:R;A6:S;A20:S;A22:R;A25:R;A26:R;A34:S;A45:R;A48:S;A50:S,CHEMBL5201510,4
CHEMBL5201870::en0_A12:R;A15:S,CHEMBL5201870,0
CHEMBL5201870::en1_A12:S;A15:S,CHEMBL5201870,1
CHEMBL5201870::en2_A12:R;A15:R,CHEMBL5201870,2
CHEMBL5201870::en3_A12:S;A15:R,CHEMBL5201870,3
CHEMBL5202666::en0_A1:R,CHEMBL5202666,0
CHEMBL5202666::en1_A1:S,CHEMBL5202666,1
CHEMBL5204429::en0_A25:R,CHEMBL5204429,0
CHEMBL5204429::en1_A25:S,CHEMBL5204429,1
CHEMBL520642::en0_A10:R;A24:R;A33:R,CHEMBL520642,0
CHEMBL520642::en1_A10:S;A24:R;A33:R,CHEMBL520642,1
CHEMBL520642::en2_A10:R;A24:S;A33:R,CHEMBL520642,2
CHEMBL520642::en3_A10:S;A24:S;A33:R,CHEMBL520642,3
CHEMBL520642::en4_A10:R;A24:R;A33:S,CHEMBL520642,4
CHEMBL520733::en0_A3:S;A8:R;A13:S,CHEMBL520733,0
CHEMBL520733::en1_A3:R;A8:R;A13:S,CHEMBL520733,1
CHEMBL520733::en2_A3:S;A8:S;A13:S,CHEMBL520733,2
CHEMBL520733::en3_A3:R;A8:S;A13:S,CHEMBL520733,3
CHEMBL520733::en4_A3:S;A8:R;A13:R,CHEMBL520733,4
CHEMBL521078::en0_A2:S;A3:S;A21:S;A22:S,CHEMBL521078,0
CHEMBL522302::en0_A19:R;A24:R,CHEMBL522302,0
CHEMBL522302::en1_A19:S;A24:R,CHEMBL522302,1
CHEMBL522302::en2_A19:R;A24:S,CHEMBL522302,2
CHEMBL522302::en3_A19:S;A24:S,CHEMBL522302,3
CHEMBL522987::en0_A8:R;A18:R,CHEMBL522987,0
CHEMBL522987::en1_A8:S;A18:R,CHEMBL522987,1
CHEMBL522987::en2_A8:R;A18:S,CHEMBL522987,2
CHEMBL522987::en3_A8:S;A18:S,CHEMBL522987,3
CHEMBL52606::en0_A2:S;A7:S;A9:S;A11:R;A18:S;A19:S;A21:S;A26:S,CHEMBL52606,0
CHEMBL52606::en1_A2:R;A7:S;A9:S;A11:R;A18:S;A19:S;A21:S;A26:S,CHEMBL52606,1
CHEMBL52606::en2_A2:S;A7:R;A9:S;A11:R;A18:S;A19:S;A21:S;A26:S,CHEMBL52606,2
CHEMBL52606::en3_A2:R;A7:R;A9:S;A11:R;A18:S;A19:S;A21:S;A26:S,CHEMBL52606,3
CHEMBL52606::en4_A2:S;A7:S;A9:R;A11:R;A18:S;A19:S;A21:S;A26:S,CHEMBL52606,4
CHEMBL52609::en0_A4:S;A6:S;A8:S,CHEMBL52609,0
CHEMBL52609::en1_A4:R;A6:S;A8:S,CHEMBL52609,1
CHEMBL52609::en2_A4:S;A6:R;A8:S,CHEMBL52609,2
CHEMBL52609::en3_A4:R;A6:R;A8:S,CHEMBL52609,3
CHEMBL52609::en4_A4:S;A6:S;A8:R,CHEMBL52609,4
CHEMBL5277528::en0_A1:S;A3:S;A7:S;A9:S;A11:R,CHEMBL5277528,0
CHEMBL5277528::en1_A1:R;A3:S;A7:S;A9:S;A11:R,CHEMBL5277528,1
CHEMBL5277528::en2_A1:S;A3:R;A7:S;A9:S;A11:R,CHEMBL5277528,2
CHEMBL5277528::en3_A1:R;A3:R;A7:S;A9:S;A11:R,CHEMBL5277528,3
CHEMBL5277528::en4_A1:S;A3:S;A7:R;A9:S;A11:R,CHEMBL5277528,4
CHEMBL528::en0_A7:R;A18:R,CHEMBL528,0
CHEMBL528::en1_A7:S;A18:R,CHEMBL528,1
CHEMBL528::en2_A7:R;A18:S,CHEMBL528,2
CHEMBL528::en3_A7:S;A18:S,CHEMBL528,3
CHEMBL528::en4_A7:R;A18:R,CHEMBL528,4
CHEMBL529::en0_A2:S;A6:R;A8:R;A10:S;A12:R;A16:S;A18:R;A21:S;A23:R;A25:S;A27:S;A30:S;A34:R;A36:S;A40:S;A45:S;A47:S;A49:S,CHEMBL529,0
CHEMBL529::en1_A2:S;A6:R;A8:R;A10:R;A12:R;A16:S;A18:R;A21:R;A23:R;A25:R;A27:R;A30:R;A34:S;A36:R;A40:S;A45:R;A47:S;A49:S,CHEMBL529,1
CHEMBL529::en2_A2:S;A6:S;A8:R;A10:S;A12:R;A16:R;A18:S;A21:R;A23:R;A25:R;A27:S;A30:R;A34:S;A36:S;A40:R;A45:S;A47:R;A49:S,CHEMBL529,2
CHEMBL529::en3_A2:R;A6:R;A8:R;A10:S;A12:R;A16:S;A18:R;A21:S;A23:R;A25:R;A27:S;A30:S;A34:S;A36:S;A40:S;A45:S;A47:S;A49:S,CHEMBL529,3
CHEMBL529::en4_A2:R;A6:R;A8:R;A10:S;A12:S;A16:S;A18:S;A21:R;A23:S;A25:R;A27:S;A30:R;A34:R;A36:S;A40:S;A45:R;A47:R;A49:R,CHEMBL529,4
CHEMBL529888::en0_A12:R;A13:R;A16:S;A18:S,CHEMBL529888,0
CHEMBL529888::en1_A12:S;A13:R;A16:S;A18:S,CHEMBL529888,1
CHEMBL53::en0_A10:S,CHEMBL53,0
CHEMBL53::en1_A10:R,CHEMBL53,1
CHEMBL530::en0_A4:R;A5:R;A18:R,CHEMBL530,0
CHEMBL530::en1_A4:S;A5:R;A18:R,CHEMBL530,1
CHEMBL530::en2_A4:R;A5:S;A18:R,CHEMBL530,2
CHEMBL530::en3_A4:S;A5:S;A18:R,CHEMBL530,3
CHEMBL530::en4_A4:R;A5:R;A18:S,CHEMBL530,4
CHEMBL531::en0_A5:R;A10:R;A21:S,CHEMBL531,0
CHEMBL531::en1_A5:S;A10:R;A21:S,CHEMBL531,1
CHEMBL531::en2_A5:R;A10:S;A21:S,CHEMBL531,2
CHEMBL531::en3_A5:S;A10:S;A21:S,CHEMBL531,3
CHEMBL531::en4_A5:R;A10:R;A21:R,CHEMBL531,4
CHEMBL5314361::en0_A21:R;A28:S;A30:S;A32:S;A37:S;A41:S;A43:S,CHEMBL5314361,0
CHEMBL5314361::en1_A21:S;A28:S;A30:S;A32:S;A37:S;A41:S;A43:S,CHEMBL5314361,1
CHEMBL5314361::en2_A21:R;A28:R;A30:S;A32:S;A37:S;A41:S;A43:S,CHEMBL5314361,2
CHEMBL5314361::en3_A21:S;A28:R;A30:S;A32:S;A37:S;A41:S;A43:S,CHEMBL5314361,3
CHEMBL5314361::en4_A21:R;A28:S;A30:R;A32:S;A37:S;A41:S;A43:S,CHEMBL5314361,4
CHEMBL5314383::en0_A1:R;A14:R;A33:S,CHEMBL5314383,0
CHEMBL5314383::en1_A1:S;A14:R;A33:S,CHEMBL5314383,1
CHEMBL5314383::en2_A1:R;A14:S;A33:S,CHEMBL5314383,2
CHEMBL5314383::en3_A1:S;A14:S;A33:S,CHEMBL5314383,3
CHEMBL5314383::en4_A1:R;A14:R;A33:R,CHEMBL5314383,4
CHEMBL5314386::en0_A10:S;A18:R,CHEMBL5314386,0
CHEMBL5314386::en1_A10:R;A18:R,CHEMBL5314386,1
CHEMBL5314386::en2_A10:S;A18:S,CHEMBL5314386,2
CHEMBL5314386::en3_A10:R;A18:S,CHEMBL5314386,3
CHEMBL5314387::en0_A1:S;A7:S,CHEMBL5314387,0
CHEMBL5314387::en1_A1:R;A7:S,CHEMBL5314387,1
CHEMBL5314387::en2_A1:S;A7:R,CHEMBL5314387,2
CHEMBL5314387::en3_A1:R;A7:R,CHEMBL5314387,3
CHEMBL5314392::en0_A1:S;A6:R,CHEMBL5314392,0
CHEMBL5314392::en1_A1:R;A6:R,CHEMBL5314392,1
CHEMBL5314392::en2_A1:S;A6:S,CHEMBL5314392,2
CHEMBL5314392::en3_A1:R;A6:S,CHEMBL5314392,3
CHEMBL5314395::en0_A8:R;A10:S;A29:R;A31:S,CHEMBL5314395,0
CHEMBL5314395::en1_A8:S;A10:S;A29:R;A31:S,CHEMBL5314395,1
CHEMBL5314395::en2_A8:R;A10:R;A29:R;A31:S,CHEMBL5314395,2
CHEMBL5314395::en3_A8:S;A10:R;A29:R;A31:S,CHEMBL5314395,3
CHEMBL5314395::en4_A8:R;A10:S;A29:S;A31:S,CHEMBL5314395,4
CHEMBL5314398::en0_A14:R,CHEMBL5314398,0
CHEMBL5314398::en1_A14:S,CHEMBL5314398,1
CHEMBL5314399::en0_A29:S,CHEMBL5314399,0
CHEMBL5314399::en1_A29:R,CHEMBL5314399,1
CHEMBL5314402::en0_A3:S;A10:S,CHEMBL5314402,0
CHEMBL5314402::en1_A3:R;A10:S,CHEMBL5314402,1
CHEMBL5314403::en0_A26:R,CHEMBL5314403,0
CHEMBL5314403::en1_A26:S,CHEMBL5314403,1
CHEMBL5314404::en0_A2:R;A3:S;A5:R;A6:R;A15:S;A17:R;A18:R;A19:S;A22:R,CHEMBL5314404,0
CHEMBL5314404::en1_A2:S;A3:S;A5:R;A6:R;A15:S;A17:R;A18:R;A19:S;A22:R,CHEMBL5314404,1
CHEMBL5314410::en0_A23:S;A28:S,CHEMBL5314410,0
CHEMBL5314410::en1_A23:R;A28:S,CHEMBL5314410,1
CHEMBL5314410::en2_A23:S;A28:R,CHEMBL5314410,2
CHEMBL5314410::en3_A23:R;A28:R,CHEMBL5314410,3
CHEMBL5314422::en0_A2:R;A5:R;A6:S;A7:R;A9:R;A10:S;A28:R;A35:R;A36:S;A37:R;A40:R;A42:R;A46:R;A48:S;A51:R,CHEMBL5314422,0
CHEMBL5314422::en1_A3:R;A4:S;A5:R;A6:R;A7:S;A10:R;A16:R;A17:R;A18:S;A19:R;A20:S;A21:S;A26:S;A32:R;A36:R;A37:S;A39:S;A40:S;A42:S;A46:S;A48:S;A49:R;A50:S,CHEMBL5314422,1
CHEMBL5314422::en2_A2:R;A5:R;A6:R;A7:R;A16:R;A17:R;A20:S;A21:R;A23:S;A26:R;A32:R;A35:R;A36:S;A37:R;A40:R;A46:R;A48:R;A50:S;A51:S,CHEMBL5314422,2
CHEMBL5314422::en3_A2:R;A5:R;A6:S;A7:S;A9:R;A10:S;A11:S;A16:R;A17:R;A19:R;A20:R;A21:S;A26:S;A32:S;A35:S;A40:S;A46:S;A48:S;A51:R,CHEMBL5314422,3
CHEMBL5314423::en0_A25:R;A28:S,CHEMBL5314423,0
CHEMBL5314423::en1_A25:S;A28:S,CHEMBL5314423,1
CHEMBL5314423::en2_A25:R;A28:R,CHEMBL5314423,2
CHEMBL5314423::en3_A25:S;A28:R,CHEMBL5314423,3
CHEMBL5314424::en0_A11:S,CHEMBL5314424,0
CHEMBL5314424::en1_A11:R,CHEMBL5314424,1
CHEMBL5314427::en0_A12:R;A14:R,CHEMBL5314427,0
CHEMBL5314427::en1_A12:S;A14:R,CHEMBL5314427,1
CHEMBL5314427::en2_A12:R;A14:S,CHEMBL5314427,2
CHEMBL5314427::en3_A12:S;A14:S,CHEMBL5314427,3
CHEMBL5314432::en0_A4:R;A9:R;A11:R,CHEMBL5314432,0
CHEMBL5314432::en1_A4:S;A9:R;A11:R,CHEMBL5314432,1
CHEMBL5314432::en2_A4:R;A9:S;A11:R,CHEMBL5314432,2
CHEMBL5314432::en3_A4:S;A9:S;A11:R,CHEMBL5314432,3
CHEMBL5314432::en4_A4:R;A9:R;A11:S,CHEMBL5314432,4
CHEMBL5314433::en0_A12:S;A16:S;A33:S;A35:S,CHEMBL5314433,0
CHEMBL5314433::en1_A12:R;A16:S;A33:S;A35:S,CHEMBL5314433,1
CHEMBL5314433::en2_A12:S;A16:R;A33:S;A35:S,CHEMBL5314433,2
CHEMBL5314433::en3_A12:R;A16:R;A33:S;A35:S,CHEMBL5314433,3
CHEMBL5314436::en0_A8:S;A11:S,CHEMBL5314436,0
CHEMBL5314436::en1_A8:R;A11:R,CHEMBL5314436,1
CHEMBL5314442::en0_A1:R;A12:S,CHEMBL5314442,0
CHEMBL5314442::en1_A1:S;A12:S,CHEMBL5314442,1
CHEMBL5314442::en2_A1:R;A12:R,CHEMBL5314442,2
CHEMBL5314442::en3_A1:S;A12:R,CHEMBL5314442,3
CHEMBL5314443::en0_A6:R,CHEMBL5314443,0
CHEMBL5314443::en1_A6:S,CHEMBL5314443,1
CHEMBL5314447::en0_A1:S;A20:S,CHEMBL5314447,0
CHEMBL5314447::en1_A1:R;A20:S,CHEMBL5314447,1
CHEMBL5314447::en2_A1:S;A20:R,CHEMBL5314447,2
CHEMBL5314447::en3_A1:R;A20:R,CHEMBL5314447,3
CHEMBL5314448::en0_A3:R;A13:R;A23:R,CHEMBL5314448,0
CHEMBL5314448::en1_A3:S;A13:R;A23:R,CHEMBL5314448,1
CHEMBL5314448::en2_A3:R;A13:S;A23:R,CHEMBL5314448,2
CHEMBL5314448::en3_A3:S;A13:S;A23:R,CHEMBL5314448,3
CHEMBL5314448::en4_A3:R;A13:R;A23:S,CHEMBL5314448,4
CHEMBL5314449::en0_A1:R;A3:S;A14:R;A18:S;A19:S;A22:R;A24:R;A29:S;A30:S,CHEMBL5314449,0
CHEMBL5314449::en1_A1:S;A3:S;A14:R;A18:S;A19:S;A22:R;A24:R;A29:S;A30:S,CHEMBL5314449,1
CHEMBL5314449::en2_A1:R;A3:R;A14:R;A18:S;A19:S;A22:R;A24:R;A29:S;A30:S,CHEMBL5314449,2
CHEMBL5314449::en3_A1:S;A3:R;A14:R;A18:S;A19:S;A22:R;A24:R;A29:S;A30:S,CHEMBL5314449,3
CHEMBL5314449::en4_A1:R;A3:S;A14:S;A18:S;A19:S;A22:R;A24:R;A29:S;A30:S,CHEMBL5314449,4
CHEMBL5314451::en0_A3:R;A6:S;A20:R;A22:R;A25:R;A26:R;A34:R;A53:R;A56:S;A58:S,CHEMBL5314451,0
CHEMBL5314451::en1_A3:S;A6:S;A20:R;A22:R;A25:R;A26:R;A34:R;A53:R;A56:S;A58:S,CHEMBL5314451,1
CHEMBL5314451::en2_A3:R;A6:R;A20:R;A22:R;A25:R;A26:R;A34:R;A53:R;A56:S;A58:S,CHEMBL5314451,2
CHEMBL5314451::en3_A3:S;A6:R;A20:R;A22:R;A25:R;A26:R;A34:R;A53:R;A56:S;A58:S,CHEMBL5314451,3
CHEMBL5314451::en4_A3:R;A6:S;A20:S;A22:R;A25:R;A26:R;A34:R;A53:R;A56:S;A58:S,CHEMBL5314451,4
CHEMBL5314455::en0_A13:S;A14:S;A21:R;A32:R,CHEMBL5314455,0
CHEMBL5314455::en1_A13:R;A14:S;A21:R;A32:R,CHEMBL5314455,1
CHEMBL5314455::en2_A13:S;A14:R;A21:R;A32:R,CHEMBL5314455,2
CHEMBL5314455::en3_A13:R;A14:R;A21:R;A32:R,CHEMBL5314455,3
CHEMBL5314455::en4_A13:S;A14:S;A21:S;A32:R,CHEMBL5314455,4
CHEMBL5314456::en0_A10:R;A12:R;A15:S;A19:R;A20:R;A22:S;A25:S;A29:S;A30:S;A33:S,CHEMBL5314456,0
CHEMBL5314456::en1_A10:S;A12:R;A15:S;A19:R;A20:R;A22:S;A25:S;A29:S;A30:S;A33:S,CHEMBL5314456,1
CHEMBL5314456::en2_A10:R;A12:S;A15:S;A19:R;A20:R;A22:S;A25:S;A29:S;A30:S;A33:S,CHEMBL5314456,2
CHEMBL5314456::en3_A10:S;A12:S;A15:S;A19:R;A20:R;A22:S;A25:S;A29:S;A30:S;A33:S,CHEMBL5314456,3
CHEMBL5314456::en4_A10:R;A12:R;A15:R;A19:R;A20:R;A22:S;A25:S;A29:S;A30:S;A33:S,CHEMBL5314456,4
CHEMBL5314457::en0_A3:R,CHEMBL5314457,0
CHEMBL5314457::en1_A3:S,CHEMBL5314457,1
CHEMBL5314459::en0_A15:S;A18:S;A28:S,CHEMBL5314459,0
CHEMBL5314459::en1_A15:S;A18:R;A28:S,CHEMBL5314459,1
CHEMBL5314459::en2_A15:R;A18:S;A28:R,CHEMBL5314459,2
CHEMBL5314462::en0_A7:S;A15:S,CHEMBL5314462,0
CHEMBL5314462::en1_A7:R;A15:S,CHEMBL5314462,1
CHEMBL5314462::en2_A7:S;A15:R,CHEMBL5314462,2
CHEMBL5314462::en3_A7:R;A15:R,CHEMBL5314462,3
CHEMBL5314463::en0_A42:S,CHEMBL5314463,0
CHEMBL5314463::en1_A42:R,CHEMBL5314463,1
CHEMBL5314469::en0_A7:S,CHEMBL5314469,0
CHEMBL5314469::en1_A7:R,CHEMBL5314469,1
CHEMBL5314471::en0_A1:R,CHEMBL5314471,0
CHEMBL5314471::en1_A1:S,CHEMBL5314471,1
CHEMBL5314472::en0_A18:R,CHEMBL5314472,0
CHEMBL5314472::en1_A18:S,CHEMBL5314472,1
CHEMBL5314473::en0_A16:R,CHEMBL5314473,0
CHEMBL5314473::en1_A16:S,CHEMBL5314473,1
CHEMBL5314475::en0_A11:R;A22:S,CHEMBL5314475,0
CHEMBL5314475::en1_A11:S;A22:S,CHEMBL5314475,1
CHEMBL5314475::en2_A11:R;A22:R,CHEMBL5314475,2
CHEMBL5314475::en3_A11:S;A22:R,CHEMBL5314475,3
CHEMBL5314476::en0_A12:R;A24:R;A28:S;A36:S,CHEMBL5314476,0
CHEMBL5314476::en1_A12:S;A24:R;A28:S;A36:S,CHEMBL5314476,1
CHEMBL5314476::en2_A12:R;A24:S;A28:S;A36:S,CHEMBL5314476,2
CHEMBL5314476::en3_A12:S;A24:S;A28:S;A36:S,CHEMBL5314476,3
CHEMBL5314476::en4_A12:R;A24:R;A28:R;A36:S,CHEMBL5314476,4
CHEMBL5314477::en0_A11:S;A14:R,CHEMBL5314477,0
CHEMBL5314477::en1_A11:R;A14:R,CHEMBL5314477,1
CHEMBL5314477::en2_A11:S;A14:S,CHEMBL5314477,2
CHEMBL5314477::en3_A11:R;A14:S,CHEMBL5314477,3
CHEMBL5314480::en0_A2:S;A16:S;A18:R,CHEMBL5314480,0
CHEMBL5314480::en1_A2:R;A16:S;A18:R,CHEMBL5314480,1
CHEMBL5314485::en0_A3:R,CHEMBL5314485,0
CHEMBL5314485::en1_A3:S,CHEMBL5314485,1
CHEMBL5314488::en0_A4:S,CHEMBL5314488,0
CHEMBL5314488::en1_A4:R,CHEMBL5314488,1
CHEMBL5314490::en0_A1:R;A24:S,CHEMBL5314490,0
CHEMBL5314490::en1_A1:S;A24:S,CHEMBL5314490,1
CHEMBL5314490::en2_A1:R;A24:R,CHEMBL5314490,2
CHEMBL5314490::en3_A1:S;A24:R,CHEMBL5314490,3
CHEMBL5314491::en0_A4:R;A8:S;A19:R;A26:S;A30:R;A36:S;A41:S;A51:S;A59:S;A60:S;A66:S;A73:R,CHEMBL5314491,0
CHEMBL5314491::en1_A4:S;A8:S;A19:R;A26:S;A30:S;A36:S;A41:S;A51:S;A59:S;A60:S;A66:R;A73:R,CHEMBL5314491,1
CHEMBL5314491::en2_A4:R;A8:S;A19:R;A26:R;A30:S;A36:S;A41:R;A51:R;A59:R;A60:R;A66:R;A73:R,CHEMBL5314491,2
CHEMBL5314491::en3_A4:S;A8:S;A19:R;A26:S;A30:R;A36:R;A41:S;A51:R;A59:R;A60:S;A66:S;A73:S,CHEMBL5314491,3
CHEMBL5314491::en4_A4:S;A8:R;A19:R;A26:S;A30:R;A36:S;A41:R;A51:S;A59:R;A60:S;A66:S;A73:S,CHEMBL5314491,4
CHEMBL5314496::en0_A7:S;A12:S;A14:R;A25:R,CHEMBL5314496,0
CHEMBL5314496::en1_A7:R;A12:S;A14:S;A25:R,CHEMBL5314496,1
CHEMBL5314496::en2_A7:S;A12:R;A14:S;A25:R,CHEMBL5314496,2
CHEMBL5314496::en3_A7:R;A12:R;A14:R;A25:R,CHEMBL5314496,3
CHEMBL5314496::en4_A7:S;A12:S;A14:R;A25:S,CHEMBL5314496,4
CHEMBL5314497::en0_A15:R,CHEMBL5314497,0
CHEMBL5314497::en1_A15:S,CHEMBL5314497,1
CHEMBL5314505::en0_A34:S;A37:S,CHEMBL5314505,0
CHEMBL5314505::en1_A34:R;A37:S,CHEMBL5314505,1
CHEMBL5314505::en2_A34:S;A37:R,CHEMBL5314505,2
CHEMBL5314505::en3_A34:R;A37:R,CHEMBL5314505,3
CHEMBL5314506::en0_A10:R;A17:R;A26:R,CHEMBL5314506,0
CHEMBL5314506::en1_A10:R;A17:S;A26:R,CHEMBL5314506,1
CHEMBL5314508::en0_A6:R;A8:R;A20:R;A28:S;A37:S;A40:S,CHEMBL5314508,0
CHEMBL5314508::en1_A6:S;A8:R;A20:R;A28:S;A37:S;A40:R,CHEMBL5314508,1
CHEMBL5314508::en2_A6:R;A8:S;A20:R;A28:S;A37:S;A40:S,CHEMBL5314508,2
CHEMBL5314508::en3_A6:S;A8:S;A20:R;A28:S;A37:S;A40:R,CHEMBL5314508,3
CHEMBL5314508::en4_A6:R;A8:R;A20:S;A28:S;A37:S;A40:S,CHEMBL5314508,4
CHEMBL5314509::en0_A26:R,CHEMBL5314509,0
CHEMBL5314509::en1_A26:S,CHEMBL5314509,1
CHEMBL5314511::en0_A8:R,CHEMBL5314511,0
CHEMBL5314511::en1_A8:S,CHEMBL5314511,1
CHEMBL5314512::en0_A4:R,CHEMBL5314512,0
CHEMBL5314512::en1_A4:S,CHEMBL5314512,1
CHEMBL5314514::en0_A2:R;A7:R;A24:S;A27:R;A47:R;A51:S;A59:R;A60:R,CHEMBL5314514,0
CHEMBL5314514::en1_A2:S;A7:R;A24:S;A27:R;A47:R;A51:S;A59:R;A60:R,CHEMBL5314514,1
CHEMBL5314514::en2_A2:R;A7:S;A24:S;A27:R;A47:R;A51:S;A59:R;A60:R,CHEMBL5314514,2
CHEMBL5314514::en3_A2:S;A7:S;A24:S;A27:R;A47:R;A51:S;A59:R;A60:R,CHEMBL5314514,3
CHEMBL5314514::en4_A2:R;A7:R;A24:R;A27:R;A47:R;A51:S;A59:R;A60:R,CHEMBL5314514,4
CHEMBL5314515::en0_A4:R;A12:S;A28:S,CHEMBL5314515,0
CHEMBL5314515::en1_A4:S;A12:S;A28:S,CHEMBL5314515,1
CHEMBL5314515::en2_A4:R;A12:R;A28:S,CHEMBL5314515,2
CHEMBL5314515::en3_A4:S;A12:R;A28:S,CHEMBL5314515,3
CHEMBL5314515::en4_A4:R;A12:S;A28:R,CHEMBL5314515,4
CHEMBL5314517::en0_A11:S;A13:S;A15:R,CHEMBL5314517,0
CHEMBL5314517::en1_A11:R;A13:S;A15:R,CHEMBL5314517,1
CHEMBL5314517::en2_A11:S;A13:R;A15:R,CHEMBL5314517,2
CHEMBL5314517::en3_A11:R;A13:R;A15:R,CHEMBL5314517,3
CHEMBL5314517::en4_A11:S;A13:S;A15:S,CHEMBL5314517,4
CHEMBL5314519::en0_A8:S,CHEMBL5314519,0
CHEMBL5314519::en1_A8:R,CHEMBL5314519,1
CHEMBL5314520::en0_A7:S;A9:S,CHEMBL5314520,0
CHEMBL5314520::en1_A7:R;A9:R,CHEMBL5314520,1
CHEMBL5314521::en0_A15:R;A18:R,CHEMBL5314521,0
CHEMBL5314521::en1_A15:S;A18:R,CHEMBL5314521,1
CHEMBL5314521::en2_A15:R;A18:S,CHEMBL5314521,2
CHEMBL5314521::en3_A15:S;A18:S,CHEMBL5314521,3
CHEMBL5314522::en0_A5:R;A10:R,CHEMBL5314522,0
CHEMBL5314522::en1_A5:S;A10:R,CHEMBL5314522,1
CHEMBL5314522::en2_A5:R;A10:S,CHEMBL5314522,2
CHEMBL5314522::en3_A5:S;A10:S,CHEMBL5314522,3
CHEMBL5314523::en0_A1:R,CHEMBL5314523,0
CHEMBL5314523::en1_A1:S,CHEMBL5314523,1
CHEMBL5314524::en0_A15:R,CHEMBL5314524,0
CHEMBL5314524::en1_A15:S,CHEMBL5314524,1
CHEMBL5314525::en0_A1:R;A5:R,CHEMBL5314525,0
CHEMBL5314525::en1_A1:S;A5:S,CHEMBL5314525,1
CHEMBL5314526::en0_A1:R,CHEMBL5314526,0
CHEMBL5314526::en1_A1:S,CHEMBL5314526,1
CHEMBL5314529::en0_A33:R,CHEMBL5314529,0
CHEMBL5314529::en1_A33:S,CHEMBL5314529,1
CHEMBL5314529::en2_A33:R,CHEMBL5314529,2
CHEMBL5314529::en3_A33:S,CHEMBL5314529,3
CHEMBL5314530::en0_A6:S,CHEMBL5314530,0
CHEMBL5314530::en1_A6:R,CHEMBL5314530,1
CHEMBL5314538::en0_A17:R;A23:S,CHEMBL5314538,0
CHEMBL5314538::en1_A17:S;A23:S,CHEMBL5314538,1
CHEMBL5314538::en2_A17:R;A23:R,CHEMBL5314538,2
CHEMBL5314538::en3_A17:S;A23:R,CHEMBL5314538,3
CHEMBL5314541::en0_A3:S,CHEMBL5314541,0
CHEMBL5314541::en1_A3:R,CHEMBL5314541,1
CHEMBL5314541::en2_A3:S,CHEMBL5314541,2
CHEMBL5314541::en3_A3:R,CHEMBL5314541,3
CHEMBL5314545::en0_A28:R,CHEMBL5314545,0
CHEMBL5314545::en1_A28:S,CHEMBL5314545,1
CHEMBL5314546::en0_A1:S,CHEMBL5314546,0
CHEMBL5314546::en1_A1:R,CHEMBL5314546,1
CHEMBL5314550::en0_A7:S;A12:R;A17:R;A19:S;A21:R;A26:R;A31:S;A32:R;A36:S;A41:S;A43:R;A49:R;A63:R;A66:S;A68:R;A71:S;A73:S;A75:R;A87:S;A88:S;A92:R;A94:R;A95:S;A98:R,CHEMBL5314550,0
CHEMBL5314552::en0_A1:S,CHEMBL5314552,0
CHEMBL5314552::en1_A1:R,CHEMBL5314552,1
CHEMBL5314563::en0_A4:S;A13:S;A46:S,CHEMBL5314563,0
CHEMBL5314563::en1_A4:R;A13:S;A46:S,CHEMBL5314563,1
CHEMBL5314563::en2_A4:S;A13:R;A46:S,CHEMBL5314563,2
CHEMBL5314563::en3_A4:R;A13:R;A46:S,CHEMBL5314563,3
CHEMBL5314563::en4_A4:S;A13:S;A46:R,CHEMBL5314563,4
CHEMBL5314564::en0_A36:S,CHEMBL5314564,0
CHEMBL5314564::en1_A36:R,CHEMBL5314564,1
CHEMBL5314566::en0_A15:S,CHEMBL5314566,0
CHEMBL5314566::en1_A15:R,CHEMBL5314566,1
CHEMBL5314576::en0_A1:S;A17:R;A19:R,CHEMBL5314576,0
CHEMBL5314576::en1_A1:R;A17:R;A19:R,CHEMBL5314576,1
CHEMBL5314579::en0_A9:R;A11:S,CHEMBL5314579,0
CHEMBL5314579::en1_A9:S;A11:R,CHEMBL5314579,1
CHEMBL5314586::en0_A9:R,CHEMBL5314586,0
CHEMBL5314586::en1_A9:S,CHEMBL5314586,1
CHEMBL5314587::en0_A2:S;A4:R;A5:S;A13:R;A14:R;A17:S;A22:R;A39:R;A43:S,CHEMBL5314587,0
CHEMBL5314587::en1_A2:R;A4:R;A5:S;A13:R;A14:R;A17:S;A22:R;A39:R;A43:S,CHEMBL5314587,1
CHEMBL5314587::en2_A2:S;A4:S;A5:S;A13:R;A14:R;A17:S;A22:R;A39:R;A43:S,CHEMBL5314587,2
CHEMBL5314587::en3_A2:R;A4:S;A5:S;A13:R;A14:R;A17:S;A22:R;A39:R;A43:S,CHEMBL5314587,3
CHEMBL5314587::en4_A2:S;A4:R;A5:R;A13:R;A14:R;A17:S;A22:R;A39:R;A43:S,CHEMBL5314587,4
CHEMBL5314589::en0_A9:R;A12:S;A16:S,CHEMBL5314589,0
CHEMBL5314589::en1_A9:S;A12:S;A16:S,CHEMBL5314589,1
CHEMBL5314589::en2_A9:R;A12:R;A16:S,CHEMBL5314589,2
CHEMBL5314589::en3_A9:S;A12:R;A16:S,CHEMBL5314589,3
CHEMBL5314589::en4_A9:R;A12:S;A16:R,CHEMBL5314589,4
CHEMBL5314594::en0_A4:S;A7:R;A9:S;A11:R;A15:S;A20:S;A24:S;A33:R;A49:S;A51:S;A61:S,CHEMBL5314594,0
CHEMBL5314594::en1_A4:R;A7:S;A9:R;A11:S;A15:S;A20:S;A24:R;A33:S;A49:S;A51:S;A61:S,CHEMBL5314594,1
CHEMBL5314594::en2_A4:S;A7:R;A9:S;A11:S;A15:S;A20:S;A24:S;A33:S;A49:R;A51:S;A61:S,CHEMBL5314594,2
CHEMBL5314594::en3_A4:R;A7:R;A9:R;A11:S;A15:R;A20:R;A24:S;A33:S;A49:R;A51:S;A61:S,CHEMBL5314594,3
CHEMBL5314594::en4_A4:S;A7:R;A9:S;A11:S;A15:R;A20:R;A24:S;A33:S;A49:R;A51:S;A61:S,CHEMBL5314594,4
CHEMBL5314597::en0_A11:R;A12:S;A15:S;A36:R;A39:S,CHEMBL5314597,0
CHEMBL5314597::en1_A11:S;A12:S;A15:S;A36:R;A39:S,CHEMBL5314597,1
CHEMBL5314597::en2_A11:R;A12:R;A15:S;A36:R;A39:S,CHEMBL5314597,2
CHEMBL5314597::en3_A11:S;A12:R;A15:S;A36:R;A39:S,CHEMBL5314597,3
CHEMBL5314597::en4_A11:R;A12:S;A15:R;A36:R;A39:S,CHEMBL5314597,4
CHEMBL5314603::en0_A5:R;A8:R;A9:R;A23:R;A25:S,CHEMBL5314603,0
CHEMBL5314603::en1_A5:S;A8:R;A9:R;A23:R;A25:S,CHEMBL5314603,1
CHEMBL5314603::en2_A5:R;A8:S;A9:R;A23:R;A25:S,CHEMBL5314603,2
CHEMBL5314603::en3_A5:S;A8:S;A9:R;A23:R;A25:S,CHEMBL5314603,3
CHEMBL5314603::en4_A5:R;A8:R;A9:S;A23:R;A25:S,CHEMBL5314603,4
CHEMBL5314629::en0_A15:S;A18:S,CHEMBL5314629,0
CHEMBL5314629::en1_A15:R;A18:R,CHEMBL5314629,1
CHEMBL5314907::en0_A1:R,CHEMBL5314907,0
CHEMBL5314907::en1_A1:S,CHEMBL5314907,1
CHEMBL5314914::en0_A11:R;A28:S,CHEMBL5314914,0
CHEMBL5314914::en1_A11:S;A28:S,CHEMBL5314914,1
CHEMBL5314914::en2_A11:R;A28:R,CHEMBL5314914,2
CHEMBL5314914::en3_A11:S;A28:R,CHEMBL5314914,3
CHEMBL5314915::en0_A3:R;A6:S;A7:S,CHEMBL5314915,0
CHEMBL5314915::en1_A3:S;A6:R;A7:S,CHEMBL5314915,1
CHEMBL5314916::en0_A1:S;A5:S;A7:R;A10:S;A11:S;A12:S;A15:S;A17:S;A34:R;A36:S;A39:R,CHEMBL5314916,0
CHEMBL5314916::en1_A1:R;A5:R;A7:S;A10:R;A11:R;A12:R;A15:S;A17:R;A34:R;A36:R;A39:R,CHEMBL5314916,1
CHEMBL5314916::en2_A1:S;A5:S;A7:S;A10:R;A11:R;A12:R;A15:R;A17:R;A34:S;A36:S;A39:R,CHEMBL5314916,2
CHEMBL5314916::en3_A1:S;A5:S;A7:R;A10:R;A11:S;A12:S;A15:R;A17:S;A34:R;A36:R;A39:S,CHEMBL5314916,3
CHEMBL5314916::en4_A1:S;A5:S;A7:R;A10:R;A11:S;A12:S;A15:S;A17:R;A34:R;A36:S;A39:S,CHEMBL5314916,4
CHEMBL5314920::en0_A5:R;A9:S,CHEMBL5314920,0
CHEMBL5314920::en1_A5:S;A9:S,CHEMBL5314920,1
CHEMBL5314920::en2_A5:R;A9:R,CHEMBL5314920,2
CHEMBL5314920::en3_A5:S;A9:R,CHEMBL5314920,3
CHEMBL5314923::en0_A23:S;A25:R;A28:R;A30:S;A32:S,CHEMBL5314923,0
CHEMBL5314923::en1_A23:R;A25:R;A28:R;A30:S;A32:S,CHEMBL5314923,1
CHEMBL5314923::en2_A23:S;A25:S;A28:R;A30:S;A32:S,CHEMBL5314923,2
CHEMBL5314923::en3_A23:R;A25:S;A28:R;A30:S;A32:S,CHEMBL5314923,3
CHEMBL5314923::en4_A23:S;A25:R;A28:S;A30:S;A32:S,CHEMBL5314923,4
CHEMBL5314929::en0_A3:R,CHEMBL5314929,0
CHEMBL5314929::en1_A3:S,CHEMBL5314929,1
CHEMBL5314931::en0_A15:S;A22:R,CHEMBL5314931,0
CHEMBL5314931::en1_A15:R;A22:R,CHEMBL5314931,1
CHEMBL5314931::en2_A15:S;A22:S,CHEMBL5314931,2
CHEMBL5314931::en3_A15:R;A22:S,CHEMBL5314931,3
CHEMBL5314932::en0_A9:S,CHEMBL5314932,0
CHEMBL5314932::en1_A9:R,CHEMBL5314932,1
CHEMBL5314934::en0_A4:S,CHEMBL5314934,0
CHEMBL5314934::en1_A4:R,CHEMBL5314934,1
CHEMBL5314944::en0_A1:S;A3:R;A9:R,CHEMBL5314944,0
CHEMBL5314944::en1_A1:R;A3:R;A9:R,CHEMBL5314944,1
CHEMBL5314944::en2_A1:S;A3:S;A9:R,CHEMBL5314944,2
CHEMBL5314944::en3_A1:R;A3:S;A9:R,CHEMBL5314944,3
CHEMBL5314944::en4_A1:S;A3:R;A9:S,CHEMBL5314944,4
CHEMBL5314946::en0_A15:S;A18:S,CHEMBL5314946,0
CHEMBL5314946::en1_A15:R;A18:S,CHEMBL5314946,1
CHEMBL5314946::en2_A15:S;A18:R,CHEMBL5314946,2
CHEMBL5314946::en3_A15:R;A18:R,CHEMBL5314946,3
CHEMBL5314949::en0_A13:S;A15:R;A18:R;A20:S;A22:S,CHEMBL5314949,0
CHEMBL5314949::en1_A13:R;A15:R;A18:R;A20:S;A22:S,CHEMBL5314949,1
CHEMBL5314949::en2_A13:S;A15:S;A18:R;A20:S;A22:S,CHEMBL5314949,2
CHEMBL5314949::en3_A13:R;A15:S;A18:R;A20:S;A22:S,CHEMBL5314949,3
CHEMBL5314949::en4_A13:S;A15:R;A18:S;A20:S;A22:S,CHEMBL5314949,4
CHEMBL5314950::en0_A8:S,CHEMBL5314950,0
CHEMBL5314950::en1_A8:R,CHEMBL5314950,1
CHEMBL5314951::en0_A9:S,CHEMBL5314951,0
CHEMBL5314951::en1_A9:R,CHEMBL5314951,1
CHEMBL5314957::en0_A8:R,CHEMBL5314957,0
CHEMBL5314957::en1_A8:S,CHEMBL5314957,1
CHEMBL5314958::en0_A2:R;A7:R;A10:S;A12:S;A13:S,CHEMBL5314958,0
CHEMBL5314959::en0_A9:S,CHEMBL5314959,0
CHEMBL5314959::en1_A9:R,CHEMBL5314959,1
CHEMBL5314961::en0_A26:S;A27:S,CHEMBL5314961,0
CHEMBL5314961::en1_A26:S;A27:S,CHEMBL5314961,1
CHEMBL5314961::en2_A26:R;A27:R,CHEMBL5314961,2
CHEMBL5314961::en3_A26:R;A27:R,CHEMBL5314961,3
CHEMBL5314964::en0_A12:R;A15:S;A20:R;A21:S;A24:S;A35:S,CHEMBL5314964,0
CHEMBL5314964::en1_A12:S;A15:S;A20:R;A21:S;A24:S;A35:S,CHEMBL5314964,1
CHEMBL5314964::en2_A12:R;A15:R;A20:R;A21:S;A24:S;A35:S,CHEMBL5314964,2
CHEMBL5314964::en3_A12:S;A15:R;A20:R;A21:S;A24:S;A35:S,CHEMBL5314964,3
CHEMBL5314964::en4_A12:R;A15:S;A20:S;A21:S;A24:S;A35:S,CHEMBL5314964,4
CHEMBL5314968::en0_A22:R,CHEMBL5314968,0
CHEMBL5314968::en1_A22:S,CHEMBL5314968,1
CHEMBL5314970::en0_A14:R;A17:R,CHEMBL5314970,0
CHEMBL5314970::en1_A14:S;A17:S,CHEMBL5314970,1
CHEMBL5315045::en0_A13:R;A16:S;A32:S,CHEMBL5315045,0
CHEMBL5315045::en1_A13:S;A16:R;A32:R,CHEMBL5315045,1
CHEMBL5315046::en0_A4:R,CHEMBL5315046,0
CHEMBL5315046::en1_A4:S,CHEMBL5315046,1
CHEMBL5315059::en0_A4:R;A10:R;A11:R;A21:R;A23:R;A26:S,CHEMBL5315059,0
CHEMBL5315059::en1_A4:S;A10:R;A11:R;A21:R;A23:R;A26:S,CHEMBL5315059,1
CHEMBL5315059::en2_A4:R;A10:S;A11:R;A21:R;A23:R;A26:S,CHEMBL5315059,2
CHEMBL5315059::en3_A4:S;A10:S;A11:R;A21:R;A23:R;A26:S,CHEMBL5315059,3
CHEMBL5315059::en4_A4:R;A10:R;A11:S;A21:R;A23:R;A26:S,CHEMBL5315059,4
CHEMBL5315122::en0_A4:R;A8:S;A27:R;A28:R;A32:S;A33:R,CHEMBL5315122,0
CHEMBL5315122::en1_A4:S;A8:S;A27:R;A28:R;A32:S;A33:R,CHEMBL5315122,1
CHEMBL5315122::en2_A4:R;A8:R;A27:R;A28:R;A32:S;A33:R,CHEMBL5315122,2
CHEMBL5315122::en3_A4:S;A8:R;A27:R;A28:R;A32:S;A33:R,CHEMBL5315122,3
CHEMBL5315122::en4_A4:R;A8:S;A27:S;A28:R;A32:S;A33:R,CHEMBL5315122,4
CHEMBL5315129::en0_A6:R;A13:R;A14:S;A16:S;A24:S;A26:S;A28:R;A31:S,CHEMBL5315129,0
CHEMBL5315129::en1_A6:S;A13:R;A14:S;A16:S;A24:S;A26:S;A28:R;A31:S,CHEMBL5315129,1
CHEMBL5315129::en2_A6:R;A13:S;A14:S;A16:S;A24:S;A26:S;A28:R;A31:S,CHEMBL5315129,2
CHEMBL5315129::en3_A6:S;A13:S;A14:S;A16:S;A24:S;A26:S;A28:R;A31:S,CHEMBL5315129,3
CHEMBL5315129::en4_A6:R;A13:R;A14:R;A16:S;A24:S;A26:S;A28:R;A31:S,CHEMBL5315129,4
CHEMBL5315132::en0_A9:R;A10:S;A24:R;A27:S,CHEMBL5315132,0
CHEMBL5315132::en1_A9:S;A10:S;A24:R;A27:S,CHEMBL5315132,1
CHEMBL5315132::en2_A9:R;A10:R;A24:R;A27:S,CHEMBL5315132,2
CHEMBL5315132::en3_A9:S;A10:R;A24:R;A27:S,CHEMBL5315132,3
CHEMBL5315132::en4_A9:R;A10:S;A24:S;A27:S,CHEMBL5315132,4
CHEMBL5315133::en0_A24:R;A26:S,CHEMBL5315133,0
CHEMBL5315133::en1_A24:S;A26:R,CHEMBL5315133,1
CHEMBL5316158::en0_A14:R;A16:R,CHEMBL5316158,0
CHEMBL5316158::en1_A14:S;A16:R,CHEMBL5316158,1
CHEMBL5316158::en2_A14:R;A16:S,CHEMBL5316158,2
CHEMBL5316158::en3_A14:S;A16:S,CHEMBL5316158,3
CHEMBL5316168::en0_A11:R,CHEMBL5316168,0
CHEMBL5316168::en1_A11:S,CHEMBL5316168,1
CHEMBL5316169::en0_A3:R,CHEMBL5316169,0
CHEMBL5316169::en1_A3:S,CHEMBL5316169,1
CHEMBL5316170::en0_A2:S;A12:R;A20:R;A22:S,CHEMBL5316170,0
CHEMBL532::en0_A2:S;A6:S;A8:S;A10:R;A12:S;A16:R;A18:R;A21:R;A23:S;A25:R;A27:R;A30:R;A34:S;A36:R;A40:R;A44:S;A46:R;A48:S,CHEMBL532,0
CHEMBL532::en1_A2:S;A6:R;A8:R;A10:S;A12:R;A16:S;A18:S;A21:S;A23:S;A25:S;A27:S;A30:R;A34:R;A36:S;A40:R;A44:S;A46:R;A48:S,CHEMBL532,1
CHEMBL532::en2_A2:S;A6:S;A8:R;A10:S;A12:S;A16:S;A18:S;A21:S;A23:S;A25:R;A27:S;A30:S;A34:S;A36:R;A40:S;A44:R;A46:S;A48:R,CHEMBL532,2
CHEMBL532::en3_A2:R;A6:R;A8:S;A10:R;A12:S;A16:R;A18:R;A21:S;A23:R;A25:R;A27:S;A30:R;A34:S;A36:S;A40:S;A44:S;A46:R;A48:S,CHEMBL532,3
CHEMBL532::en4_A2:R;A6:S;A8:S;A10:R;A12:R;A16:S;A18:R;A21:R;A23:S;A25:S;A27:R;A30:S;A34:R;A36:S;A40:R;A44:R;A46:R;A48:R,CHEMBL532,4
CHEMBL533841::en0_A2:S;A7:R;A9:R;A10:R,CHEMBL533841,0
CHEMBL533841::en1_A2:R;A7:R;A9:R;A10:R,CHEMBL533841,1
CHEMBL533841::en2_A2:S;A7:S;A9:R;A10:R,CHEMBL533841,2
CHEMBL53463::en0_A21:R;A28:S;A30:S;A32:S;A34:S;A36:S,CHEMBL53463,0
CHEMBL53463::en1_A21:S;A28:S;A30:S;A32:S;A34:S;A36:S,CHEMBL53463,1
CHEMBL53463::en2_A21:R;A28:R;A30:S;A32:S;A34:S;A36:S,CHEMBL53463,2
CHEMBL53463::en3_A21:S;A28:R;A30:S;A32:S;A34:S;A36:S,CHEMBL53463,3
CHEMBL53463::en4_A21:R;A28:S;A30:R;A32:S;A34:S;A36:S,CHEMBL53463,4
CHEMBL538867::en0_A4:R;A5:S;A8:S;A10:S;A18:S;A20:R;A23:S;A26:R;A28:S;A32:R;A33:R,CHEMBL538867,0
CHEMBL538867::en1_A4:S;A5:S;A8:S;A10:R;A18:S;A20:S;A23:S;A26:S;A28:S;A32:R;A33:S,CHEMBL538867,1
CHEMBL538867::en2_A4:S;A5:S;A8:S;A10:R;A18:S;A20:R;A23:R;A26:R;A28:S;A32:R;A33:R,CHEMBL538867,2
CHEMBL538867::en3_A4:R;A5:S;A8:R;A10:R;A18:R;A20:S;A23:R;A26:R;A28:S;A32:R;A33:S,CHEMBL538867,3
CHEMBL538867::en4_A4:R;A5:R;A8:S;A10:S;A18:R;A20:R;A23:R;A26:S;A28:R;A32:S;A33:S,CHEMBL538867,4
CHEMBL54440::en0_A2:S;A7:R;A14:S;A16:S;A19:R;A21:S;A27:S,CHEMBL54440,0
CHEMBL54440::en1_A2:R;A7:R;A14:S;A16:S;A19:R;A21:S;A27:S,CHEMBL54440,1
CHEMBL54440::en2_A2:S;A7:S;A14:S;A16:S;A19:R;A21:S;A27:S,CHEMBL54440,2
CHEMBL54440::en3_A2:R;A7:S;A14:S;A16:S;A19:R;A21:S;A27:S,CHEMBL54440,3
CHEMBL54440::en4_A2:S;A7:R;A14:R;A16:S;A19:R;A21:S;A27:S,CHEMBL54440,4
CHEMBL548228::en0_A11:S;A13:S;A15:R;A20:S,CHEMBL548228,0
CHEMBL54918::en0_A6:R;A8:R;A11:R;A13:S,CHEMBL54918,0
CHEMBL54918::en1_A6:S;A8:R;A11:R;A13:S,CHEMBL54918,1
CHEMBL54918::en2_A6:R;A8:S;A11:R;A13:S,CHEMBL54918,2
CHEMBL54918::en3_A6:S;A8:S;A11:R;A13:S,CHEMBL54918,3
CHEMBL54918::en4_A6:R;A8:R;A11:S;A13:S,CHEMBL54918,4
CHEMBL54922::en0_A3:S,CHEMBL54922,0
CHEMBL54922::en1_A3:R,CHEMBL54922,1
CHEMBL550::en0_A2:S;A7:R,CHEMBL550,0
CHEMBL550::en1_A2:R;A7:R,CHEMBL550,1
CHEMBL550::en2_A2:S;A7:S,CHEMBL550,2
CHEMBL550::en3_A2:R;A7:S,CHEMBL550,3
CHEMBL550227::en0_A4:R;A6:S;A18:R;A26:S;A27:S,CHEMBL550227,0
CHEMBL550227::en1_A4:S;A6:S;A18:R;A26:S;A27:S,CHEMBL550227,1
CHEMBL550227::en2_A4:R;A6:R;A18:R;A26:S;A27:S,CHEMBL550227,2
CHEMBL550227::en3_A4:S;A6:R;A18:R;A26:S;A27:S,CHEMBL550227,3
CHEMBL550227::en4_A4:R;A6:S;A18:S;A26:S;A27:S,CHEMBL550227,4
CHEMBL550781::en0_A13:S,CHEMBL550781,0
CHEMBL550781::en1_A13:R,CHEMBL550781,1
CHEMBL551064::en0_A24:S;A26:S,CHEMBL551064,0
CHEMBL551064::en1_A24:R;A26:R,CHEMBL551064,1
CHEMBL552212::en0_A3:S,CHEMBL552212,0
CHEMBL552212::en1_A3:R,CHEMBL552212,1
CHEMBL553025::en0_A4:R;A18:R;A33:S;A34:R;A40:R;A45:R;A54:S;A55:R,CHEMBL553025,0
CHEMBL553025::en1_A4:S;A18:R;A33:S;A34:R;A40:R;A45:R;A54:S;A55:R,CHEMBL553025,1
CHEMBL553025::en2_A4:R;A18:R;A33:S;A34:R;A40:R;A45:R;A54:S;A55:R,CHEMBL553025,2
CHEMBL553025::en3_A4:S;A18:R;A33:S;A34:R;A40:R;A45:R;A54:S;A55:R,CHEMBL553025,3
CHEMBL553025::en4_A4:R;A18:S;A33:S;A34:R;A40:R;A45:R;A54:S;A55:R,CHEMBL553025,4
CHEMBL553204::en0_A17:S;A19:R;A22:R;A24:S;A26:S;A36:S;A38:R;A40:R;A42:S;A44:S,CHEMBL553204,0
CHEMBL553204::en1_A17:R;A19:R;A22:R;A24:S;A26:S;A36:S;A38:R;A40:R;A42:S;A44:S,CHEMBL553204,1
CHEMBL553204::en2_A17:S;A19:S;A22:R;A24:S;A26:S;A36:S;A38:R;A40:R;A42:S;A44:S,CHEMBL553204,2
CHEMBL553204::en3_A17:R;A19:S;A22:R;A24:S;A26:S;A36:S;A38:R;A40:R;A42:S;A44:S,CHEMBL553204,3
CHEMBL553204::en4_A17:S;A19:R;A22:S;A24:S;A26:S;A36:S;A38:R;A40:R;A42:S;A44:S,CHEMBL553204,4
CHEMBL554563::en0_A5:S;A7:S;A9:S,CHEMBL554563,0
CHEMBL554563::en1_A5:R;A7:S;A9:S,CHEMBL554563,1
CHEMBL554563::en2_A5:S;A7:R;A9:S,CHEMBL554563,2
CHEMBL554563::en3_A5:R;A7:R;A9:S,CHEMBL554563,3
CHEMBL554563::en4_A5:S;A7:S;A9:R,CHEMBL554563,4
CHEMBL556262::en0_A1:S;A3:R;A12:S;A18:R,CHEMBL556262,0
CHEMBL556262::en1_A1:R;A3:R;A12:S;A18:R,CHEMBL556262,1
CHEMBL556262::en2_A1:S;A3:S;A12:S;A18:R,CHEMBL556262,2
CHEMBL556262::en3_A1:R;A3:S;A12:S;A18:R,CHEMBL556262,3
CHEMBL556262::en4_A1:S;A3:R;A12:R;A18:R,CHEMBL556262,4
CHEMBL560592::en0_A6:R;A17:R,CHEMBL560592,0
CHEMBL560592::en1_A6:S;A17:R,CHEMBL560592,1
CHEMBL560592::en2_A6:R;A17:S,CHEMBL560592,2
CHEMBL560592::en3_A6:S;A17:S,CHEMBL560592,3
CHEMBL560976::en0_A2:S;A5:S;A7:S;A9:S;A10:R;A12:R;A14:R;A16:S;A19:S;A21:S;A23:S;A25:R;A28:R,CHEMBL560976,0
CHEMBL560976::en1_A2:S;A5:R;A7:R;A9:R;A10:S;A12:R;A14:R;A16:R;A19:R;A21:S;A23:R;A25:S;A28:S,CHEMBL560976,1
CHEMBL560976::en2_A2:S;A5:R;A7:S;A9:S;A10:R;A12:S;A14:R;A16:R;A19:R;A21:R;A23:R;A25:R;A28:R,CHEMBL560976,2
CHEMBL560976::en3_A2:S;A5:S;A7:R;A9:S;A10:S;A12:R;A14:S;A16:S;A19:S;A21:S;A23:R;A25:S;A28:S,CHEMBL560976,3
CHEMBL560976::en4_A2:S;A5:S;A7:S;A9:S;A10:R;A12:S;A14:R;A16:R;A19:S;A21:R;A23:R;A25:R;A28:R,CHEMBL560976,4
CHEMBL561132::en0_A2:R,CHEMBL561132,0
CHEMBL561132::en1_A2:S,CHEMBL561132,1
CHEMBL562::en0_A7:S;A9:S,CHEMBL562,0
CHEMBL562::en1_A7:R;A9:S,CHEMBL562,1
CHEMBL562::en2_A7:S;A9:R,CHEMBL562,2
CHEMBL562::en3_A7:R;A9:R,CHEMBL562,3
CHEMBL562967::en0_A7:S;A9:S;A18:R;A21:R,CHEMBL562967,0
CHEMBL562967::en1_A7:R;A9:S;A18:R;A21:R,CHEMBL562967,1
CHEMBL562967::en2_A7:S;A9:R;A18:R;A21:R,CHEMBL562967,2
CHEMBL562967::en3_A7:R;A9:R;A18:R;A21:R,CHEMBL562967,3
CHEMBL562967::en4_A7:S;A9:S;A18:S;A21:R,CHEMBL562967,4
CHEMBL563251::en0_A3:R;A4:S;A6:S,CHEMBL563251,0
CHEMBL563251::en1_A3:S;A4:R;A6:R,CHEMBL563251,1
CHEMBL563350::en0_A8:R;A16:R;A19:S;A31:S,CHEMBL563350,0
CHEMBL563350::en1_A8:S;A16:R;A19:S;A31:S,CHEMBL563350,1
CHEMBL563350::en2_A8:R;A16:S;A19:S;A31:S,CHEMBL563350,2
CHEMBL563350::en3_A8:S;A16:S;A19:S;A31:S,CHEMBL563350,3
CHEMBL563350::en4_A8:R;A16:R;A19:R;A31:S,CHEMBL563350,4
CHEMBL564085::en0_A2:R;A4:S;A6:S;A7:S;A9:S;A11:S;A13:S;A16:S;A20:R;A25:R;A28:R;A33:R;A35:S;A40:S;A42:R;A47:R;A50:R;A52:S,CHEMBL564085,0
CHEMBL564085::en1_A2:S;A4:R;A6:S;A7:S;A9:R;A11:S;A13:R;A16:R;A20:S;A25:R;A28:R;A33:R;A35:R;A40:R;A42:R;A47:R;A50:R;A52:S,CHEMBL564085,1
CHEMBL564085::en2_A2:R;A4:R;A6:S;A7:S;A9:R;A11:S;A13:S;A16:R;A20:S;A25:R;A28:S;A33:S;A35:S;A40:R;A42:S;A47:R;A50:S;A52:R,CHEMBL564085,2
CHEMBL564085::en3_A2:R;A4:R;A6:R;A7:R;A9:R;A11:S;A13:S;A16:S;A20:R;A25:S;A28:R;A33:R;A35:S;A40:S;A42:R;A47:S;A50:R;A52:R,CHEMBL564085,3
CHEMBL564085::en4_A2:S;A4:S;A6:R;A7:S;A9:R;A11:R;A13:R;A16:R;A20:S;A25:S;A28:R;A33:R;A35:R;A40:S;A42:S;A47:S;A50:S;A52:R,CHEMBL564085,4
CHEMBL566315::en0_A2:S;A3:R;A5:R;A6:S;A9:R;A11:S;A12:R;A21:S;A22:R;A26:R;A29:R,CHEMBL566315,0
CHEMBL566315::en1_A2:R;A3:S;A5:R;A6:R;A9:S;A11:S;A12:R;A21:S;A22:R;A26:S;A29:S,CHEMBL566315,1
CHEMBL566315::en2_A2:R;A3:R;A5:R;A6:S;A9:R;A11:S;A12:S;A21:S;A22:S;A26:S;A29:S,CHEMBL566315,2
CHEMBL566315::en3_A2:R;A3:S;A5:R;A6:S;A9:S;A11:S;A12:R;A21:S;A22:S;A26:S;A29:R,CHEMBL566315,3
CHEMBL566315::en4_A2:R;A3:R;A5:R;A6:S;A9:S;A11:S;A12:S;A21:R;A22:R;A26:R;A29:S,CHEMBL566315,4
CHEMBL567597::en0_A1:R;A4:R;A5:S;A10:S;A12:S;A16:S;A17:S,CHEMBL567597,0
CHEMBL567597::en1_A1:S;A4:R;A5:S;A10:S;A12:S;A16:S;A17:S,CHEMBL567597,1
CHEMBL567597::en2_A1:R;A4:S;A5:S;A10:S;A12:S;A16:S;A17:S,CHEMBL567597,2
CHEMBL567597::en3_A1:S;A4:S;A5:S;A10:S;A12:S;A16:S;A17:S,CHEMBL567597,3
CHEMBL567597::en4_A1:R;A4:R;A5:R;A10:S;A12:S;A16:S;A17:S,CHEMBL567597,4
CHEMBL571948::en0_A1:S,CHEMBL571948,0
CHEMBL571948::en1_A1:R,CHEMBL571948,1
CHEMBL572284::en0_A25:R,CHEMBL572284,0
CHEMBL572284::en1_A25:S,CHEMBL572284,1
CHEMBL572284::en2_A25:R,CHEMBL572284,2
CHEMBL572284::en3_A25:S,CHEMBL572284,3
CHEMBL573352::en0_A2:R;A4:S;A8:S;A17:R,CHEMBL573352,0
CHEMBL573352::en1_A2:S;A4:S;A8:S;A17:R,CHEMBL573352,1
CHEMBL573352::en2_A2:R;A4:R;A8:S;A17:R,CHEMBL573352,2
CHEMBL573352::en3_A2:S;A4:R;A8:S;A17:R,CHEMBL573352,3
CHEMBL573352::en4_A2:R;A4:S;A8:R;A17:R,CHEMBL573352,4
CHEMBL573677::en0_A1:R,CHEMBL573677,0
CHEMBL573677::en1_A1:S,CHEMBL573677,1
CHEMBL574737::en0_A2:R;A4:S;A6:R;A8:R;A34:R,CHEMBL574737,0
CHEMBL574737::en1_A2:S;A4:S;A6:R;A8:R;A34:R,CHEMBL574737,1
CHEMBL574737::en2_A2:R;A4:R;A6:R;A8:R;A34:R,CHEMBL574737,2
CHEMBL574737::en3_A2:S;A4:R;A6:R;A8:R;A34:R,CHEMBL574737,3
CHEMBL574737::en4_A2:R;A4:S;A6:S;A8:R;A34:R,CHEMBL574737,4
CHEMBL575::en0_A13:R;A17:R;A22:S,CHEMBL575,0
CHEMBL575::en1_A13:S;A17:R;A22:S,CHEMBL575,1
CHEMBL575::en2_A13:R;A17:S;A22:S,CHEMBL575,2
CHEMBL575::en3_A13:S;A17:S;A22:S,CHEMBL575,3
CHEMBL575::en4_A13:R;A17:R;A22:R,CHEMBL575,4
CHEMBL57684::en0_A25:S,CHEMBL57684,0
CHEMBL57684::en1_A25:R,CHEMBL57684,1
CHEMBL576981::en0_A1:S;A3:R;A22:R;A24:S,CHEMBL576981,0
CHEMBL576981::en1_A1:R;A3:R;A22:R;A24:S,CHEMBL576981,1
CHEMBL576981::en2_A1:S;A3:S;A22:R;A24:S,CHEMBL576981,2
CHEMBL576981::en3_A1:R;A3:S;A22:R;A24:S,CHEMBL576981,3
CHEMBL576981::en4_A1:S;A3:R;A22:S;A24:S,CHEMBL576981,4
CHEMBL577::en0_A1:S;A3:R;A21:R,CHEMBL577,0
CHEMBL577::en1_A1:R;A3:R;A21:R,CHEMBL577,1
CHEMBL577::en2_A1:S;A3:S;A21:R,CHEMBL577,2
CHEMBL577::en3_A1:R;A3:S;A21:R,CHEMBL577,3
CHEMBL577::en4_A1:S;A3:R;A21:S,CHEMBL577,4
CHEMBL577711::en0_A14:R;A16:R;A19:S,CHEMBL577711,0
CHEMBL577711::en1_A14:S;A16:R;A19:S,CHEMBL577711,1
CHEMBL577711::en2_A14:R;A16:S;A19:S,CHEMBL577711,2
CHEMBL577711::en3_A14:S;A16:S;A19:S,CHEMBL577711,3
CHEMBL577711::en4_A14:R;A16:R;A19:R,CHEMBL577711,4
CHEMBL578::en0_A5:S;A15:R;A23:R,CHEMBL578,0
CHEMBL578::en1_A5:R;A15:R;A23:R,CHEMBL578,1
CHEMBL578::en2_A5:S;A15:S;A23:R,CHEMBL578,2
CHEMBL578::en3_A5:R;A15:S;A23:R,CHEMBL578,3
CHEMBL578::en4_A5:S;A15:R;A23:S,CHEMBL578,4
CHEMBL579::en0_A1:S;A3:R;A21:R,CHEMBL579,0
CHEMBL579::en1_A1:R;A3:R;A21:R,CHEMBL579,1
CHEMBL579::en2_A1:S;A3:S;A21:R,CHEMBL579,2
CHEMBL579::en3_A1:R;A3:S;A21:R,CHEMBL579,3
CHEMBL579::en4_A1:S;A3:R;A21:S,CHEMBL579,4
CHEMBL581::en0_A3:S;A5:R;A17:R,CHEMBL581,0
CHEMBL581::en1_A3:R;A5:R;A17:R,CHEMBL581,1
CHEMBL581::en2_A3:S;A5:S;A17:R,CHEMBL581,2
CHEMBL581::en3_A3:R;A5:S;A17:R,CHEMBL581,3
CHEMBL581::en4_A3:S;A5:R;A17:S,CHEMBL581,4
CHEMBL582857::en0_A12:S;A23:R;A26:R,CHEMBL582857,0
CHEMBL582857::en1_A12:R;A23:R;A26:R,CHEMBL582857,1
CHEMBL582857::en2_A12:S;A23:S;A26:R,CHEMBL582857,2
CHEMBL582857::en3_A12:R;A23:S;A26:R,CHEMBL582857,3
CHEMBL582857::en4_A12:S;A23:R;A26:S,CHEMBL582857,4
CHEMBL582912::en0_A7:R;A23:R,CHEMBL582912,0
CHEMBL582912::en1_A7:S;A23:R,CHEMBL582912,1
CHEMBL582912::en2_A7:R;A23:S,CHEMBL582912,2
CHEMBL582912::en3_A7:S;A23:S,CHEMBL582912,3
CHEMBL582912::en4_A7:R;A23:R,CHEMBL582912,4
CHEMBL58323::en0_A3:S,CHEMBL58323,0
CHEMBL58323::en1_A3:R,CHEMBL58323,1
CHEMBL583912::en0_A9:R;A18:R,CHEMBL583912,0
CHEMBL583912::en1_A9:S;A18:R,CHEMBL583912,1
CHEMBL583912::en2_A9:R;A18:S,CHEMBL583912,2
CHEMBL583912::en3_A9:S;A18:S,CHEMBL583912,3
CHEMBL584059::en0_A3:R;A6:R;A9:R,CHEMBL584059,0
CHEMBL584059::en1_A3:S;A6:R;A9:S,CHEMBL584059,1
CHEMBL585902::en0_A5:R,CHEMBL585902,0
CHEMBL585902::en1_A5:S,CHEMBL585902,1
CHEMBL58711::en0_A19:S,CHEMBL58711,0
CHEMBL58711::en1_A19:R,CHEMBL58711,1
CHEMBL587723::en0_A16:R,CHEMBL587723,0
CHEMBL587723::en1_A16:S,CHEMBL587723,1
CHEMBL588619::en0_A2:S;A7:R;A9:R;A10:R,CHEMBL588619,0
CHEMBL588619::en1_A2:R;A7:R;A9:R;A10:R,CHEMBL588619,1
CHEMBL588619::en2_A2:S;A7:S;A9:R;A10:R,CHEMBL588619,2
CHEMBL589583::en0_A5:S;A15:R,CHEMBL589583,0
CHEMBL589583::en1_A5:R;A15:R,CHEMBL589583,1
CHEMBL589583::en2_A5:S;A15:S,CHEMBL589583,2
CHEMBL589583::en3_A5:R;A15:S,CHEMBL589583,3
CHEMBL591118::en0_A10:S;A12:S;A14:R;A17:R,CHEMBL591118,0
CHEMBL591118::en1_A10:R;A12:S;A14:R;A17:R,CHEMBL591118,1
CHEMBL591118::en2_A10:S;A12:R;A14:R;A17:R,CHEMBL591118,2
CHEMBL591118::en3_A10:R;A12:R;A14:R;A17:R,CHEMBL591118,3
CHEMBL591118::en4_A10:S;A12:S;A14:S;A17:R,CHEMBL591118,4
CHEMBL592868::en0_A3:S;A7:R;A8:R;A18:R;A21:S,CHEMBL592868,0
CHEMBL592868::en1_A3:R;A7:R;A8:R;A18:R;A21:S,CHEMBL592868,1
CHEMBL592868::en2_A3:S;A7:S;A8:R;A18:R;A21:S,CHEMBL592868,2
CHEMBL592868::en3_A3:R;A7:S;A8:R;A18:R;A21:S,CHEMBL592868,3
CHEMBL592868::en4_A3:S;A7:R;A8:S;A18:R;A21:S,CHEMBL592868,4
CHEMBL593430::en0_A1:R;A3:S;A11:S,CHEMBL593430,0
CHEMBL593430::en1_A1:S;A11:S,CHEMBL593430,1
CHEMBL593430::en2_A1:R;A3:R;A11:S,CHEMBL593430,2
CHEMBL593430::en3_A1:R;A11:R,CHEMBL593430,3
CHEMBL595573::en0_A3:R;A6:R,CHEMBL595573,0
CHEMBL595573::en1_A3:S;A6:S,CHEMBL595573,1
CHEMBL596186::en0_A5:R;A7:R;A14:R;A16:S,CHEMBL596186,0
CHEMBL596186::en1_A5:S;A7:R;A14:R;A16:S,CHEMBL596186,1
CHEMBL596186::en2_A5:R;A7:S;A14:R;A16:S,CHEMBL596186,2
CHEMBL596186::en3_A5:S;A7:S;A14:R;A16:S,CHEMBL596186,3
CHEMBL596186::en4_A5:R;A7:R;A14:S;A16:S,CHEMBL596186,4
CHEMBL601719::en0_A1:S,CHEMBL601719,0
CHEMBL601719::en1_A1:R,CHEMBL601719,1
CHEMBL602070::en0_A9:R;A17:S,CHEMBL602070,0
CHEMBL602070::en1_A9:S;A17:S,CHEMBL602070,1
CHEMBL602070::en2_A9:R;A17:R,CHEMBL602070,2
CHEMBL602070::en3_A9:S;A17:R,CHEMBL602070,3
CHEMBL603469::en0_A1:S;A3:R;A5:S,CHEMBL603469,0
CHEMBL603469::en1_A1:R;A3:S;A5:S,CHEMBL603469,1
CHEMBL603469::en2_A1:S;A3:R;A5:R,CHEMBL603469,2
CHEMBL604608::en0_A2:S;A4:R;A8:R;A10:S,CHEMBL604608,0
CHEMBL604608::en1_A2:R;A4:R;A8:R;A10:S,CHEMBL604608,1
CHEMBL604608::en2_A2:S;A4:S;A8:R;A10:S,CHEMBL604608,2
CHEMBL604608::en3_A2:R;A4:S;A8:R;A10:S,CHEMBL604608,3
CHEMBL604608::en4_A2:S;A4:R;A8:S;A10:S,CHEMBL604608,4
CHEMBL60550::en0_A3:R;A7:S;A27:R;A35:S,CHEMBL60550,0
CHEMBL60550::en1_A3:S;A7:S;A27:R;A35:S,CHEMBL60550,1
CHEMBL60550::en2_A3:R;A7:R;A27:R;A35:S,CHEMBL60550,2
CHEMBL60550::en3_A3:S;A7:R;A27:R;A35:S,CHEMBL60550,3
CHEMBL60550::en4_A3:R;A7:S;A27:S;A35:S,CHEMBL60550,4
CHEMBL605846::en0_A12:R,CHEMBL605846,0
CHEMBL605846::en1_A12:S,CHEMBL605846,1
CHEMBL606258::en0_A2:S;A4:S;A6:S;A7:S;A9:R;A11:R;A13:S;A16:S;A20:S;A22:S;A25:S;A30:S;A32:R;A34:S;A36:R;A41:S;A44:S;A46:R,CHEMBL606258,0
CHEMBL606258::en1_A2:R;A4:S;A6:S;A7:S;A9:S;A11:S;A13:R;A16:R;A20:R;A22:S;A25:R;A30:R;A32:S;A34:R;A36:R;A41:S;A44:R;A46:S,CHEMBL606258,1
CHEMBL606258::en2_A2:S;A4:S;A6:R;A7:S;A9:S;A11:S;A13:R;A16:R;A20:S;A22:S;A25:R;A30:S;A32:S;A34:S;A36:S;A41:S;A44:R;A46:R,CHEMBL606258,2
CHEMBL606258::en3_A2:R;A4:S;A6:R;A7:S;A9:R;A11:S;A13:R;A16:S;A20:R;A22:S;A25:S;A30:R;A32:S;A34:S;A36:S;A41:S;A44:S;A46:S,CHEMBL606258,3
CHEMBL606258::en4_A2:S;A4:R;A6:R;A7:S;A9:S;A11:S;A13:R;A16:S;A20:S;A22:S;A25:R;A30:S;A32:S;A34:R;A36:R;A41:R;A44:S;A46:R,CHEMBL606258,4
CHEMBL606566::en0_A3:S;A5:S;A6:S;A15:S,CHEMBL606566,0
CHEMBL606566::en1_A3:R;A5:S;A6:S;A15:S,CHEMBL606566,1
CHEMBL606566::en2_A3:S;A5:R;A6:S;A15:S,CHEMBL606566,2
CHEMBL606566::en3_A3:R;A5:R;A6:S;A15:S,CHEMBL606566,3
CHEMBL607048::en0_A4:S;A6:R;A20:S;A26:S,CHEMBL607048,0
CHEMBL607048::en1_A4:R;A6:R;A20:S;A26:S,CHEMBL607048,1
CHEMBL608533::en0_A2:R;A3:R;A15:S;A17:S,CHEMBL608533,0
CHEMBL608533::en1_A2:S;A3:R;A15:S;A17:S,CHEMBL608533,1
CHEMBL608533::en2_A2:R;A3:S;A15:S;A17:S,CHEMBL608533,2
CHEMBL608533::en3_A2:S;A3:S;A15:S;A17:S,CHEMBL608533,3
CHEMBL608533::en4_A2:R;A3:R;A15:R;A17:S,CHEMBL608533,4
CHEMBL608806::en0_A5:R;A6:S;A9:R;A11:S,CHEMBL608806,0
CHEMBL608806::en1_A5:S;A6:S;A9:R;A11:S,CHEMBL608806,1
CHEMBL612::en0_A1:S,CHEMBL612,0
CHEMBL612::en1_A1:R,CHEMBL612,1
CHEMBL617::en0_A13:S;A23:S,CHEMBL617,0
CHEMBL617::en1_A13:R;A23:S,CHEMBL617,1
CHEMBL617::en2_A13:S;A23:R,CHEMBL617,2
CHEMBL617::en3_A13:R;A23:R,CHEMBL617,3
CHEMBL61872::en0_A20:S,CHEMBL61872,0
CHEMBL61872::en1_A20:R,CHEMBL61872,1
CHEMBL632::en0_A1:R;A3:R;A4:S;A13:S;A15:S;A17:R;A20:S;A22:S,CHEMBL632,0
CHEMBL632::en1_A1:S;A3:R;A4:S;A13:S;A15:S;A17:R;A20:S;A22:S,CHEMBL632,1
CHEMBL632::en2_A1:R;A3:S;A4:S;A13:S;A15:S;A17:R;A20:S;A22:S,CHEMBL632,2
CHEMBL632::en3_A1:S;A3:S;A4:S;A13:S;A15:S;A17:R;A20:S;A22:S,CHEMBL632,3
CHEMBL632::en4_A1:R;A3:R;A4:R;A13:S;A15:S;A17:R;A20:S;A22:S,CHEMBL632,4
CHEMBL63440::en0_A5:R;A7:S;A11:R,CHEMBL63440,0
CHEMBL63440::en1_A5:S;A7:S;A11:R,CHEMBL63440,1
CHEMBL63440::en2_A5:R;A7:R;A11:R,CHEMBL63440,2
CHEMBL63440::en3_A5:S;A7:R;A11:R,CHEMBL63440,3
CHEMBL63440::en4_A5:R;A7:S;A11:S,CHEMBL63440,4
CHEMBL635::en0_A1:R;A10:S;A11:S;A15:R;A17:R;A20:R,CHEMBL635,0
CHEMBL635::en1_A1:S;A10:S;A11:S;A15:R;A17:R;A20:R,CHEMBL635,1
CHEMBL635::en2_A1:R;A10:R;A11:S;A15:R;A17:R;A20:R,CHEMBL635,2
CHEMBL635::en3_A1:S;A10:R;A11:S;A15:R;A17:R;A20:R,CHEMBL635,3
CHEMBL635::en4_A1:R;A10:S;A11:R;A15:R;A17:R;A20:R,CHEMBL635,4
CHEMBL63544::en0_A3:R,CHEMBL63544,0
CHEMBL63544::en1_A3:S,CHEMBL63544,1
CHEMBL63558::en0_A2:S;A4:S;A6:S;A8:R;A11:R;A13:S;A15:S;A17:R;A19:R,CHEMBL63558,0
CHEMBL63558::en1_A2:R;A4:S;A6:S;A8:R;A11:R;A13:S;A15:S;A17:R;A19:R,CHEMBL63558,1
CHEMBL63558::en2_A2:S;A4:R;A6:S;A8:R;A11:R;A13:S;A15:S;A17:R;A19:R,CHEMBL63558,2
CHEMBL63558::en3_A2:R;A4:R;A6:S;A8:R;A11:R;A13:S;A15:S;A17:R;A19:R,CHEMBL63558,3
CHEMBL63558::en4_A2:S;A4:S;A6:R;A8:R;A11:R;A13:S;A15:S;A17:R;A19:R,CHEMBL63558,4
CHEMBL636::en0_A12:S,CHEMBL636,0
CHEMBL636::en1_A12:R,CHEMBL636,1
CHEMBL638::en0_A1:R;A9:R,CHEMBL638,0
CHEMBL638::en1_A1:S;A9:R,CHEMBL638,1
CHEMBL638::en2_A1:R;A9:S,CHEMBL638,2
CHEMBL638::en3_A1:S;A9:S,CHEMBL638,3
CHEMBL641::en0_A4:S,CHEMBL641,0
CHEMBL641::en1_A4:R,CHEMBL641,1
CHEMBL64706::en0_A11:R,CHEMBL64706,0
CHEMBL64706::en1_A11:S,CHEMBL64706,1
CHEMBL650::en0_A1:R;A3:S;A4:S;A5:R;A8:R;A10:R;A13:R;A19:S,CHEMBL650,0
CHEMBL650::en1_A1:S;A3:S;A4:S;A5:R;A8:R;A10:R;A13:R;A19:S,CHEMBL650,1
CHEMBL650::en2_A1:R;A3:R;A4:S;A5:R;A8:R;A10:R;A13:R;A19:S,CHEMBL650,2
CHEMBL650::en3_A1:S;A3:R;A4:S;A5:R;A8:R;A10:R;A13:R;A19:S,CHEMBL650,3
CHEMBL650::en4_A1:R;A3:S;A4:R;A5:R;A8:R;A10:R;A13:R;A19:S,CHEMBL650,4
CHEMBL65030::en0_A9:R;A10:S;A17:R;A20:S,CHEMBL65030,0
CHEMBL65030::en1_A9:S;A10:S;A17:R;A20:S,CHEMBL65030,1
CHEMBL65030::en2_A9:R;A10:R;A17:R;A20:S,CHEMBL65030,2
CHEMBL65030::en3_A9:S;A10:R;A17:R;A20:S,CHEMBL65030,3
CHEMBL65030::en4_A9:R;A10:S;A17:S;A20:S,CHEMBL65030,4
CHEMBL65794::en0_A7:R;A28:R,CHEMBL65794,0
CHEMBL65794::en1_A7:S;A28:R,CHEMBL65794,1
CHEMBL65794::en2_A7:R;A28:S,CHEMBL65794,2
CHEMBL65794::en3_A7:S;A22:S;A28:S,CHEMBL65794,3
CHEMBL65794::en4_A7:R;A28:R,CHEMBL65794,4
CHEMBL659::en0_A9:R;A11:S;A15:S,CHEMBL659,0
CHEMBL659::en1_A9:S;A11:S;A15:S,CHEMBL659,1
CHEMBL659::en2_A9:R;A11:R;A15:S,CHEMBL659,2
CHEMBL659::en3_A9:S;A11:R;A15:S,CHEMBL659,3
CHEMBL659::en4_A9:R;A11:S;A15:R,CHEMBL659,4
CHEMBL66115::en0_A5:S;A7:S;A9:S,CHEMBL66115,0
CHEMBL66115::en1_A5:R;A7:S;A9:S,CHEMBL66115,1
CHEMBL66115::en2_A5:S;A7:R;A9:S,CHEMBL66115,2
CHEMBL66115::en3_A5:R;A7:R;A9:S,CHEMBL66115,3
CHEMBL66115::en4_A5:S;A7:S;A9:R,CHEMBL66115,4
CHEMBL6622::en0_A4:R;A7:R;A8:S;A11:S,CHEMBL6622,0
CHEMBL6622::en1_A4:S;A7:R;A8:S;A11:S,CHEMBL6622,1
CHEMBL6622::en2_A4:R;A7:S;A8:S;A11:S,CHEMBL6622,2
CHEMBL6622::en3_A4:S;A7:S;A8:S;A11:S,CHEMBL6622,3
CHEMBL6622::en4_A4:R;A7:R;A8:R;A11:S,CHEMBL6622,4
CHEMBL67279::en1_A3:R;A11:S,CHEMBL67279,1
CHEMBL674::en0_A6:R;A13:S;A15:S,CHEMBL674,0
CHEMBL674::en1_A6:S;A13:S;A15:S,CHEMBL674,1
CHEMBL674::en2_A6:R;A13:R;A15:S,CHEMBL674,2
CHEMBL674::en3_A6:S;A13:R;A15:S,CHEMBL674,3
CHEMBL674::en4_A6:R;A13:S;A15:R,CHEMBL674,4
CHEMBL677::en0_A1:S;A3:R,CHEMBL677,0
CHEMBL677::en1_A1:R;A3:R,CHEMBL677,1
CHEMBL677::en2_A1:S;A3:S,CHEMBL677,2
CHEMBL677::en3_A1:R;A3:S,CHEMBL677,3
CHEMBL679::en0_A3:R,CHEMBL679,0
CHEMBL679::en1_A3:S,CHEMBL679,1
CHEMBL680::en0_A1:S;A5:R;A17:R,CHEMBL680,0
CHEMBL680::en1_A1:R;A5:R;A17:R,CHEMBL680,1
CHEMBL680::en2_A1:S;A5:S;A17:R,CHEMBL680,2
CHEMBL680::en3_A1:R;A5:S;A17:R,CHEMBL680,3
CHEMBL680::en4_A1:S;A5:R;A17:S,CHEMBL680,4
CHEMBL68055::en0_A10:S,CHEMBL68055,0
CHEMBL68055::en1_A10:R,CHEMBL68055,1
CHEMBL68117::en0_A2:R;A25:S,CHEMBL68117,0
CHEMBL68117::en1_A2:S;A25:S,CHEMBL68117,1
CHEMBL68117::en2_A2:R;A25:R,CHEMBL68117,2
CHEMBL68117::en3_A2:S;A25:R,CHEMBL68117,3
CHEMBL691::en0_A2:R;A6:R;A7:R;A17:R;A20:S,CHEMBL691,0
CHEMBL691::en1_A2:S;A6:R;A7:R;A17:R;A20:S,CHEMBL691,1
CHEMBL691::en2_A2:R;A6:S;A7:R;A17:R;A20:S,CHEMBL691,2
CHEMBL691::en3_A2:S;A6:S;A7:R;A17:R;A20:S,CHEMBL691,3
CHEMBL691::en4_A2:R;A6:R;A7:S;A17:R;A20:S,CHEMBL691,4
CHEMBL70::en0_A4:R;A13:S;A14:R;A18:S;A19:S,CHEMBL70,0
CHEMBL70::en1_A4:R;A13:R;A14:R;A18:S;A19:S,CHEMBL70,1
CHEMBL70046::en0_A6:R;A8:R;A11:R;A13:S,CHEMBL70046,0
CHEMBL70046::en1_A6:S;A8:R;A11:R;A13:S,CHEMBL70046,1
CHEMBL70046::en2_A6:R;A8:S;A11:R;A13:S,CHEMBL70046,2
CHEMBL70046::en3_A6:S;A8:S;A11:R;A13:S,CHEMBL70046,3
CHEMBL70046::en4_A6:R;A8:R;A11:S;A13:S,CHEMBL70046,4
CHEMBL70088::en0_A1:S;A3:R;A18:R,CHEMBL70088,0
CHEMBL70088::en1_A1:R;A3:R;A18:R,CHEMBL70088,1
CHEMBL70088::en2_A1:S;A3:S;A18:R,CHEMBL70088,2
CHEMBL70088::en3_A1:R;A3:S;A18:R,CHEMBL70088,3
CHEMBL70088::en4_A1:S;A3:R;A18:S,CHEMBL70088,4
CHEMBL702::en0_A9:S;A13:R;A17:R;A22:S,CHEMBL702,0
CHEMBL702::en1_A9:R;A13:R;A17:R;A22:S,CHEMBL702,1
CHEMBL702::en2_A9:S;A13:S;A17:R;A22:S,CHEMBL702,2
CHEMBL702::en3_A9:R;A13:S;A17:R;A22:S,CHEMBL702,3
CHEMBL702::en4_A9:S;A13:R;A17:S;A22:S,CHEMBL702,4
CHEMBL70566::en0_A4:S;A7:R,CHEMBL70566,0
CHEMBL70566::en1_A4:R;A7:R,CHEMBL70566,1
CHEMBL70566::en2_A4:S;A7:S,CHEMBL70566,2
CHEMBL70566::en3_A4:R;A7:S,CHEMBL70566,3
CHEMBL70611::en0_A7:S;A10:S,CHEMBL70611,0
CHEMBL70611::en1_A7:R;A10:S,CHEMBL70611,1
CHEMBL70611::en2_A7:S;A10:R,CHEMBL70611,2
CHEMBL70611::en3_A7:R;A10:R,CHEMBL70611,3
CHEMBL710::en0_A7:R;A10:R;A11:S;A14:S;A20:R;A22:R;A25:S,CHEMBL710,0
CHEMBL710::en1_A7:S;A10:R;A11:S;A14:S;A20:R;A22:R;A25:S,CHEMBL710,1
CHEMBL710::en2_A7:R;A10:S;A11:S;A14:S;A20:R;A22:R;A25:S,CHEMBL710,2
CHEMBL710::en3_A7:S;A10:S;A11:S;A14:S;A20:R;A22:R;A25:S,CHEMBL710,3
CHEMBL710::en4_A7:R;A10:R;A11:R;A14:S;A20:R;A22:R;A25:S,CHEMBL710,4
CHEMBL713::en0_A2:R;A5:R;A8:S,CHEMBL713,0
CHEMBL713::en1_A2:S;A5:R;A8:S,CHEMBL713,1
CHEMBL713::en2_A2:R;A5:S;A8:S,CHEMBL713,2
CHEMBL713::en3_A2:S;A5:S;A8:S,CHEMBL713,3
CHEMBL713::en4_A2:R;A5:R;A8:R,CHEMBL713,4
CHEMBL717::en0_A4:R;A10:R;A11:R;A13:S;A21:R;A23:R;A26:S,CHEMBL717,0
CHEMBL717::en1_A4:S;A10:R;A11:R;A13:S;A21:R;A23:R;A26:S,CHEMBL717,1
CHEMBL717::en2_A4:R;A10:S;A11:R;A13:S;A21:R;A23:R;A26:S,CHEMBL717,2
CHEMBL717::en3_A4:S;A10:S;A11:R;A13:S;A21:R;A23:R;A26:S,CHEMBL717,3
CHEMBL717::en4_A4:R;A10:R;A11:S;A13:S;A21:R;A23:R;A26:S,CHEMBL717,4
CHEMBL71752::en0_A7:S;A25:S,CHEMBL71752,0
CHEMBL71752::en1_A7:R;A25:S,CHEMBL71752,1
CHEMBL71752::en2_A7:S;A25:R,CHEMBL71752,2
CHEMBL71752::en3_A7:R;A25:R,CHEMBL71752,3
CHEMBL719::en0_A18:S;A21:S;A23:S;A25:R;A26:R;A28:S;A31:S;A33:S,CHEMBL719,0
CHEMBL719::en1_A18:R;A21:S;A23:S;A25:R;A26:R;A28:S;A31:S;A33:S,CHEMBL719,1
CHEMBL719::en2_A18:S;A21:R;A23:S;A25:R;A26:R;A28:S;A31:S;A33:S,CHEMBL719,2
CHEMBL719::en3_A18:R;A21:R;A23:S;A25:R;A26:R;A28:S;A31:S;A33:S,CHEMBL719,3
CHEMBL719::en4_A18:S;A21:S;A23:R;A25:R;A26:R;A28:S;A31:S;A33:S,CHEMBL719,4
CHEMBL729::en0_A13:R;A21:R;A24:S;A35:S,CHEMBL729,0
CHEMBL729::en1_A13:S;A21:R;A24:S;A35:S,CHEMBL729,1
CHEMBL729::en2_A13:R;A21:S;A24:S;A35:S,CHEMBL729,2
CHEMBL729::en3_A13:S;A21:S;A24:S;A35:S,CHEMBL729,3
CHEMBL729::en4_A13:R;A21:R;A24:R;A35:S,CHEMBL729,4
CHEMBL73151::en0_A8:R;A10:R;A21:S,CHEMBL73151,0
CHEMBL73151::en1_A8:S;A10:R;A21:S,CHEMBL73151,1
CHEMBL73151::en2_A8:R;A10:S;A21:S,CHEMBL73151,2
CHEMBL73151::en3_A8:S;A10:S;A21:S,CHEMBL73151,3
CHEMBL73151::en4_A8:R;A10:R;A21:R,CHEMBL73151,4
CHEMBL73461::en0_A12:R;A14:R,CHEMBL73461,0
CHEMBL73461::en1_A12:S;A14:R,CHEMBL73461,1
CHEMBL73461::en2_A12:R;A14:S,CHEMBL73461,2
CHEMBL73461::en3_A12:S;A14:S,CHEMBL73461,3
CHEMBL73622::en0_A4:R;A5:R;A10:R,CHEMBL73622,0
CHEMBL73622::en1_A4:S;A5:R;A10:R,CHEMBL73622,1
CHEMBL73622::en2_A4:R;A5:S;A10:R,CHEMBL73622,2
CHEMBL73622::en3_A4:S;A5:S;A10:R,CHEMBL73622,3
CHEMBL73622::en4_A4:R;A5:R;A10:S,CHEMBL73622,4
CHEMBL74355::en0_A7:R,CHEMBL74355,0
CHEMBL74355::en1_A7:S,CHEMBL74355,1
CHEMBL74632::en0_A2:S;A6:R;A35:R,CHEMBL74632,0
CHEMBL74632::en1_A2:R;A6:R;A35:R,CHEMBL74632,1
CHEMBL74632::en2_A2:S;A6:S;A35:R,CHEMBL74632,2
CHEMBL74632::en3_A2:R;A6:S;A35:R,CHEMBL74632,3
CHEMBL74632::en4_A2:S;A6:R;A35:S,CHEMBL74632,4
CHEMBL75094::en0_A23:R,CHEMBL75094,0
CHEMBL75094::en1_A23:S,CHEMBL75094,1
CHEMBL75133::en0_A4:S;A6:S,CHEMBL75133,0
CHEMBL75133::en1_A4:R;A6:S,CHEMBL75133,1
CHEMBL75133::en2_A4:S;A6:R,CHEMBL75133,2
CHEMBL75133::en3_A4:R;A6:R,CHEMBL75133,3
CHEMBL75133::en4_A4:S;A6:S,CHEMBL75133,4
CHEMBL752::en0_A10:R;A12:R;A19:R;A21:S,CHEMBL752,0
CHEMBL752::en1_A10:S;A12:R;A19:R;A21:S,CHEMBL752,1
CHEMBL752::en2_A10:R;A12:S;A19:R;A21:S,CHEMBL752,2
CHEMBL752::en3_A10:S;A12:S;A19:R;A21:S,CHEMBL752,3
CHEMBL752::en4_A10:R;A12:R;A19:S;A21:S,CHEMBL752,4
CHEMBL7549::en0_A7:R,CHEMBL7549,0
CHEMBL7549::en1_A7:S,CHEMBL7549,1
CHEMBL757::en0_A1:S;A4:R;A5:S;A14:R;A15:S;A18:S,CHEMBL757,0
CHEMBL757::en1_A1:R;A4:R;A5:S;A14:R;A15:S;A18:S,CHEMBL757,1
CHEMBL757::en2_A1:S;A4:S;A5:S;A14:R;A15:S;A18:S,CHEMBL757,2
CHEMBL757::en3_A1:R;A4:S;A5:S;A14:R;A15:S;A18:S,CHEMBL757,3
CHEMBL757::en4_A1:S;A4:R;A5:R;A14:R;A15:S;A18:S,CHEMBL757,4
CHEMBL76098::en0_A2:S,CHEMBL76098,0
CHEMBL76098::en1_A2:R,CHEMBL76098,1
CHEMBL76222::en0_A4:R;A8:S;A16:R,CHEMBL76222,0
CHEMBL76222::en1_A4:S;A8:S;A16:R,CHEMBL76222,1
CHEMBL76222::en2_A4:R;A8:R;A16:R,CHEMBL76222,2
CHEMBL76222::en3_A4:S;A8:R;A16:R,CHEMBL76222,3
CHEMBL76222::en4_A4:R;A8:S;A16:S,CHEMBL76222,4
CHEMBL77::en0_A1:R;A4:R;A5:S;A10:S;A12:S;A16:S;A17:S,CHEMBL77,0
CHEMBL77::en1_A1:S;A4:R;A5:S;A10:S;A12:S;A16:S;A17:S,CHEMBL77,1
CHEMBL77::en2_A1:R;A4:S;A5:S;A10:S;A12:S;A16:S;A17:S,CHEMBL77,2
CHEMBL77::en3_A1:S;A4:S;A5:S;A10:S;A12:S;A16:S;A17:S,CHEMBL77,3
CHEMBL77::en4_A1:R;A4:R;A5:R;A10:S;A12:S;A16:S;A17:S,CHEMBL77,4
CHEMBL772::en0_A4:R;A5:R;A7:R;A23:R;A25:S;A41:R,CHEMBL772,0
CHEMBL772::en1_A4:S;A5:R;A7:R;A23:R;A25:S;A41:R,CHEMBL772,1
CHEMBL772::en2_A4:R;A5:S;A7:R;A23:R;A25:S;A41:R,CHEMBL772,2
CHEMBL772::en3_A4:S;A5:S;A7:R;A23:R;A25:S;A41:R,CHEMBL772,3
CHEMBL772::en4_A4:R;A5:R;A7:S;A23:R;A25:S;A41:R,CHEMBL772,4
CHEMBL777::en0_A3:S;A9:R,CHEMBL777,0
CHEMBL777::en1_A3:R;A9:R,CHEMBL777,1
CHEMBL777::en2_A3:S;A9:S,CHEMBL777,2
CHEMBL777::en3_A3:R;A9:S,CHEMBL777,3
CHEMBL777::en4_A3:S;A9:R,CHEMBL777,4
CHEMBL779::en0_A6:R;A26:R,CHEMBL779,0
CHEMBL779::en1_A6:S;A26:R,CHEMBL779,1
CHEMBL779::en2_A6:R;A26:S,CHEMBL779,2
CHEMBL779::en3_A6:S;A26:S,CHEMBL779,3
CHEMBL787::en0_A12:S,CHEMBL787,0
CHEMBL787::en1_A12:R,CHEMBL787,1
CHEMBL787::en2_A12:S,CHEMBL787,2
CHEMBL787::en3_A12:R,CHEMBL787,3
CHEMBL788::en0_A6:S;A8:S;A10:S,CHEMBL788,0
CHEMBL788::en1_A6:R;A8:S;A10:S,CHEMBL788,1
CHEMBL788::en2_A6:S;A8:R;A10:S,CHEMBL788,2
CHEMBL788::en3_A6:R;A8:R;A10:S,CHEMBL788,3
CHEMBL788::en4_A6:S;A8:S;A10:R,CHEMBL788,4
CHEMBL78871::en0_A11:R,CHEMBL78871,0
CHEMBL78871::en1_A11:S,CHEMBL78871,1
CHEMBL803::en0_A5:R;A7:R;A10:R;A12:S,CHEMBL803,0
CHEMBL803::en1_A5:S;A7:R;A10:R;A12:S,CHEMBL803,1
CHEMBL803::en2_A5:R;A7:S;A10:R;A12:S,CHEMBL803,2
CHEMBL803::en3_A5:S;A7:S;A10:R;A12:S,CHEMBL803,3
CHEMBL803::en4_A5:R;A7:R;A10:S;A12:S,CHEMBL803,4
CHEMBL809::en0_A2:R;A5:R,CHEMBL809,0
CHEMBL809::en1_A2:S;A5:R,CHEMBL809,1
CHEMBL809::en2_A2:R;A5:S,CHEMBL809,2
CHEMBL809::en3_A2:S;A5:S,CHEMBL809,3
CHEMBL80937::en0_A3:S;A8:R;A20:S,CHEMBL80937,0
CHEMBL80937::en1_A3:R;A8:R;A20:S,CHEMBL80937,1
CHEMBL80937::en2_A3:S;A8:S;A20:S,CHEMBL80937,2
CHEMBL80937::en3_A3:R;A8:S;A20:S,CHEMBL80937,3
CHEMBL80937::en4_A3:S;A8:R;A20:R,CHEMBL80937,4
CHEMBL815::en0_A5:S;A9:R;A10:S;A20:R;A23:S,CHEMBL815,0
CHEMBL815::en1_A5:R;A9:R;A10:S;A20:R;A23:S,CHEMBL815,1
CHEMBL815::en2_A5:S;A9:S;A10:S;A20:R;A23:S,CHEMBL815,2
CHEMBL815::en3_A5:R;A9:S;A10:S;A20:R;A23:S,CHEMBL815,3
CHEMBL815::en4_A5:S;A9:R;A10:R;A20:R;A23:S,CHEMBL815,4
CHEMBL819::en0_A15:R;A19:R;A24:S,CHEMBL819,0
CHEMBL819::en1_A15:S;A19:R;A24:S,CHEMBL819,1
CHEMBL819::en2_A15:R;A19:S;A24:S,CHEMBL819,2
CHEMBL819::en3_A15:S;A19:S;A24:S,CHEMBL819,3
CHEMBL819::en4_A15:R;A19:R;A24:R,CHEMBL819,4
CHEMBL84446::en0_A3:S;A5:S,CHEMBL84446,0
CHEMBL84446::en1_A3:R;A5:S,CHEMBL84446,1
CHEMBL84446::en2_A3:S;A5:R,CHEMBL84446,2
CHEMBL84446::en3_A3:R;A5:R,CHEMBL84446,3
CHEMBL850::en0_A1:R;A25:S,CHEMBL850,0
CHEMBL850::en1_A1:S;A25:S,CHEMBL850,1
CHEMBL850::en2_A1:R;A25:R,CHEMBL850,2
CHEMBL8514::en0_A4:S;A10:R;A25:S,CHEMBL8514,0
CHEMBL8514::en1_A4:R;A10:R;A25:S,CHEMBL8514,1
CHEMBL8514::en2_A4:S;A10:S;A25:S,CHEMBL8514,2
CHEMBL8514::en3_A4:R;A10:S;A25:S,CHEMBL8514,3
CHEMBL8514::en4_A4:S;A10:R;A25:R,CHEMBL8514,4
CHEMBL852::en0_A1:R,CHEMBL852,0
CHEMBL852::en1_A1:S,CHEMBL852,1
CHEMBL853::en0_A5:S;A8:R,CHEMBL853,0
CHEMBL853::en1_A5:R;A8:R,CHEMBL853,1
CHEMBL853::en2_A5:S;A8:S,CHEMBL853,2
CHEMBL853::en3_A5:R;A8:S,CHEMBL853,3
CHEMBL857::en0_A7:S;A10:R;A15:S,CHEMBL857,0
CHEMBL857::en1_A7:R;A10:R;A15:S,CHEMBL857,1
CHEMBL857::en2_A7:S;A10:S;A15:S,CHEMBL857,2
CHEMBL857::en3_A7:R;A10:S;A15:S,CHEMBL857,3
CHEMBL857::en4_A7:S;A10:R;A15:R,CHEMBL857,4
CHEMBL8759::en0_A1:R;A7:S;A8:S;A12:R,CHEMBL8759,0
CHEMBL8759::en1_A1:S;A7:S;A8:S;A12:R,CHEMBL8759,1
CHEMBL8759::en2_A1:R;A7:S;A8:R;A12:R,CHEMBL8759,2
CHEMBL877::en0_A2:S;A5:S,CHEMBL877,0
CHEMBL877::en1_A2:R;A5:R,CHEMBL877,1
CHEMBL87728::en0_A4:S;A8:R,CHEMBL87728,0
CHEMBL87728::en1_A4:R;A8:R,CHEMBL87728,1
CHEMBL87728::en2_A4:S;A8:S,CHEMBL87728,2
CHEMBL87728::en3_A4:R;A8:S,CHEMBL87728,3
CHEMBL87992::en0_A4:R,CHEMBL87992,0
CHEMBL87992::en1_A4:S,CHEMBL87992,1
CHEMBL88240::en0_A8:R,CHEMBL88240,0
CHEMBL88240::en1_A8:S,CHEMBL88240,1
CHEMBL885::en0_A6:S;A9:R,CHEMBL885,0
CHEMBL885::en1_A6:R;A9:R,CHEMBL885,1
CHEMBL885::en2_A6:S;A9:S,CHEMBL885,2
CHEMBL885::en3_A6:R;A9:S,CHEMBL885,3
CHEMBL88712::en0_A3:S,CHEMBL88712,0
CHEMBL88712::en1_A3:R,CHEMBL88712,1
CHEMBL888::en0_A5:R;A7:R;A10:S,CHEMBL888,0
CHEMBL888::en1_A5:S;A7:R;A10:S,CHEMBL888,1
CHEMBL888::en2_A5:R;A7:S;A10:S,CHEMBL888,2
CHEMBL888::en3_A5:S;A7:S;A10:S,CHEMBL888,3
CHEMBL888::en4_A5:R;A7:R;A10:R,CHEMBL888,4
CHEMBL891::en0_A16:R;A20:R;A25:S,CHEMBL891,0
CHEMBL891::en1_A16:S;A20:R;A25:S,CHEMBL891,1
CHEMBL891::en2_A16:R;A20:S;A25:S,CHEMBL891,2
CHEMBL891::en3_A16:S;A20:S;A25:S,CHEMBL891,3
CHEMBL891::en4_A16:R;A20:R;A25:R,CHEMBL891,4
CHEMBL893::en0_A17:R;A21:R;A26:S,CHEMBL893,0
CHEMBL893::en1_A17:S;A21:R;A26:S,CHEMBL893,1
CHEMBL893::en2_A17:R;A21:S;A26:S,CHEMBL893,2
CHEMBL893::en3_A17:S;A21:S;A26:S,CHEMBL893,3
CHEMBL893::en4_A17:R;A21:R;A26:R,CHEMBL893,4
CHEMBL895::en0_A8:S;A9:R;A13:R;A15:S;A25:R,CHEMBL895,0
CHEMBL895::en1_A8:R;A9:R;A13:R;A15:S;A25:R,CHEMBL895,1
CHEMBL895::en2_A8:S;A9:S;A13:R;A15:S;A25:R,CHEMBL895,2
CHEMBL895::en3_A8:R;A9:S;A13:R;A15:S;A25:R,CHEMBL895,3
CHEMBL895::en4_A8:S;A9:R;A13:S;A15:S;A25:R,CHEMBL895,4
CHEMBL8965::en0_A2:S;A7:R;A9:S;A11:S;A13:S;A15:S;A18:S;A22:S;A24:S;A29:R;A35:R;A38:R;A39:S,CHEMBL8965,0
CHEMBL8965::en1_A2:R;A7:S;A9:S;A11:S;A13:S;A15:R;A18:R;A22:R;A24:R;A29:R;A35:R;A38:S;A39:S,CHEMBL8965,1
CHEMBL8965::en2_A2:R;A7:S;A9:R;A11:R;A13:R;A15:R;A18:R;A22:S;A24:S;A29:S;A35:R;A38:S;A39:R,CHEMBL8965,2
CHEMBL8965::en3_A2:S;A7:S;A9:R;A11:R;A13:R;A15:R;A18:R;A22:R;A24:S;A29:R;A35:S;A38:R;A39:S,CHEMBL8965,3
CHEMBL8965::en4_A2:S;A7:R;A9:S;A11:S;A13:S;A15:S;A18:S;A22:R;A24:S;A29:R;A35:S;A38:R;A39:R,CHEMBL8965,4
CHEMBL90555::en0_A2:S;A5:R;A19:R;A35:S;A36:R;A42:R;A47:R;A56:S;A57:R,CHEMBL90555,0
CHEMBL90555::en1_A2:R;A5:R;A19:R;A35:S;A36:R;A42:R;A47:R;A56:S;A57:R,CHEMBL90555,1
CHEMBL90555::en2_A2:S;A5:S;A19:R;A35:S;A36:R;A42:R;A47:R;A56:S;A57:R,CHEMBL90555,2
CHEMBL90555::en3_A2:R;A5:S;A19:R;A35:S;A36:R;A42:R;A47:R;A56:S;A57:R,CHEMBL90555,3
CHEMBL90555::en4_A2:S;A5:R;A19:R;A35:S;A36:R;A42:R;A47:R;A56:S;A57:R,CHEMBL90555,4
CHEMBL90564::en0_A3:S,CHEMBL90564,0
CHEMBL90564::en1_A3:R,CHEMBL90564,1
CHEMBL90564::en2_A3:S,CHEMBL90564,2
CHEMBL90564::en3_A3:R,CHEMBL90564,3
CHEMBL90593::en0_A1:R;A4:S;A10:R;A11:S;A14:S;A20:R,CHEMBL90593,0
CHEMBL90593::en1_A1:S;A4:S;A10:R;A11:S;A14:S;A20:R,CHEMBL90593,1
CHEMBL90593::en2_A1:R;A4:R;A10:R;A11:S;A14:S;A20:R,CHEMBL90593,2
CHEMBL90593::en3_A1:S;A4:R;A10:R;A11:S;A14:S;A20:R,CHEMBL90593,3
CHEMBL90593::en4_A1:R;A4:S;A10:S;A11:S;A14:S;A20:R,CHEMBL90593,4
CHEMBL916::en0_A8:R,CHEMBL916,0
CHEMBL916::en1_A8:S,CHEMBL916,1
CHEMBL917::en0_A6:S;A8:S;A10:S,CHEMBL917,0
CHEMBL917::en1_A6:R;A8:S;A10:S,CHEMBL917,1
CHEMBL917::en2_A6:S;A8:R;A10:S,CHEMBL917,2
CHEMBL917::en3_A6:R;A8:R;A10:S,CHEMBL917,3
CHEMBL917::en4_A6:S;A8:S;A10:R,CHEMBL917,4
CHEMBL91704::en0_A8:R;A19:S,CHEMBL91704,0
CHEMBL91704::en1_A8:S;A19:S,CHEMBL91704,1
CHEMBL91704::en2_A8:R;A19:R,CHEMBL91704,2
CHEMBL91704::en3_A8:S;A19:R,CHEMBL91704,3
CHEMBL91704::en4_A8:R;A19:S,CHEMBL91704,4
CHEMBL91829::en0_A4:S,CHEMBL91829,0
CHEMBL91829::en1_A4:R,CHEMBL91829,1
CHEMBL9194::en0_A14:S;A24:S;A28:R,CHEMBL9194,0
CHEMBL9194::en1_A14:R;A24:S;A28:R,CHEMBL9194,1
CHEMBL9194::en2_A14:S;A24:R;A28:R,CHEMBL9194,2
CHEMBL9194::en3_A14:R;A24:R;A28:R,CHEMBL9194,3
CHEMBL9194::en4_A14:S;A24:S;A28:S,CHEMBL9194,4
CHEMBL92::en0_A4:R;A7:R;A9:R;A11:R;A15:R;A20:R;A24:R;A26:S;A42:R;A44:R;A54:S,CHEMBL92,0
CHEMBL92::en1_A4:S;A7:S;A9:R;A11:R;A15:S;A20:R;A24:S;A26:S;A42:R;A44:R;A54:R,CHEMBL92,1
CHEMBL92::en2_A4:R;A7:R;A9:S;A11:S;A15:S;A20:S;A24:S;A26:S;A42:R;A44:R;A54:S,CHEMBL92,2
CHEMBL92::en3_A4:R;A7:S;A9:S;A11:R;A15:S;A20:S;A24:S;A26:S;A42:S;A44:S;A54:S,CHEMBL92,3
CHEMBL92::en4_A4:R;A7:R;A9:R;A11:S;A15:R;A20:S;A24:R;A26:R;A42:R;A44:S;A54:R,CHEMBL92,4
CHEMBL925::en0_A1:R,CHEMBL925,0
CHEMBL925::en1_A1:S,CHEMBL925,1
CHEMBL927::en0_A10:S;A23:S,CHEMBL927,0
CHEMBL927::en1_A10:R;A23:S,CHEMBL927,1
CHEMBL927::en2_A10:S;A23:R,CHEMBL927,2
CHEMBL927::en3_A10:R;A23:R,CHEMBL927,3
CHEMBL927::en4_A10:S;A23:S,CHEMBL927,4
CHEMBL94657::en0_A9:S;A11:S;A13:R;A18:S;A20:S;A22:S;A29:R,CHEMBL94657,0
CHEMBL94657::en1_A9:R;A11:S;A13:R;A18:S;A20:S;A22:S;A29:R,CHEMBL94657,1
CHEMBL94657::en2_A9:S;A11:R;A13:R;A18:S;A20:S;A22:S;A29:R,CHEMBL94657,2
CHEMBL94657::en3_A9:R;A11:R;A13:R;A18:S;A20:S;A22:S;A29:R,CHEMBL94657,3
CHEMBL94657::en4_A9:S;A11:S;A13:S;A18:S;A20:S;A22:S;A29:R,CHEMBL94657,4
CHEMBL94739::en0_A8:S;A14:S,CHEMBL94739,0
CHEMBL94739::en1_A8:R;A14:S,CHEMBL94739,1
CHEMBL94739::en2_A8:S;A14:R,CHEMBL94739,2
CHEMBL94739::en3_A8:R;A14:R,CHEMBL94739,3
CHEMBL9506::en0_A4:R,CHEMBL9506,0
CHEMBL9506::en1_A4:S,CHEMBL9506,1
CHEMBL95067::en0_A3:R;A12:R;A23:S,CHEMBL95067,0
CHEMBL95067::en1_A3:S;A12:R;A23:S,CHEMBL95067,1
CHEMBL95067::en2_A3:R;A12:S;A23:S,CHEMBL95067,2
CHEMBL95067::en3_A3:S;A12:S;A23:S,CHEMBL95067,3
CHEMBL95067::en4_A3:R;A12:R;A23:R,CHEMBL95067,4
CHEMBL9509::en0_A5:S;A10:S;A22:R;A28:R,CHEMBL9509,0
CHEMBL9509::en1_A5:R;A10:S;A22:R;A28:R,CHEMBL9509,1
CHEMBL9509::en2_A5:S;A10:R;A22:R;A28:R,CHEMBL9509,2
CHEMBL9509::en3_A5:R;A10:R;A22:R;A28:R,CHEMBL9509,3
CHEMBL9509::en4_A5:S;A10:S;A22:S;A28:R,CHEMBL9509,4
CHEMBL95606::en0_A5:R;A7:R;A10:R;A12:S,CHEMBL95606,0
CHEMBL95606::en1_A5:S;A7:R;A10:R;A12:S,CHEMBL95606,1
CHEMBL95606::en2_A5:R;A7:S;A10:R;A12:S,CHEMBL95606,2
CHEMBL95606::en3_A5:S;A7:S;A10:R;A12:S,CHEMBL95606,3
CHEMBL95606::en4_A5:R;A7:R;A10:S;A12:S,CHEMBL95606,4
CHEMBL95636::en0_A7:R;A9:R,CHEMBL95636,0
CHEMBL95636::en1_A7:S;A9:R,CHEMBL95636,1
CHEMBL95636::en2_A7:R;A9:S,CHEMBL95636,2
CHEMBL95636::en3_A7:S;A9:S,CHEMBL95636,3
CHEMBL96172::en0_A4:R;A18:S;A25:R;A27:R;A29:R,CHEMBL96172,0
CHEMBL96172::en1_A4:S;A18:S;A25:R;A27:R;A29:R,CHEMBL96172,1
CHEMBL96172::en2_A4:R;A18:R;A25:R;A27:R;A29:R,CHEMBL96172,2
CHEMBL96172::en3_A4:S;A18:R;A25:R;A27:R;A29:R,CHEMBL96172,3
CHEMBL96172::en4_A4:R;A18:S;A25:S;A27:R;A29:R,CHEMBL96172,4
CHEMBL972::en0_A5:R,CHEMBL972,0
CHEMBL972::en1_A5:S,CHEMBL972,1
CHEMBL977::en0_A1:R;A10:S;A11:S;A12:R;A15:R;A17:R;A20:R,CHEMBL977,0
CHEMBL977::en1_A1:S;A10:S;A11:S;A12:R;A15:R;A17:R;A20:R,CHEMBL977,1
CHEMBL977::en2_A1:R;A10:R;A11:S;A12:R;A15:R;A17:R;A20:R,CHEMBL977,2
CHEMBL977::en3_A1:S;A10:R;A11:S;A12:R;A15:R;A17:R;A20:R,CHEMBL977,3
CHEMBL977::en4_A1:R;A10:S;A11:R;A12:R;A15:R;A17:R;A20:R,CHEMBL977,4
CHEMBL982::en0_A4:R;A6:S;A15:R;A23:R,CHEMBL982,0
CHEMBL982::en1_A4:S;A6:S;A15:R;A23:R,CHEMBL982,1
CHEMBL99::en0_A9:S,CHEMBL99,0
CHEMBL99::en1_A9:R,CHEMBL99,1
CHEMBL99::en2_A9:S,CHEMBL99,2
CHEMBL99::en3_A9:R,CHEMBL99,3
CHEMBL99::en4_A9:S,CHEMBL99,4
CHEMBL991::en0_A4:S;A7:R,CHEMBL991,0
CHEMBL991::en1_A4:R;A7:R,CHEMBL991,1
CHEMBL991::en2_A4:S;A7:S,CHEMBL991,2
CHEMBL991::en3_A4:R;A7:S,CHEMBL991,3
CHEMBL996::en0_A2:R;A27:R,CHEMBL996,0
CHEMBL996::en1_A2:S;A27:R,CHEMBL996,1
CHEMBL996::en2_A2:R;A27:S,CHEMBL996,2
CHEMBL996::en3_A2:S;A27:S,CHEMBL996,3
CHEMBL9960::en0_A2:S,CHEMBL9960,0
CHEMBL9960::en1_A2:R,CHEMBL9960,1
CHEMBL99701::en0_A1:S;A3:R;A23:R,CHEMBL99701,0
CHEMBL99701::en1_A1:R;A3:R;A23:R,CHEMBL99701,1
CHEMBL99701::en2_A1:S;A3:S;A23:R,CHEMBL99701,2
CHEMBL99701::en3_A1:R;A3:S;A23:R,CHEMBL99701,3
CHEMBL99701::en4_A1:S;A3:R;A23:S,CHEMBL99701,4
CHEMBL99946::en0_A7:R;A15:S,CHEMBL99946,0
CHEMBL99946::en1_A7:S;A15:S,CHEMBL99946,1
CHEMBL99946::en2_A7:R;A15:R,CHEMBL99946,2
CHEMBL99946::en3_A7:S;A15:R,CHEMBL99946,3
